"","1789-Washington","1793-Washington","1797-Adams","1801-Jefferson","1805-Jefferson","1809-Madison","1813-Madison","1817-Monroe","1821-Monroe","1825-Adams","1829-Jackson","1833-Jackson","1837-VanBuren","1841-Harrison","1845-Polk","1849-Taylor","1853-Pierce","1857-Buchanan","1861-Lincoln","1865-Lincoln","1869-Grant","1873-Grant","1877-Hayes","1881-Garfield","1885-Cleveland","1889-Harrison","1893-Cleveland","1897-McKinley","1901-McKinley","1905-Roosevelt","1909-Taft","1913-Wilson","1917-Wilson","1921-Harding","1925-Coolidge","1929-Hoover","1933-Roosevelt","1937-Roosevelt","1941-Roosevelt","1945-Roosevelt","1949-Truman","1953-Eisenhower","1957-Eisenhower","1961-Kennedy","1965-Johnson","1969-Nixon","1973-Nixon","1977-Carter","1981-Reagan","1985-Reagan","1989-Bush","1993-Clinton","1997-Clinton","2001-Bush","2005-Bush","2009-Obama","2013-Obama","2017-Trump","2021-Biden"
"senate",0.816609502202819,0,0.816609502202819,0,0,0,0,0,0,0,0,0,0,4.0830475110141,0,0.816609502202819,0,0,0,0,0,0,0,0,0,0.816609502202819,0,2.44982850660846,0,0,0,0.816609502202819,0,0,0,0,0,0,0,0,0.816609502202819,0,0,0,0,0,0,0,0,0,0.816609502202819,0,0,0,0,0,0,0,0
"house",1.24944795192781,0,1.87417192789172,0,0,0,0,0,0,0,0,0,0,2.49889590385562,0,0,0,0,0,0,0,0,0,0,0,0.624723975963906,0,1.24944795192781,0,0,0,0.624723975963906,0.624723975963906,0,0,0,0.624723975963906,0,0.624723975963906,0,0.624723975963906,0,0,0.624723975963906,0,0.624723975963906,0.624723975963906,0,0,0,1.24944795192781,0,0,0,0,0,0,0,0
"representative",1.03115901307768,0,1.03115901307768,0.515579506538838,0,0,0,0.515579506538838,0.515579506538838,1.03115901307768,0,0.515579506538838,0.515579506538838,2.57789753269419,0,0,0,0,0,0,0,0.515579506538838,0.515579506538838,0,0,0.515579506538838,0,0.515579506538838,0.515579506538838,0,0,0.515579506538838,0,2.06231802615535,1.54673851961651,0,0,0,0,0,0,0,0,0,0,0,0,0,0,0.515579506538838,0,0,0,0,0,0,0,0,0
"among",0.137383556062558,0,0.549534224250231,0.137383556062558,0.961684892437904,0,0.137383556062558,0.412150668187673,0.137383556062558,0.412150668187673,0.137383556062558,0.137383556062558,0.412150668187673,0.412150668187673,0.824301336375346,0.137383556062558,0,0.274767112125115,0.824301336375346,0.137383556062558,0.137383556062558,0,0.137383556062558,0.137383556062558,0.274767112125115,0.549534224250231,0.274767112125115,0.412150668187673,0.274767112125115,0.137383556062558,1.23645200456302,0,0,0.412150668187673,0.412150668187673,0.549534224250231,0,0.686917780312788,0,0,0.274767112125115,0.412150668187673,0.137383556062558,0,0.412150668187673,0.137383556062558,0.137383556062558,0.274767112125115,0.549534224250231,0.274767112125115,0,0.137383556062558,0,0,0.137383556062558,0,0.137383556062558,0,0
"life",0.0718820073061254,0,0.215646021918376,0.0718820073061254,0.143764014612251,0.0718820073061254,0.0718820073061254,0.0718820073061254,0.215646021918376,0.0718820073061254,0,0.0718820073061254,0.0718820073061254,0.0718820073061254,0.287528029224501,0,0.0718820073061254,0,0,0,0,0,0,0.143764014612251,0.215646021918376,0.215646021918376,0.287528029224501,0.0718820073061254,0.215646021918376,0.431292043836752,0.215646021918376,0.862584087673504,0.431292043836752,0.359410036530627,0.359410036530627,0.359410036530627,0.215646021918376,0.287528029224501,0.718820073061254,0.143764014612251,0.431292043836752,0.718820073061254,0.287528029224501,0.215646021918376,0.143764014612251,0.503174051142877,0.143764014612251,0.143764014612251,0.359410036530627,0.287528029224501,0.431292043836752,0.287528029224501,0.646938065755128,0.431292043836752,0.431292043836752,0.215646021918376,0.287528029224501,0.215646021918376,0.215646021918376
"event",1.03115901307768,0,0,0,0.515579506538838,0,0,2.06231802615535,2.06231802615535,0,0,1.54673851961651,2.06231802615535,0,0,0,0,2.06231802615535,1.03115901307768,0,0,1.03115901307768,0.515579506538838,0,0,0.515579506538838,0,0.515579506538838,1.03115901307768,0,0,0,0.515579506538838,0,0,0,1.03115901307768,0,0,0,0.515579506538838,1.03115901307768,0,0,0,0,0,0,0,0,0,0,0,0,1.03115901307768,0,0,0,0
"can",0.0890882169504825,0,0.0742401807920687,0.0222720542376206,0.059392144633655,0.0445441084752412,0.0222720542376206,0.059392144633655,0.0668161627128619,0.0222720542376206,0.0371200903960344,0.0222720542376206,0.0965122350296894,0.274688668930654,0.0965122350296894,0.0148480361584137,0.11878428926731,0.0519681265544481,0.222720542376206,0.0148480361584137,0.0222720542376206,0.0445441084752412,0.0222720542376206,0.103936253108896,0.0148480361584137,0.0445441084752412,0.0668161627128619,0.103936253108896,0.0222720542376206,0.0148480361584137,0.155904379663344,0.0296960723168275,0.0371200903960344,0.0816641988712756,0.215296524296999,0.126208307346517,0.0816641988712756,0.0742401807920687,0.0148480361584137,0.0296960723168275,0.11878428926731,0.0445441084752412,0.0742401807920687,0.0668161627128619,0.0668161627128619,0.133632325425724,0.103936253108896,0.0965122350296894,0.059392144633655,0.0668161627128619,0.0965122350296894,0.0445441084752412,0.059392144633655,0.0445441084752412,0.0519681265544481,0.103936253108896,0.0668161627128619,0.00742401807920687,0.126208307346517
"fill",0.594760752586463,0,0,0,0,0.594760752586463,0,0,0,0,0,0,0.594760752586463,0.594760752586463,1.18952150517293,0.594760752586463,0.594760752586463,0,0,0,0.594760752586463,0,0,0,0,0,0,0,0,0,0,0,0,0,0,0.594760752586463,0,0,0,0,0,0,0,0,0,0,0,0,0,1.18952150517293,0.594760752586463,0,0,0.594760752586463,0,0.594760752586463,0.594760752586463,0.594760752586463,0
"great",0.0599086238786114,0,0.0748857798482642,0.0599086238786114,0.0149771559696528,0,0.0149771559696528,0.374428899241321,0.434337523119932,0.134794403726876,0.0149771559696528,0.0599086238786114,0.134794403726876,0.419360367150279,0.10484009178757,0.0299543119393057,0.119817247757223,0.179725871635834,0.089862935817917,0.0149771559696528,0.089862935817917,0.089862935817917,0.149771559696528,0.20968018357514,0.0599086238786114,0.224657339544793,0.0149771559696528,0.284565963423404,0.089862935817917,0.0748857798482642,0.179725871635834,0.20968018357514,0.0748857798482642,0.10484009178757,0.284565963423404,0.134794403726876,0.0748857798482642,0.089862935817917,0.0449314679089585,0.0149771559696528,0.119817247757223,0.0449314679089585,0.10484009178757,0.0149771559696528,0.089862935817917,0.10484009178757,0.149771559696528,0.0299543119393057,0.134794403726876,0.10484009178757,0.179725871635834,0.0449314679089585,0.149771559696528,0.0599086238786114,0.089862935817917,0.0748857798482642,0.0748857798482642,0.089862935817917,0.0748857798482642
"anxiety",0.624723975963906,0,0.624723975963906,0,0,0,0,0.624723975963906,0,0.624723975963906,0,0.624723975963906,0,0,0,0,0.624723975963906,0,0.624723975963906,0,0,0.624723975963906,0,0,1.24944795192781,0,0.624723975963906,0,0.624723975963906,0.624723975963906,0,0,0,0,0,0,0,0.624723975963906,0,0,0,0.624723975963906,0,0,0,0,0,0,0,0,0,0,0,0,0,0,0,0,0
"order",0.531404066644476,0,1.06280813328895,0.265702033322238,0.797106099966715,0,0,0.265702033322238,1.32851016661119,0,0,0,0.265702033322238,0,0,0,0,0,0.265702033322238,0,0,0,0.531404066644476,0.531404066644476,0.265702033322238,1.32851016661119,0,0.531404066644476,1.32851016661119,0,1.59421219993343,0.265702033322238,0.531404066644476,2.65702033322238,0.531404066644476,0.531404066644476,0.531404066644476,0.797106099966715,0,0,0.531404066644476,0,0,0.265702033322238,0.265702033322238,0.265702033322238,0.265702033322238,0,0.265702033322238,0,0,0.265702033322238,0,0.265702033322238,0.265702033322238,0.265702033322238,0,0,0
"receive",0.469822015978163,0,0,0,0,0,0.939644031956326,0.469822015978163,0.939644031956326,0.469822015978163,0,0,1.40946604793449,1.40946604793449,0,0.469822015978163,0,0.469822015978163,0,0,0.469822015978163,1.40946604793449,0,0.469822015978163,0.469822015978163,0,0,0.469822015978163,0,0,0.469822015978163,0,0,0.469822015978163,0,0.469822015978163,0,0.469822015978163,0,0,0.469822015978163,0,0.939644031956326,0,0,0,0,0,0,0,0,0,0,0,0,0,0,0,0
"day",0.274767112125115,0,0.137383556062558,0.137383556062558,0.137383556062558,0,0,0.137383556062558,0,0,0,0.137383556062558,0.137383556062558,0.412150668187673,0,0.412150668187673,0.274767112125115,0.274767112125115,0,0,0.137383556062558,0.274767112125115,0,0.137383556062558,0,0.274767112125115,0.137383556062558,0.137383556062558,0.137383556062558,0.274767112125115,0.137383556062558,0.412150668187673,0.137383556062558,0,0.137383556062558,0,0.549534224250231,0.686917780312788,0.549534224250231,0.274767112125115,0,0.412150668187673,0.137383556062558,0.274767112125115,0.412150668187673,0.274767112125115,0.137383556062558,0.137383556062558,0.824301336375346,0.549534224250231,1.23645200456302,0,0.412150668187673,0.274767112125115,0.961684892437904,0.686917780312788,0,0.549534224250231,1.64860267275069
"present",0.95534207512667,0.191068415025334,0.764273660101336,0,0.573205245076002,0.382136830050668,0.191068415025334,0.95534207512667,0.573205245076002,0.191068415025334,0.382136830050668,0.382136830050668,1.52854732020267,0.95534207512667,0.764273660101336,0.191068415025334,0.95534207512667,0.95534207512667,0.95534207512667,0.191068415025334,0,0.573205245076002,0.382136830050668,0.382136830050668,0,0,0.382136830050668,1.146410490152,0.191068415025334,0,0.764273660101336,0,0.191068415025334,0.191068415025334,0.191068415025334,0.191068415025334,0.382136830050668,0.191068415025334,0.382136830050668,0,0,0,0,0.191068415025334,0,0,0.191068415025334,0,0.573205245076002,0,0,0,0,0.191068415025334,0,0,0,0,0.191068415025334
"one",0.21939467202938,0,0.054848668007345,0.32909200804407,0.054848668007345,0.10969733601469,0.10969733601469,0.10969733601469,0.32909200804407,0.21939467202938,0,0,0.32909200804407,1.48091403619832,1.04212469213956,0,0.274243340036725,0.164546004022035,0.822730020110175,0.10969733601469,0.21939467202938,0.21939467202938,0.274243340036725,0.21939467202938,0.10969733601469,0.054848668007345,0.054848668007345,0.32909200804407,0,0.054848668007345,0.43878934405876,0.10969733601469,0,0.383940676051415,0.603335348080795,0.164546004022035,0.164546004022035,0.21939467202938,0,0.054848668007345,0.054848668007345,0.274243340036725,0.10969733601469,0.054848668007345,0.274243340036725,0.383940676051415,0.274243340036725,0.10969733601469,0.43878934405876,0.76788135210283,0.10969733601469,0.054848668007345,0.54848668007345,0.054848668007345,0.493638012066105,0.10969733601469,0.32909200804407,0.493638012066105,0.822730020110175
"hand",0.858198043499428,0,0,0,0.214549510874857,0,0.214549510874857,0.643648532624571,0,0.643648532624571,0.214549510874857,0.429099021749714,1.07274755437428,1.93094559787371,1.28729706524914,0,0.429099021749714,0,0.858198043499428,0,0,0,0.214549510874857,0.429099021749714,0,0,0,0,0.643648532624571,0.214549510874857,1.501846576124,0.429099021749714,0.214549510874857,0,0.429099021749714,0,0.858198043499428,0.214549510874857,0.214549510874857,0,0,0.214549510874857,0,0.858198043499428,0.429099021749714,0.429099021749714,0,0,0.214549510874857,0.643648532624571,1.71639608699886,0.214549510874857,0.429099021749714,0,0.214549510874857,0.429099021749714,0,0.214549510874857,0.214549510874857
"summon",1.63321900440564,0,0,0,0,0,0,0,0,0,0,0,0,0,0,0,0.816609502202819,0,0,0,0,0,0,0,0,0,0,0,0,0,0,0.816609502202819,0,0.816609502202819,0,0,0,0,0,0,0,2.44982850660846,0,1.63321900440564,0,1.63321900440564,0,0,0,0,0.816609502202819,1.63321900440564,0,0,0,0,0,0,0
"country",0.113319923179719,0.0226639846359438,0.203975861723494,0.0679919539078314,0.113319923179719,0.113319923179719,0.135983907815663,0.249303830995382,0.18131187708755,0.203975861723494,0.0453279692718876,0.0679919539078314,0.339959769539157,0.521271646626707,0.407951723446988,0.135983907815663,0.135983907815663,0.203975861723494,0.0679919539078314,0,0.18131187708755,0.18131187708755,0.453279692718876,0.0453279692718876,0.0679919539078314,0.158647892451606,0.0226639846359438,0.339959769539157,0.0679919539078314,0.0226639846359438,0.271967815631325,0.0226639846359438,0,0.113319923179719,0.453279692718876,0.203975861723494,0.0226639846359438,0.0453279692718876,0.0226639846359438,0.0226639846359438,0.249303830995382,0.158647892451606,0.0226639846359438,0.0906559385437751,0.0226639846359438,0.0226639846359438,0.0679919539078314,0.0226639846359438,0.0679919539078314,0.0226639846359438,0.0679919539078314,0.0226639846359438,0,0.203975861723494,0.18131187708755,0.0453279692718876,0.135983907815663,0.271967815631325,0.0906559385437751
"whose",0.616908027486376,0,0,0.616908027486376,0.925362041229564,0.616908027486376,0.308454013743188,0.308454013743188,1.85072408245913,0,0.925362041229564,0,1.54227006871594,1.23381605497275,1.23381605497275,0.308454013743188,0,0.308454013743188,0.308454013743188,0,0,0,0.616908027486376,0.616908027486376,0,1.54227006871594,0.616908027486376,0.308454013743188,0,0,0.616908027486376,0,0,0,0,0.308454013743188,0,0.616908027486376,0,0,0.616908027486376,0,0,0.308454013743188,0,0,0,0,0.925362041229564,0,0,0.616908027486376,0.925362041229564,0.308454013743188,0,0.308454013743188,0,0,0
"voice",0.711757327342652,0.355878663671326,0.355878663671326,0.355878663671326,0,0,0.355878663671326,0,0,0.355878663671326,0,0,0,0,0,0.355878663671326,0.711757327342652,0.355878663671326,0,0,0,0,0.355878663671326,0.711757327342652,0,0.355878663671326,0,0.355878663671326,0,0,0,0,0,0,0.355878663671326,0,0,1.06763599101398,0.355878663671326,0,0.355878663671326,0,0.355878663671326,0,0,3.20290797304194,0,0,0,0.711757327342652,0.355878663671326,0.711757327342652,0.355878663671326,0,0.355878663671326,0,0.355878663671326,0.355878663671326,0
"never",0.197508307412853,0,0.0987541537064267,0.0987541537064267,0,0.0987541537064267,0.197508307412853,0.29626246111928,0.197508307412853,0,0.0987541537064267,0.197508307412853,0.790033229651414,1.08629569077069,0,0,0.395016614825707,0.59252492223856,0.691279075944987,0,0.0987541537064267,0.0987541537064267,0.0987541537064267,0.29626246111928,0.0987541537064267,0.197508307412853,0,0.0987541537064267,0,0.0987541537064267,0.395016614825707,0.0987541537064267,0.0987541537064267,1.18504984447712,0.493770768532134,0,0.197508307412853,0.0987541537064267,0.0987541537064267,0.0987541537064267,0.197508307412853,0.29626246111928,0.197508307412853,0.29626246111928,0.0987541537064267,0,0,0.197508307412853,0.29626246111928,0.29626246111928,0.0987541537064267,0,0.29626246111928,0.493770768532134,0.0987541537064267,0.197508307412853,0.197508307412853,0.59252492223856,0.29626246111928
"hear",0.594760752586463,0,0,0,0.594760752586463,0,0,0,0,1.18952150517293,0,0,0,0,0,0,0,0.594760752586463,0,0,0,0,0,0,0,0.594760752586463,0,0,0,0,0,0,0,0,0,0,0,0.594760752586463,0.594760752586463,0,0,0,0,0,0,2.37904301034585,0,0,0.594760752586463,0.594760752586463,1.18952150517293,1.18952150517293,0,0,0,0,1.18952150517293,1.18952150517293,2.37904301034585
"love",0.478746189199778,0,1.19686547299945,0.478746189199778,0.239373094599889,0,0,0,0.239373094599889,0,0,0,0,0.718119283799667,0,0.239373094599889,0,0.718119283799667,0.239373094599889,0,0,0,0.239373094599889,0.239373094599889,0.239373094599889,0.718119283799667,0.239373094599889,0.478746189199778,0.239373094599889,0,0,0.239373094599889,0.239373094599889,0.239373094599889,0.239373094599889,0.239373094599889,0,0,0,0,0,0.478746189199778,0.478746189199778,0.239373094599889,0,0.239373094599889,0,0.239373094599889,0.718119283799667,0.478746189199778,1.43623856759933,0,0,0.478746189199778,0.478746189199778,0,0.239373094599889,0.239373094599889,0.957492378399556
"choose",0.355878663671326,0,0,0.355878663671326,0,0,0,0.355878663671326,0,0,0,0,0.355878663671326,0,1.06763599101398,0.355878663671326,0,0,1.06763599101398,0,0,0.355878663671326,0.355878663671326,0,0.355878663671326,0,0.711757327342652,0.355878663671326,0,0,0,0.355878663671326,0.355878663671326,0,0.355878663671326,0.355878663671326,0,0.355878663671326,0,0,0,0.355878663671326,0,0,0,0.355878663671326,0,0,0,0,0.711757327342652,0.355878663671326,0.711757327342652,0.355878663671326,1.4235146546853,0.711757327342652,0.355878663671326,0,0
"hope",0.10969733601469,0,0.054848668007345,0.10969733601469,0,0.054848668007345,0,0,0.054848668007345,0.21939467202938,0.10969733601469,0,0.493638012066105,0.21939467202938,0.10969733601469,0.164546004022035,0.383940676051415,0.054848668007345,0.164546004022035,0.10969733601469,0.054848668007345,0,0.054848668007345,0.10969733601469,0.054848668007345,0.164546004022035,0.10969733601469,0.054848668007345,0.054848668007345,0,0.603335348080795,0.10969733601469,0.054848668007345,0.21939467202938,0.383940676051415,0.274243340036725,0.054848668007345,0.10969733601469,0.164546004022035,0.054848668007345,0.21939467202938,0.493638012066105,0.43878934405876,0.21939467202938,0.21939467202938,0.274243340036725,0.10969733601469,0.10969733601469,0.21939467202938,0.164546004022035,0.383940676051415,0.10969733601469,0.10969733601469,0.10969733601469,0.383940676051415,0.164546004022035,0.10969733601469,0.054848668007345,0.164546004022035
"decision",0.409124175624551,0,0,0.409124175624551,0.409124175624551,0.409124175624551,0,0,1.22737252687365,0,0,0,0,0.818248351249103,0,0.409124175624551,0.409124175624551,0.409124175624551,1.6364967024982,0,0,0,0.818248351249103,0,0,0.409124175624551,0,0,0,0,0,0,0,0.409124175624551,0.409124175624551,0,0.409124175624551,0.409124175624551,0,0,0,0,0,0,0,0,0.409124175624551,0,0.409124175624551,0.409124175624551,0.409124175624551,0,0,0,0,0.409124175624551,0.409124175624551,0.409124175624551,0
"year",0.089610774266557,0,0.448053871332785,0,0.358443097066228,0,0,0.179221548533114,0.89610774266557,0.716886194132456,0,0.089610774266557,0.268832322799671,0.537664645599342,0.179221548533114,0,0.089610774266557,0.179221548533114,0.358443097066228,0.358443097066228,0.358443097066228,0.268832322799671,0.179221548533114,0.358443097066228,0.089610774266557,0.268832322799671,0,0.985718516932127,0.358443097066228,0,0.448053871332785,0.268832322799671,0.268832322799671,0,0.268832322799671,0.179221548533114,0.089610774266557,0.448053871332785,0.627275419865899,0.179221548533114,0.179221548533114,0,0.089610774266557,0.179221548533114,0.268832322799671,0.537664645599342,0.806496968399013,0.179221548533114,0.179221548533114,0.716886194132456,0.179221548533114,0,0.268832322799671,0.179221548533114,0.268832322799671,0.268832322799671,0.448053871332785,0.179221548533114,0.358443097066228
"render",1.31381731867061,0,0,0,0.656908659335307,1.31381731867061,1.31381731867061,1.31381731867061,0,0.656908659335307,0.656908659335307,0,0,0.656908659335307,0,0,0.656908659335307,0,0,0,0,0.656908659335307,0,0,0,0,0,0,0,0,0.656908659335307,0,0,0.656908659335307,0,0,0,0,0,0,0,0,0,0,0,0,0,0,0,0.656908659335307,0,0,0,0,0,0,0,0,0
"every",0.493638012066105,0,0.274243340036725,0.10969733601469,0.21939467202938,0.10969733601469,0.274243340036725,0.76788135210283,0.713032684095485,0.274243340036725,0.054848668007345,0,1.0969733601469,0.713032684095485,0.603335348080795,0.054848668007345,0.493638012066105,0.274243340036725,0.21939467202938,0.10969733601469,0.32909200804407,0.054848668007345,0.32909200804407,0.21939467202938,0.274243340036725,0.274243340036725,0.493638012066105,0.65818401608814,0.164546004022035,0.164546004022035,0.43878934405876,0.43878934405876,0,0.21939467202938,0.21939467202938,0.164546004022035,0.21939467202938,0.21939467202938,0.164546004022035,0,0.10969733601469,0.21939467202938,0,0.10969733601469,0.32909200804407,0,0.383940676051415,0,0.10969733601469,0.274243340036725,0.054848668007345,0.164546004022035,0.603335348080795,0.32909200804407,0.54848668007345,0.43878934405876,0.383940676051415,0.383940676051415,0.10969733601469
"much",0.365871865774804,0,0.487829154366406,0.182935932887402,0.121957288591601,0.213425255035302,0.182935932887402,0.518318476514306,0.579297120810107,0.487829154366406,0.0914679664437011,0.0914679664437011,0.426850510070605,1.31104085235972,0.518318476514306,0.121957288591601,0.335382543626904,0.426850510070605,0.426850510070605,0.0304893221479004,0.0914679664437011,0,0,0.335382543626904,0.0914679664437011,0.487829154366406,0.213425255035302,0.731743731549608,0.243914577183203,0.182935932887402,0.701254409401708,0.182935932887402,0.365871865774804,0.182935932887402,1.12810491947231,0.85370102014121,0.152446610739502,0.213425255035302,0.304893221479004,0,0.365871865774804,0.274403899331103,0.182935932887402,0.152446610739502,0.243914577183203,0.365871865774804,0.396361187922705,0.152446610739502,0.182935932887402,0.487829154366406,0.213425255035302,0.274403899331103,0.274403899331103,0.243914577183203,0.152446610739502,0.274403899331103,0.304893221479004,0.0609786442958007,0.518318476514306
"necessary",0.616908027486376,0,0.925362041229564,0.616908027486376,0.308454013743188,0,0.925362041229564,0.925362041229564,2.15917809620232,0,0,0,0.925362041229564,2.4676321099455,0.925362041229564,0.616908027486376,0.308454013743188,1.85072408245913,0.616908027486376,0,0.925362041229564,0,0,0.616908027486376,0,1.85072408245913,0.616908027486376,0.616908027486376,0.308454013743188,0,3.08454013743188,0,0,0.308454013743188,1.85072408245913,0,0,0.308454013743188,0,0,0,0,0,0,0,0,0,0.308454013743188,0,0,0,0.308454013743188,0.308454013743188,0.308454013743188,0.616908027486376,0,0,0,0
"good",0.0371200903960344,0,0.0890882169504825,0.0742401807920687,0.059392144633655,0.059392144633655,0.00742401807920687,0.111360271188103,0.0965122350296894,0.0222720542376206,0.0296960723168275,0.0296960723168275,0.0519681265544481,0.207872506217792,0.059392144633655,0.0148480361584137,0.0890882169504825,0.0816641988712756,0.0965122350296894,0.00742401807920687,0.0668161627128619,0.0816641988712756,0.0890882169504825,0.0668161627128619,0.059392144633655,0.133632325425724,0.0519681265544481,0.111360271188103,0.0519681265544481,0.0371200903960344,0.111360271188103,0.0668161627128619,0.0148480361584137,0.0965122350296894,0.0890882169504825,0.0296960723168275,0.0519681265544481,0.0890882169504825,0.0148480361584137,0.00742401807920687,0.0371200903960344,0.0296960723168275,0.0222720542376206,0.059392144633655,0.0148480361584137,0.059392144633655,0.0742401807920687,0.0519681265544481,0.0445441084752412,0.0816641988712756,0.111360271188103,0.0445441084752412,0.0519681265544481,0.059392144633655,0.0519681265544481,0.0519681265544481,0.0371200903960344,0.0148480361584137,0.0816641988712756
"habit",0.691670765594519,0,0,0,2.07501229678356,0,0.691670765594519,0,0,0.691670765594519,0.691670765594519,0,0.691670765594519,0,0.691670765594519,0,0,0,0,0,0,0,0,0,0.691670765594519,0,0,0,0,0,0,0.691670765594519,0,0,0,0,0,0,0,0,0,0,0,0,0,0,0,0,0,0,0,0.691670765594519,0,0,1.38334153118904,0.691670765594519,0,0,0
"health",0.624723975963906,0,0,0,0,0,0,0,0,0,0,0,0,1.24944795192781,0,0,0,0,0,0,0,0,0,0,0,0,1.24944795192781,0,0,0,0,1.24944795192781,0,0,0,2.49889590385562,0,0,0,0,0,0.624723975963906,0,0,0,0,0.624723975963906,0,0,0,0,0.624723975963906,0.624723975963906,0.624723975963906,0.624723975963906,1.24944795192781,0.624723975963906,0,0.624723975963906
"waste",0.624723975963906,0,0,0,0,0,0,0,0.624723975963906,0,0,0,0,0,0,0,0.624723975963906,0,0,0,0,0,0,0.624723975963906,0.624723975963906,0,1.24944795192781,0.624723975963906,0.624723975963906,0,0.624723975963906,1.87417192789172,0,0.624723975963906,1.87417192789172,0,0,0,0,0,0,0,0,0,0.624723975963906,0,0,0,0,0,0,0,1.24944795192781,0,0,0,0,0,0
"commit",0.469822015978163,0,0.469822015978163,0.469822015978163,0,0,0,0.469822015978163,0.939644031956326,0.469822015978163,0,0,0.469822015978163,2.34911007989082,0.469822015978163,0.469822015978163,0,0,0,0,0,0.469822015978163,0,0.469822015978163,0.469822015978163,0,0,0.469822015978163,0.469822015978163,0,0,0,0,0,0.469822015978163,0.469822015978163,0,0,0,0,0,0,0,0.939644031956326,0,0.939644031956326,0,0,0,0,0,0,0,0,0,0,0.469822015978163,0,0
"time",0.0384582518191757,0,0.115374755457527,0,0.230749510915054,0.0384582518191757,0,0.192291259095878,0.307666014553405,0.230749510915054,0.0384582518191757,0.0769165036383513,0.26920776273423,0.423040770010932,0.192291259095878,0.0384582518191757,0.26920776273423,0.26920776273423,0.192291259095878,0.0384582518191757,0,0.115374755457527,0.26920776273423,0.230749510915054,0.153833007276703,0.153833007276703,0.0384582518191757,0.230749510915054,0.115374755457527,0,0.307666014553405,0.0384582518191757,0.115374755457527,0.0384582518191757,0.153833007276703,0.115374755457527,0.192291259095878,0.115374755457527,0.0769165036383513,0.0384582518191757,0.153833007276703,0.192291259095878,0.230749510915054,0.0769165036383513,0.153833007276703,0.26920776273423,0.26920776273423,0.192291259095878,0.346124266372581,0.499957273649284,0.346124266372581,0.26920776273423,0.499957273649284,0.26920776273423,0.307666014553405,0.230749510915054,0.423040770010932,0.0769165036383513,0.153833007276703
"difficulty",0.492098410689315,0,0,0.98419682137863,0,1.47629523206795,0,0.98419682137863,0.492098410689315,0.492098410689315,0,0.492098410689315,1.47629523206795,2.95259046413589,0.492098410689315,0,0,0.492098410689315,0.98419682137863,0,0,0,0,0,0,1.47629523206795,0,0.98419682137863,0.492098410689315,0,0,0,0,0,0.492098410689315,0,0.492098410689315,0,0,0,0,0,0,0,0,0,0,0,0,0.492098410689315,0,0,0,0,0.492098410689315,0,0,0,0
"trust",0.382136830050668,0,0,0.764273660101336,0.382136830050668,0.382136830050668,0.191068415025334,0.764273660101336,0.764273660101336,0.382136830050668,0.382136830050668,0,1.146410490152,0.764273660101336,0,0.191068415025334,0.382136830050668,0.382136830050668,0.382136830050668,0.191068415025334,0.382136830050668,0.191068415025334,0.573205245076002,0.191068415025334,0.573205245076002,0.191068415025334,0.191068415025334,0.573205245076002,0.191068415025334,0,0,0.191068415025334,0,0,0,0.191068415025334,0.382136830050668,0,0,0,0,0.382136830050668,0,0,0.191068415025334,0,0.191068415025334,0.382136830050668,0,0.382136830050668,0,0,0.191068415025334,0.382136830050668,0.191068415025334,0.382136830050668,0,0,0.191068415025334
"call",0.179221548533114,0.089610774266557,0.089610774266557,0.268832322799671,0.268832322799671,0.089610774266557,0.268832322799671,0.268832322799671,0.268832322799671,0.179221548533114,0.089610774266557,0.179221548533114,0.179221548533114,0.627275419865899,0,0.268832322799671,0.268832322799671,0.089610774266557,0.089610774266557,0.089610774266557,0,0.268832322799671,0.179221548533114,0,0.089610774266557,0.268832322799671,0.089610774266557,0.179221548533114,0,0.089610774266557,0.358443097066228,0.089610774266557,0,0.627275419865899,0,0.179221548533114,0.179221548533114,0.179221548533114,0.089610774266557,0,0,0.268832322799671,0.268832322799671,0.358443097066228,0.179221548533114,0.179221548533114,0,0,0.448053871332785,0.179221548533114,0.179221548533114,0.448053871332785,0.089610774266557,0.537664645599342,0.179221548533114,0.179221548533114,0.089610774266557,0,0.268832322799671
"sufficient",0.428429330819938,0,0.428429330819938,0,0.428429330819938,0,0.428429330819938,0.856858661639876,0.856858661639876,0.428429330819938,0,0,0.856858661639876,0.856858661639876,0,0.856858661639876,0.856858661639876,0.428429330819938,0,0,0,0,0,0,0,1.28528799245981,0,0.856858661639876,0.428429330819938,0,1.28528799245981,0,0,0,0.856858661639876,0.428429330819938,0,0.428429330819938,0,0,0,0,0,0.428429330819938,0,0,0,0.428429330819938,0.856858661639876,0,0,0,0,0,0,0,0,0,0
"wise",0.781281539861076,0,0.390640769930538,0.390640769930538,0,0,0,0.781281539861076,0,0.390640769930538,0,0,0.781281539861076,0.390640769930538,1.17192230979161,0.390640769930538,0.390640769930538,1.56256307972215,0.781281539861076,0,0,0.390640769930538,1.56256307972215,0,0,0.390640769930538,0.781281539861076,0.781281539861076,0.390640769930538,0,0.390640769930538,0,0,0.390640769930538,0.781281539861076,0.390640769930538,0,0,0,0,0.390640769930538,0,0,0,0,0,0,0,0,0,0.390640769930538,0,0,0,0,0,0,0,0
"experience",0.64738796059985,0,0.64738796059985,0.323693980299925,0.323693980299925,0,0,1.61846990149962,1.2947759211997,0.323693980299925,0.323693980299925,0.323693980299925,2.5895518423994,0.971081940899775,0.971081940899775,0.323693980299925,1.2947759211997,0.64738796059985,0.323693980299925,0,0,0.323693980299925,0,0.971081940899775,0,0.323693980299925,0,0.64738796059985,0,0,0,0,0,0,1.61846990149962,0.323693980299925,0.323693980299925,0.323693980299925,0.323693980299925,0,0.64738796059985,0,0,0,0.323693980299925,0,0,0,0,0,0.323693980299925,0,0,0,0,0,0,0,0
"citizen",0.186304568165421,0.0465761420413551,0.139728426124065,0.232880710206776,0.465761420413551,0,0.139728426124065,0.419185278372196,0.652065988578972,0.139728426124065,0.0931522840827103,0.139728426124065,0.326032994289486,1.25755583511659,0.465761420413551,0.0465761420413551,0.139728426124065,0.232880710206776,0.279456852248131,0,0.186304568165421,0.0465761420413551,0.372609136330841,0.232880710206776,0.465761420413551,0.279456852248131,0.326032994289486,0.326032994289486,0,0.0465761420413551,0.232880710206776,0,0.139728426124065,0.0465761420413551,0.186304568165421,0.512337562454906,0.0465761420413551,0.0931522840827103,0.0465761420413551,0.0465761420413551,0.0465761420413551,0.279456852248131,0,0.232880710206776,0.186304568165421,0.0465761420413551,0.0465761420413551,0,0.139728426124065,0.279456852248131,0.139728426124065,0.0931522840827103,0.326032994289486,0.465761420413551,0.326032994289486,0.0465761420413551,0.372609136330841,0.186304568165421,0.0465761420413551
"nature",1.28528799245981,0,0,0.428429330819938,0.856858661639876,0,0.428429330819938,1.28528799245981,0,1.28528799245981,0,0,0.856858661639876,0,1.28528799245981,0,0,0.428429330819938,0.856858661639876,0,0,0,0,0,0,0,0.428429330819938,0.428429330819938,0,0,0.428429330819938,0.428429330819938,0,0.428429330819938,0.856858661639876,0,0.428429330819938,0,0,0,0,0.428429330819938,0,0,0.856858661639876,0.428429330819938,0.856858661639876,0,0,0,0,0,0,0,0.428429330819938,0,0,0,0
"duty",0.54047089980285,0,0.32428253988171,0.21618835992114,0.864753439684561,0.32428253988171,0.10809417996057,0.972847619645131,0.648565079763421,0.972847619645131,0.32428253988171,0.43237671984228,0.54047089980285,1.72950687936912,1.72950687936912,0.648565079763421,0.54047089980285,0.54047089980285,0.43237671984228,0,0.10809417996057,0.10809417996057,0.43237671984228,0.648565079763421,0.54047089980285,1.40522433948741,0.32428253988171,1.18903597956627,0.43237671984228,0.32428253988171,0.864753439684561,0.32428253988171,0.43237671984228,0.32428253988171,0.54047089980285,0.32428253988171,0.43237671984228,0.10809417996057,0,0,0.21618835992114,0.10809417996057,0.10809417996057,0,0,0,0,0.10809417996057,0,0,0.10809417996057,0,0,0.43237671984228,0.43237671984228,0.21618835992114,0.21618835992114,0,0.21618835992114
"civil",0.279490317807872,0,0,0.279490317807872,0.279490317807872,0.279490317807872,0,0,0.558980635615743,0.279490317807872,0.279490317807872,0,0.558980635615743,0.838470953423615,0.279490317807872,0.558980635615743,0,0.838470953423615,0.279490317807872,0.279490317807872,0.279490317807872,0.838470953423615,0.838470953423615,0.558980635615743,0.558980635615743,1.39745158903936,0,0.558980635615743,1.11796127123149,0,0.279490317807872,0,0,0.279490317807872,0,0.279490317807872,0,0,0,0,0,0,0,0,0,0,0,0,0,0,0.279490317807872,0.558980635615743,0.279490317807872,0.558980635615743,0,0.279490317807872,0,0,0.558980635615743
"administration",0.504676143528513,0.252338071764257,0.75701421529277,0.75701421529277,0.252338071764257,0,0.252338071764257,1.00935228705703,0.504676143528513,0.75701421529277,0,0.504676143528513,0,1.00935228705703,1.26169035882128,0.252338071764257,1.51402843058554,0.75701421529277,1.51402843058554,0,0.252338071764257,0.252338071764257,1.00935228705703,1.7663665023498,0.504676143528513,1.00935228705703,0,0.504676143528513,0.504676143528513,0,2.27104264587831,0,0,1.26169035882128,0.75701421529277,1.26169035882128,0,0,0,0,0.252338071764257,0,0,0.252338071764257,0,0.252338071764257,0,0,0.252338071764257,0,0,0,0,0,0,0,0,0.252338071764257,0
"conflict",0.409124175624551,0,0,0.409124175624551,0,0,0,0.409124175624551,1.6364967024982,0.818248351249103,0.409124175624551,0,1.22737252687365,0,0.409124175624551,0.818248351249103,0.409124175624551,0,0.409124175624551,0.818248351249103,0,0,0.409124175624551,0.409124175624551,0.409124175624551,0,0,0,0,0,0.818248351249103,0,0,0.409124175624551,0.409124175624551,0,0,0,0,0,0,0.409124175624551,0.818248351249103,0,0,0,0.818248351249103,0,0.409124175624551,0,0,0,0,0,0,0.818248351249103,0,0,0
"dare",1.63321900440564,0,0,0,0.816609502202819,0,0,0,0,0,0,0,0.816609502202819,0,0,0,0,0,0,0.816609502202819,0,0,0,0,0,0,0,0,0,0,0,0.816609502202819,0,0,0,0,0,0,0,0,0,0.816609502202819,0,2.44982850660846,0,0,0,0,0,1.63321900440564,0,0,0.816609502202819,0,0,0,0,0,0
"faithful",0.372912002970107,0,0,0.372912002970107,0.372912002970107,0,0.372912002970107,2.23747201782064,0.372912002970107,0.745824005940213,0.745824005940213,0,0.372912002970107,0.372912002970107,0,0.372912002970107,0.372912002970107,0.372912002970107,0,0,0.372912002970107,0,0,0.372912002970107,0.372912002970107,0.372912002970107,0,0.745824005940213,1.49164801188043,0,0.372912002970107,0,0,0,0,0,0.372912002970107,0.372912002970107,0,0,0,0,0,0.372912002970107,0.372912002970107,0,0,0,0,0,0,0,0,0,0,0.372912002970107,0,0,0
"collect",0.867762024650201,0,0,0,2.6032860739506,0,0,0,1.7355240493004,0,0,0,0,0.867762024650201,1.7355240493004,0,0,0.867762024650201,0.867762024650201,0,1.7355240493004,0,0,0,0,0,0,0,0,0,0,0,0,0,0,0,0,0,0,0,0,0,0,0,0,0,0,0,0,0,0,0,0,0,0,0,0,0,0
"just",0.143764014612251,0,0.0718820073061254,0,0.215646021918376,0.143764014612251,0.0718820073061254,0.718820073061254,0.359410036530627,0.143764014612251,0.215646021918376,0.143764014612251,0.431292043836752,0.215646021918376,0.431292043836752,0.143764014612251,0.215646021918376,0.143764014612251,0,0.143764014612251,0.0718820073061254,0,0.143764014612251,0,0.0718820073061254,0.431292043836752,0.143764014612251,0.143764014612251,0.0718820073061254,0.0718820073061254,0.287528029224501,0.0718820073061254,0.143764014612251,0.0718820073061254,0,0.0718820073061254,0,0.0718820073061254,0,0.0718820073061254,0.143764014612251,0.143764014612251,0,0.0718820073061254,0.0718820073061254,0.0718820073061254,0.431292043836752,0.287528029224501,0.215646021918376,0.0718820073061254,0.215646021918376,0.0718820073061254,0.143764014612251,0.143764014612251,0.215646021918376,0.215646021918376,0.359410036530627,0.0718820073061254,0.359410036530627
"circumstance",1.40946604793449,0,0,0,0.469822015978163,0.939644031956326,0,1.40946604793449,2.34911007989082,0.469822015978163,0,0.469822015978163,2.34911007989082,3.28875411184714,0.469822015978163,0,1.40946604793449,0,1.40946604793449,0,0,0.469822015978163,0.939644031956326,0,0.469822015978163,0,0,0.939644031956326,0,0,0,0,0.469822015978163,0,0,0,0,0.469822015978163,0,0,0,0,0,0,0,0,0,0,0,0,0.469822015978163,0,0,0.469822015978163,0,0,0,0,0
"may",0.243914577183203,0.0304893221479004,0.426850510070605,0.274403899331103,0.365871865774804,0.0609786442958007,0.121957288591601,0.426850510070605,0.579297120810107,0.0914679664437011,0.121957288591601,0.121957288591601,0.457339832218505,1.37201949665552,0.457339832218505,0.121957288591601,0.335382543626904,0.548807798662206,0.487829154366406,0.121957288591601,0.152446610739502,0.0914679664437011,0.182935932887402,0.213425255035302,0.121957288591601,0.457339832218505,0.121957288591601,0.365871865774804,0.0914679664437011,0,0.640275765105907,0.152446610739502,0.0609786442958007,0.304893221479004,0.335382543626904,0.182935932887402,0.243914577183203,0.0304893221479004,0.0609786442958007,0.0304893221479004,0.0609786442958007,0.152446610739502,0.457339832218505,0.0914679664437011,0.0304893221479004,0,0.0609786442958007,0.0914679664437011,0.0609786442958007,0.0914679664437011,0.121957288591601,0.0304893221479004,0.152446610739502,0,0.0914679664437011,0.152446610739502,0.121957288591601,0,0.182935932887402
"affect",0.56673202898622,0,0,0,0,0,0,1.13346405797244,2.26692811594488,0,0,0,1.13346405797244,0,0.56673202898622,0,0.56673202898622,0,0.56673202898622,0,0,0,0,0,0,0.56673202898622,0,0.56673202898622,0,0,1.70019608695866,0,0.56673202898622,0,0.56673202898622,1.13346405797244,0,0,0,0,0.56673202898622,0.56673202898622,0,0,0,0,0,0,0,0,0,0.56673202898622,0,0,0,0,0,0,0
"execute",0.98419682137863,0.492098410689315,0.492098410689315,0,0,0,0,0,0.98419682137863,0,0.492098410689315,0,0.492098410689315,0.492098410689315,1.47629523206795,0.98419682137863,0,0.98419682137863,0.98419682137863,0,0.98419682137863,0,0,0.492098410689315,0.98419682137863,0.98419682137863,0,0.98419682137863,0.98419682137863,0,0,0,0,0,0,0.492098410689315,0,0,0,0,0,0,0,0,0,0,0,0,0,0,0,0,0,0,0,0,0.492098410689315,0,0
"task",0.308454013743188,0,0,0.308454013743188,0,0,0,0,0,0,0.616908027486376,0,0.308454013743188,0,0.308454013743188,0,0,0,0.308454013743188,0,0,0,0.308454013743188,0,0,0,0.616908027486376,0,0.616908027486376,0.925362041229564,0,0.925362041229564,0.925362041229564,2.4676321099455,0,0.308454013743188,1.23381605497275,0.308454013743188,0.925362041229564,0,0.308454013743188,0.308454013743188,0,0,0,0.925362041229564,0,0.308454013743188,0,0.308454013743188,0,0.308454013743188,0.308454013743188,0.308454013743188,0.925362041229564,0.616908027486376,0.616908027486376,0,0.308454013743188
"grateful",0.594760752586463,0,0,0.594760752586463,0,0,0,0.594760752586463,0.594760752586463,0.594760752586463,0,0,0.594760752586463,0,0,0,0.594760752586463,0.594760752586463,0,0,0,0,0,0,0,0,0.594760752586463,0,0,0,0,0,0,0.594760752586463,0,0,0,0,0,0,0,0,0,0,0,0,0,0,0.594760752586463,0,0,0,0.594760752586463,0,0.594760752586463,0.594760752586463,0,0.594760752586463,0
"former",1.54170402328429,0,0,0,0.770852011642144,0,0,0.770852011642144,0.770852011642144,0,0,0,0,6.16681609313715,0,0,0,0,0,0,0,0.770852011642144,1.54170402328429,0,0,0,0,0.770852011642144,0,0,0,0,0,0,0.770852011642144,0,0,0,0,0,0,0,0,0,0,0,0,0,0,0,0,0,0,0,0,0.770852011642144,0,0,0
"instance",1.45891865296784,0.729459326483919,0,0,0,0,0,0,2.91783730593568,0,0,0,2.91783730593568,3.6472966324196,0.729459326483919,0,0,0.729459326483919,1.45891865296784,0,0,0,0.729459326483919,0,0,0,0,0,0,0,1.45891865296784,0,0,0.729459326483919,0,0,0,0,0,0,0,0,0,0,0,0,0,0,0,0,0,0,0,0,0,0,0,0,0
"proof",0.729459326483919,0,0.729459326483919,0,0.729459326483919,0.729459326483919,0.729459326483919,2.91783730593568,2.18837797945176,0,0,0,0.729459326483919,0,0,0,0,0,0,0,0,0,0,0,0,1.45891865296784,0,0,0,0,0,0,0,0,0,0,0,0,0,0,0.729459326483919,0,0,0.729459326483919,0,0,0,0,0,0,0,0,0,0,0,0,0,0,0
"confidence",0.295205442488487,0.147602721244244,0.147602721244244,0.590410884976975,0.147602721244244,0.442808163732731,0.295205442488487,0.295205442488487,0.590410884976975,0.442808163732731,0.147602721244244,0.442808163732731,1.03321904870971,1.03321904870971,0.147602721244244,0.295205442488487,0.590410884976975,0.147602721244244,0.147602721244244,0,0,0,0.147602721244244,0,0.295205442488487,0,0.590410884976975,0.295205442488487,0.147602721244244,0.147602721244244,0,0,0.147602721244244,0.590410884976975,0.295205442488487,0.442808163732731,0.295205442488487,0.147602721244244,0,0.147602721244244,0,0.147602721244244,0.147602721244244,0,0,0.147602721244244,0.147602721244244,0.147602721244244,0,0.147602721244244,0,0.147602721244244,0,0,0.295205442488487,0.295205442488487,0,0.147602721244244,0
"fellow",0.382136830050668,0.191068415025334,0,0.95534207512667,1.52854732020267,0,0,0,1.71961573522801,0.573205245076002,0.382136830050668,0.573205245076002,1.146410490152,0,0.764273660101336,0,0,0.191068415025334,0,0,0,0,0.764273660101336,0,0.382136830050668,0,0.191068415025334,0.191068415025334,0,0.191068415025334,0.382136830050668,0,0.382136830050668,0,0.191068415025334,0,0.382136830050668,0,0,0.382136830050668,0.191068415025334,0.382136830050668,0,0.764273660101336,0.764273660101336,0.382136830050668,0.191068415025334,0,0.573205245076002,0.573205245076002,0.382136830050668,0.95534207512667,1.33747890517734,0.191068415025334,0.573205245076002,0.191068415025334,0.573205245076002,0.191068415025334,0.95534207512667
"little",0.322623726454522,0,0.322623726454522,0.161311863227261,0.161311863227261,0,0.241967794840892,0.564591521295414,0.241967794840892,0.161311863227261,0,0,0.241967794840892,0.241967794840892,0.161311863227261,0.0806559316136305,0.161311863227261,0.322623726454522,0.403279658068153,0.241967794840892,0.0806559316136305,0.161311863227261,0.0806559316136305,0.241967794840892,0.161311863227261,0.322623726454522,0.161311863227261,0.0806559316136305,0.241967794840892,0.0806559316136305,0.161311863227261,0.0806559316136305,0.0806559316136305,0.322623726454522,0.483935589681783,0.161311863227261,0.161311863227261,0.0806559316136305,0.241967794840892,0,0,0.161311863227261,0.322623726454522,0.161311863227261,0,0,0.161311863227261,0,0.0806559316136305,0.0806559316136305,0.0806559316136305,0.241967794840892,0.241967794840892,0.0806559316136305,0,0.564591521295414,0.0806559316136305,0.0806559316136305,0.0806559316136305
"care",0.64738796059985,0,0,0.323693980299925,0,0.323693980299925,0,0.323693980299925,0.323693980299925,0,0.64738796059985,0,0,0.64738796059985,1.2947759211997,0.971081940899775,0,0,0.323693980299925,0.323693980299925,0,0,0.323693980299925,0,0.323693980299925,0.64738796059985,0,0.64738796059985,0.64738796059985,0.323693980299925,0,0,0,0.323693980299925,0,0,0,0,0,0,0,0.64738796059985,0,0,0,0.323693980299925,0,0,0,0.323693980299925,0.64738796059985,0.64738796059985,0.64738796059985,0.323693980299925,0,0.64738796059985,1.61846990149962,0,0.64738796059985
"error",0.729459326483919,0,0,2.91783730593568,0.729459326483919,0.729459326483919,0,0,0.729459326483919,0.729459326483919,0,0,1.45891865296784,5.10621528538743,1.45891865296784,0,0,0,0,0,0,0,0,0,0,0,0,0,0,0,0,0,0.729459326483919,0,0,0,0,0,0,0,0,0,0,0,0,0,0,0,0,0.729459326483919,0,0,0,0,0,0,0,0,0
"motive",0.656908659335307,0,0,0,0.656908659335307,0.656908659335307,0,0.656908659335307,0,0,0,0,0.656908659335307,2.62763463734123,0,0,0.656908659335307,0.656908659335307,0,0,0,0,1.97072597800592,0,0,1.31381731867061,0,0,0,0,0.656908659335307,0,0.656908659335307,0,0,0,0,0,0,0,0,0,0,0,0,0,0,0,0,0,0.656908659335307,0,0,0,0,0,0,0,0
"consequence",0.56673202898622,0,0.56673202898622,0,0,0,0,0,1.13346405797244,0,0,0,1.13346405797244,2.26692811594488,1.13346405797244,0,0,1.13346405797244,1.13346405797244,0,0,0,0,0,0,0,0,0,0.56673202898622,0,0.56673202898622,0.56673202898622,0.56673202898622,0.56673202898622,0.56673202898622,0,0,0,0,0,0,0,0,0,0,0,0.56673202898622,0,0,0,0,0,0,0,0,0.56673202898622,0,0,0
"judge",1.13346405797244,0,0,0,0,0,0,0,0.56673202898622,0,0,0.56673202898622,0,0,0,0.56673202898622,0.56673202898622,0,0.56673202898622,1.13346405797244,0,0,0.56673202898622,0,0,0,0,0,0,0,0,0.56673202898622,0,0,0.56673202898622,1.13346405797244,0,0,0,0,0,0,0,0.56673202898622,0.56673202898622,0,0,0,0,0,0,0,0,0,0.56673202898622,0.56673202898622,0,0,0.56673202898622
"share",0.711757327342652,0,0,0,0,0,0.355878663671326,0,0,0,0.355878663671326,0.355878663671326,0,1.06763599101398,0,0.355878663671326,0,0.355878663671326,0,0,0.355878663671326,0.711757327342652,0,0.355878663671326,1.06763599101398,0,0,0.355878663671326,0,0,0,0,0,0.711757327342652,0.711757327342652,0.711757327342652,0,0,0,0,0.355878663671326,0,1.06763599101398,0.355878663671326,0.355878663671326,1.77939331835663,1.4235146546853,0.355878663671326,1.06763599101398,0,0.711757327342652,0,0,1.06763599101398,0,0,0,0.711757327342652,0
"obedience",0.770852011642144,0,0,0.770852011642144,0,0,0,0,0,0,0,0,0,0.770852011642144,0,0,0.770852011642144,0,0,0,0,0,0.770852011642144,0.770852011642144,0,0.770852011642144,1.54170402328429,0.770852011642144,0,0,0,0,0,0,0.770852011642144,0,0,0,0,0,0,0,0,0,0,0,0,0,0,0,0,0,0,0,0,0,0,0,0
"public",0.885616327465462,0,0.885616327465462,0.590410884976975,2.06643809741941,0.885616327465462,0.295205442488487,1.18082176995395,0.738013606221218,1.32842449119819,1.18082176995395,0.442808163732731,0.590410884976975,1.62362993368668,1.18082176995395,0.442808163732731,0.885616327465462,1.32842449119819,0.295205442488487,0.295205442488487,0.738013606221218,0.147602721244244,1.62362993368668,0.295205442488487,1.62362993368668,2.50924626115214,1.18082176995395,1.91883537617517,0.885616327465462,0,0.147602721244244,0,0,0.295205442488487,0.738013606221218,1.47602721244244,0.590410884976975,0.147602721244244,0,0,0,0,0,0,0.147602721244244,0,0,0,0.147602721244244,0,0.147602721244244,0,0.147602721244244,0.590410884976975,0.295205442488487,0,0,0.147602721244244,0.147602721244244
"station",1.13346405797244,0,0.56673202898622,0.56673202898622,0.56673202898622,0.56673202898622,0.56673202898622,1.13346405797244,0,1.13346405797244,0.56673202898622,0,0,0.56673202898622,0.56673202898622,0,0.56673202898622,0,0.56673202898622,0,0,0,0,0,0,1.13346405797244,0.56673202898622,0,0,0,0,0,0,0,0,0,0,0,0,0,0,0.56673202898622,0,0,0,0,0,0,0,0,0,0,0,0,0,0,0,0,0
"first",0.337584040628364,0,0.506376060942546,0.675168081256727,0.337584040628364,0,0,0.337584040628364,0.168792020314182,1.35033616251345,0,0.168792020314182,0.506376060942546,1.01275212188509,0.168792020314182,0,0,0,0.168792020314182,0.168792020314182,0,0.506376060942546,0.337584040628364,0.337584040628364,0,0.506376060942546,0,0,0.168792020314182,0,0.168792020314182,0.337584040628364,0.168792020314182,0,0.337584040628364,0.506376060942546,0.675168081256727,0.337584040628364,0.506376060942546,0,0.675168081256727,0.337584040628364,0,0.675168081256727,0.168792020314182,0.843960101570909,0,0.337584040628364,0.337584040628364,0.337584040628364,0.675168081256727,0.168792020314182,0.168792020314182,0,0.337584040628364,0,0,0.675168081256727,0.506376060942546
"official",1.24944795192781,0.624723975963906,0,0,0,0,0,0,0,0,0.624723975963906,0.624723975963906,0,0,1.87417192789172,0,0.624723975963906,0.624723975963906,1.24944795192781,0,0,0,0.624723975963906,0,1.24944795192781,1.24944795192781,0.624723975963906,0,0.624723975963906,0,0,0,0,0,0,1.87417192789172,0,0,0,0,0,0,0,0,0,0,0,0,0,0,0,0,0,0,0,0,0,0,0
"act",0.202650287575149,0.202650287575149,0,0,0.810601150300597,0,0,0.202650287575149,0.607950862725448,0,0.202650287575149,0.202650287575149,0.202650287575149,2.43180345090179,0.607950862725448,0,1.01325143787575,0.405300575150298,0.810601150300597,0,0,0.405300575150298,0.405300575150298,0.202650287575149,0.202650287575149,0.405300575150298,0,0,0.810601150300597,0.405300575150298,0.405300575150298,0,0,0,0.405300575150298,0.202650287575149,0.607950862725448,0,0.405300575150298,0,0,0.405300575150298,0.202650287575149,0,0,0,1.01325143787575,0,1.01325143787575,0.405300575150298,0.607950862725448,0.405300575150298,0,0.405300575150298,1.01325143787575,0.202650287575149,1.2159017254509,0,0.607950862725448
"almighty",0.372912002970107,0,0,0,0,0.372912002970107,0,0.372912002970107,0.372912002970107,0,0,0.372912002970107,0,0.745824005940213,0.745824005940213,0,0,0,0.372912002970107,0.372912002970107,0.372912002970107,0,0,0.372912002970107,0.372912002970107,0.372912002970107,0,0.372912002970107,0.372912002970107,0,0.372912002970107,0,0,0,0.372912002970107,0.745824005940213,0,0,0,0.372912002970107,0.372912002970107,0.745824005940213,0.372912002970107,0.372912002970107,0,0,0,0,0,0,0,0.372912002970107,0,0,0,0,0,0.372912002970107,0
"rule",0.478746189199778,0,0.239373094599889,0.478746189199778,0.239373094599889,0,0,0,0.239373094599889,0,0.239373094599889,0,0.478746189199778,0.478746189199778,0.239373094599889,0,0,0.239373094599889,0.478746189199778,0,0.478746189199778,0.478746189199778,0.239373094599889,0,0.239373094599889,0.239373094599889,1.19686547299945,0.239373094599889,0,0,0.718119283799667,0,0.239373094599889,0.239373094599889,0.478746189199778,0.239373094599889,0.239373094599889,0,0,0,0.239373094599889,0.957492378399556,0.718119283799667,0,0,0,0.239373094599889,0.239373094599889,0,0,0.239373094599889,0,0,0,0.718119283799667,0.239373094599889,0.718119283799667,0.239373094599889,0
"council",0.816609502202819,0,0,0.816609502202819,0.816609502202819,1.63321900440564,0,0,0,1.63321900440564,0,0,0.816609502202819,0.816609502202819,0,0.816609502202819,0,0,0,0,0,0,0,0,0,0,0,0.816609502202819,0,0,0,0,0,0,0,0,0,0,0,0,0,0,0,0,0,0,0,0,0,0,0,0,0,0,0,0,0,0,0
"nation",0.0222720542376206,0,0.148480361584137,0.0296960723168275,0.0445441084752412,0.059392144633655,0.0371200903960344,0.0742401807920687,0.0742401807920687,0.111360271188103,0.0148480361584137,0.0148480361584137,0.0519681265544481,0.0519681265544481,0.059392144633655,0.0148480361584137,0.0742401807920687,0.0816641988712756,0.00742401807920687,0.0222720542376206,0.0445441084752412,0.0371200903960344,0.0668161627128619,0.0965122350296894,0.0222720542376206,0.059392144633655,0.00742401807920687,0.0296960723168275,0.0445441084752412,0.0519681265544481,0.0519681265544481,0.0445441084752412,0.0668161627128619,0.0742401807920687,0.126208307346517,0.133632325425724,0.0445441084752412,0.0816641988712756,0.103936253108896,0.00742401807920687,0.178176433900965,0.0742401807920687,0.133632325425724,0.0519681265544481,0.0890882169504825,0.0519681265544481,0.0816641988712756,0.0816641988712756,0.0519681265544481,0.0371200903960344,0.0890882169504825,0.0371200903960344,0.111360271188103,0.0742401807920687,0.0816641988712756,0.111360271188103,0.059392144633655,0.0668161627128619,0.0890882169504825
"aid",0.293730756922482,0,0,0,0.293730756922482,0.587461513844963,0,0.881192270767445,1.17492302768993,0,0.587461513844963,0,0.293730756922482,1.17492302768993,0.587461513844963,0.293730756922482,0.587461513844963,0.293730756922482,0,0.293730756922482,0.293730756922482,0.293730756922482,0.587461513844963,0.881192270767445,0.587461513844963,0.293730756922482,0.881192270767445,0.293730756922482,0,0,0.881192270767445,0,0.293730756922482,0.293730756922482,0,0.293730756922482,0,0.881192270767445,0,0,1.46865378461241,0,0,0,0,0,0,0,0,0.293730756922482,0,0.293730756922482,0,0,0,0,0,0.293730756922482,0
"supply",0.729459326483919,0,0.729459326483919,0,0,0.729459326483919,0.729459326483919,0.729459326483919,1.45891865296784,0,0,0,0,0,0,0,0,0,0,0,0,0,0,0,0,0,0,2.18837797945176,0,0,0.729459326483919,0,0,0,0,0.729459326483919,0.729459326483919,0,0,0,0.729459326483919,0,0,0,0,0,0,0,0,0,0,0,0,0,0,0,0,0,0
"human",0.453567934583737,0,0.453567934583737,0,0.453567934583737,0.226783967291869,0.226783967291869,0,0.226783967291869,0.907135869167474,0,0,0.453567934583737,0.453567934583737,0.907135869167474,0,0.680351901875606,0.453567934583737,0.226783967291869,0,0,0,0.226783967291869,0,0.226783967291869,0,0.226783967291869,0,0,0,0,0.226783967291869,0,1.13391983645934,0.907135869167474,1.13391983645934,0.226783967291869,0.453567934583737,1.13391983645934,0.226783967291869,1.13391983645934,0.226783967291869,0.453567934583737,0.680351901875606,0,0,0.453567934583737,1.13391983645934,0.226783967291869,2.04105570562682,0,0,1.13391983645934,0,1.36070380375121,0,0.226783967291869,0,0
"liberty",0.352918493600402,0,0.470557991467202,0.352918493600402,0.352918493600402,0.235278995733601,0,0.352918493600402,0.117639497866801,0.352918493600402,0.235278995733601,0.470557991467202,0.117639497866801,2.35278995733601,0.470557991467202,0.117639497866801,0.235278995733601,0.352918493600402,0.117639497866801,0,0,0,0,0.588197489334003,0.117639497866801,0.117639497866801,0,0.117639497866801,0.705836987200803,0,0.117639497866801,0.235278995733601,0.117639497866801,0.470557991467202,0.352918493600402,0.235278995733601,0,0.117639497866801,0.117639497866801,0,0.588197489334003,0.117639497866801,0,0.117639497866801,0.705836987200803,0,0,0.235278995733601,0.352918493600402,0.117639497866801,0.117639497866801,0.117639497866801,0.235278995733601,0.117639497866801,1.76459246800201,0.235278995733601,0.588197489334003,0,0.235278995733601
"happiness",0.971081940899775,0,0.971081940899775,1.2947759211997,0.64738796059985,0.64738796059985,0,0.64738796059985,0.323693980299925,0.64738796059985,0,0.64738796059985,1.2947759211997,0.323693980299925,0.971081940899775,0,0.64738796059985,0,0,0,0,0,0.64738796059985,0,0,0,0,0.323693980299925,0.323693980299925,0.323693980299925,0.323693980299925,0,0,0.64738796059985,0,0.323693980299925,0.323693980299925,0.323693980299925,0,0,0.323693980299925,0,0,0,0.323693980299925,0,0,0,0.64738796059985,0,0,0.323693980299925,0,0,0,0.323693980299925,1.2947759211997,0,0
"people",0.0599086238786114,0.0149771559696528,0.299543119393057,0.0299543119393057,0,0.0149771559696528,0.0449314679089585,0.224657339544793,0.164748715666181,0.10484009178757,0.0599086238786114,0.134794403726876,0.299543119393057,0.569131926846808,0.239634495514445,0.0449314679089585,0.089862935817917,0.194703027605487,0.299543119393057,0,0.0299543119393057,0.10484009178757,0.134794403726876,0.31452027536271,0.239634495514445,0.434337523119932,0.284565963423404,0.374428899241321,0.179725871635834,0.089862935817917,0.10484009178757,0.0299543119393057,0.10484009178757,0.179725871635834,0.239634495514445,0.269588807453751,0.10484009178757,0.164748715666181,0.134794403726876,0.0299543119393057,0.31452027536271,0.254611651484098,0.224657339544793,0.0299543119393057,0.134794403726876,0.224657339544793,0.089862935817917,0.10484009178757,0.134794403726876,0.239634495514445,0.10484009178757,0.179725871635834,0.164748715666181,0.0149771559696528,0.10484009178757,0.119817247757223,0.164748715666181,0.149771559696528,0.134794403726876
"unite",0.322623726454522,0.0806559316136305,0.241967794840892,0.161311863227261,0.0806559316136305,0.241967794840892,0.403279658068153,1.0485271109772,1.29049490581809,0.161311863227261,0.0806559316136305,0.322623726454522,0.241967794840892,0.967871179363566,1.0485271109772,0.161311863227261,0.241967794840892,0.645247452909044,0.403279658068153,0,0.241967794840892,0,0.645247452909044,0.725903384522675,0.161311863227261,0,0.161311863227261,0.967871179363566,0.725903384522675,0,0.483935589681783,0,0.322623726454522,0.161311863227261,0.161311863227261,0.161311863227261,0.161311863227261,0.403279658068153,0.241967794840892,0,0.806559316136305,0.241967794840892,0.161311863227261,0.322623726454522,0,0.161311863227261,0,0.161311863227261,0.161311863227261,0.161311863227261,0.241967794840892,0,0,0.241967794840892,0.564591521295414,0.161311863227261,0.161311863227261,0.322623726454522,0.322623726454522
"state",0.179221548533114,0,1.07532929119868,0.268832322799671,1.07532929119868,0.448053871332785,0.448053871332785,2.59871245373015,2.41949090519704,0.716886194132456,0.358443097066228,0.806496968399013,0.985718516932127,3.67404174492884,3.76365251919539,0.268832322799671,0.985718516932127,2.41949090519704,2.41949090519704,0,0.358443097066228,0.358443097066228,1.07532929119868,1.43377238826491,0.358443097066228,2.32988013093048,0.268832322799671,1.07532929119868,0.806496968399013,0,1.52338316253147,0,0.179221548533114,0.179221548533114,0.448053871332785,0.627275419865899,0.358443097066228,0.448053871332785,0.358443097066228,0,0.627275419865899,0.089610774266557,0,0.268832322799671,0,0.089610774266557,0,0.089610774266557,0.358443097066228,0.358443097066228,0.179221548533114,0,0,0,0.448053871332785,0.179221548533114,0.179221548533114,0.179221548533114,0.179221548533114
"government",0.346124266372581,0.0384582518191757,0.692248532745162,0.499957273649284,0.115374755457527,0,0.115374755457527,0.807623288202689,0.538415525468459,0.807623288202689,0.307666014553405,0.538415525468459,0.615332029106811,1.69216308004373,1.84599608732043,0.307666014553405,0.384582518191757,0.499957273649284,0.730706784564338,0.0384582518191757,0.115374755457527,0.192291259095878,0.653790280925986,0.807623288202689,0.615332029106811,0.423040770010932,0.499957273649284,0.922998043660216,0.538415525468459,0.0384582518191757,1.07683105093692,0.346124266372581,0.0384582518191757,0.499957273649284,0.615332029106811,0.922998043660216,0.153833007276703,0.576873777287635,0.153833007276703,0,0.0769165036383513,0.0384582518191757,0,0.0384582518191757,0,0.192291259095878,0.384582518191757,0.153833007276703,0.615332029106811,0.576873777287635,0.192291259095878,0.153833007276703,0.384582518191757,0.153833007276703,0.153833007276703,0.153833007276703,0.153833007276703,0.115374755457527,0
"essential",0.323693980299925,0,0.323693980299925,0.323693980299925,0,0.64738796059985,0,0.971081940899775,0.323693980299925,0,0.323693980299925,0,0.323693980299925,0.323693980299925,0.323693980299925,0.323693980299925,0.323693980299925,0,0.323693980299925,0,0,0,0.64738796059985,0,0,0,0,0.64738796059985,0.64738796059985,0,0.323693980299925,0.323693980299925,0.64738796059985,0.971081940899775,0.323693980299925,0.323693980299925,0.971081940899775,0.64738796059985,0,0.323693980299925,0.323693980299925,0,0,0,0,0,0,0.323693980299925,0,0,0,0,0,0,0.323693980299925,0,0,0,0
"purpose",0.0987541537064267,0,0,0,0,0.0987541537064267,0.0987541537064267,0.493770768532134,0.790033229651414,0.395016614825707,0,0.0987541537064267,0.0987541537064267,0.493770768532134,0.197508307412853,0.0987541537064267,0.197508307412853,0.0987541537064267,0.59252492223856,0.0987541537064267,0,0.0987541537064267,0.395016614825707,0.197508307412853,0,0.395016614825707,0.395016614825707,0.493770768532134,0.59252492223856,0.0987541537064267,0.197508307412853,0.29626246111928,0.88878738335784,0.29626246111928,0.0987541537064267,0.88878738335784,0.0987541537064267,0.59252492223856,0.197508307412853,0.0987541537064267,0.197508307412853,0.59252492223856,0.493770768532134,0,0.29626246111928,0.0987541537064267,0.0987541537064267,0,0,0.0987541537064267,0.197508307412853,0.0987541537064267,0,0.395016614825707,0.0987541537064267,0.197508307412853,0.197508307412853,0,0.0987541537064267
"enable",0.56673202898622,0,0.56673202898622,0.56673202898622,2.26692811594488,0,0,0.56673202898622,1.70019608695866,0,0,0,0,0.56673202898622,0.56673202898622,0,0.56673202898622,0,0,0,0.56673202898622,0.56673202898622,0,0.56673202898622,0,0,0,0,0.56673202898622,0.56673202898622,0.56673202898622,0,0,0,0,0,0,0,0,0,0,0,0,0,0,0,0,0.56673202898622,0,0,0,0,0,0,0,0,0,0,0
"instrument",0.469822015978163,0,0,0,0,0,0.469822015978163,0.939644031956326,0.469822015978163,0.469822015978163,0.469822015978163,0,0.469822015978163,4.69822015978163,1.40946604793449,0.469822015978163,0,0,0.939644031956326,0,0,0,0,0,0,0,0,0,0,0,0.469822015978163,0.939644031956326,0,0,0.939644031956326,0.939644031956326,0.939644031956326,1.40946604793449,0,0.469822015978163,0,0,0,0.939644031956326,0,0,0,0,0,0,0,0,0,0,0,0.469822015978163,0,0,0
"employ",0.56673202898622,0,0.56673202898622,0,0,0,0.56673202898622,0,0.56673202898622,0,0,0,0.56673202898622,0.56673202898622,0.56673202898622,0.56673202898622,0,0,0,0,0,0,1.13346405797244,0.56673202898622,0.56673202898622,0,0,0.56673202898622,0.56673202898622,0,1.13346405797244,0,0,0,0,0,0,0,0,0,0,0,0,0.56673202898622,0,0,0,0,0,0.56673202898622,0,0,0,0,0,0,0,0,0
"success",0.531404066644476,0,0.531404066644476,0,0,0.265702033322238,0.531404066644476,0.797106099966715,0.265702033322238,0.531404066644476,0,0.265702033322238,0.531404066644476,0.265702033322238,0,0,0.265702033322238,0,0.265702033322238,0,0,0,0,0,0,0.265702033322238,0,0,0.265702033322238,0.797106099966715,0.265702033322238,0.531404066644476,0.265702033322238,0.265702033322238,1.06280813328895,0.265702033322238,0.265702033322238,0.265702033322238,0,0,0.265702033322238,0,0.265702033322238,0.531404066644476,0.265702033322238,0,0,0.265702033322238,0,0,0.265702033322238,0,0,0,0.531404066644476,0.531404066644476,0,0.531404066644476,0
"function",0.515579506538838,0.515579506538838,0,0.515579506538838,0.515579506538838,0.515579506538838,0,0.515579506538838,0,1.03115901307768,0.515579506538838,0,0.515579506538838,0.515579506538838,0,0.515579506538838,0,0,0,0,0,0,0,0.515579506538838,1.03115901307768,0,0.515579506538838,0,0.515579506538838,0,0.515579506538838,0,0,0,0,0.515579506538838,0,0,0.515579506538838,0,0,0,0,0,0,0,0,0,0,0,0,0,0,0,0,0,0,0,0
"charge",0.54040309026387,0,0,1.08080618052774,1.08080618052774,0,0.54040309026387,0.54040309026387,0,0,0,0,0.54040309026387,0.54040309026387,0.54040309026387,0.54040309026387,0,0,0,0,0,0,0.54040309026387,0,0.54040309026387,0,0,0.54040309026387,0.54040309026387,0,0.54040309026387,0,0,0.54040309026387,0.54040309026387,0,0,0,0,0,0.54040309026387,0,0,0,0,0,0,0,0,0,0,0,0,0,0,0,0,0,0
"private",0.939644031956326,0,0.939644031956326,0,0,0.469822015978163,0,0,0,0,0.469822015978163,0,0,0,0,0,0,0,0.469822015978163,0,0,0,0.469822015978163,0,0.469822015978163,0,0.469822015978163,0.469822015978163,0,0,0.469822015978163,0.939644031956326,1.40946604793449,0.939644031956326,0.469822015978163,0.469822015978163,0,0.469822015978163,0,0,0.469822015978163,0.469822015978163,0,0,0,0,0,0,0,0,0,0,0,0.469822015978163,0.469822015978163,0,0,0,0
"assure",0.939644031956326,0,0,0,0,0.469822015978163,0.469822015978163,0,0,0,0,0,0,0.469822015978163,0,0,0.469822015978163,0,0.469822015978163,0,0,0.469822015978163,0.939644031956326,0,0,0,0,0,0.939644031956326,0.469822015978163,0.939644031956326,0,0,0.469822015978163,0,0,0,0,0,0,0.469822015978163,0.469822015978163,0,0.939644031956326,0,0.469822015978163,0,0,0.939644031956326,0.469822015978163,0,0,0,0,0,0.469822015978163,0,0,0.469822015978163
"express",0.323693980299925,0.323693980299925,0.64738796059985,0.323693980299925,0.323693980299925,0.323693980299925,0,0.323693980299925,0.323693980299925,0,0.323693980299925,0.64738796059985,0.323693980299925,0.971081940899775,0.323693980299925,0,0.64738796059985,0.64738796059985,1.2947759211997,0,0.64738796059985,0,0.323693980299925,0.323693980299925,0,0.323693980299925,0,0,0,0.323693980299925,0.323693980299925,0,0,1.2947759211997,0.323693980299925,0.323693980299925,0,0,0,0,0,0.323693980299925,0,0,0,0,0,0,0,0.323693980299925,0.323693980299925,0,0,0,0,0,0,0,0
"sentiment",0.98419682137863,0,0.492098410689315,0,0.492098410689315,0.492098410689315,0.492098410689315,0.98419682137863,0,1.96839364275726,0.492098410689315,0,1.96839364275726,0,0.492098410689315,0,0.98419682137863,0,1.47629523206795,0,0.492098410689315,0,1.96839364275726,0,0,0,0.98419682137863,0.98419682137863,0,0,0.492098410689315,0,0,0,0.98419682137863,0,0,0,0,0,0,0,0,0,0,0,0,0,0,0,0,0,0,0.492098410689315,0,0,0,0,0
"large",0.308454013743188,0,0.308454013743188,0,0.925362041229564,0.308454013743188,0,0,0.616908027486376,0,0,0,0,0.616908027486376,0.925362041229564,0.308454013743188,0.616908027486376,0.616908027486376,0,0,0.308454013743188,0,0.308454013743188,0.308454013743188,0.308454013743188,1.23381605497275,0,1.23381605497275,0,0.616908027486376,1.23381605497275,0.308454013743188,0,0,0.616908027486376,1.85072408245913,0.616908027486376,0,0.308454013743188,0,0.308454013743188,0,0,0,0,0.308454013743188,0,0,0,0,0.616908027486376,0,0,0.308454013743188,0.616908027486376,0,0,0.308454013743188,0
"either",0.409124175624551,0,0,0,0,0,0.409124175624551,0.409124175624551,2.04562087812276,0.409124175624551,0.409124175624551,0,0,2.45474505374731,0.409124175624551,0.409124175624551,0.409124175624551,0.409124175624551,2.45474505374731,0,0,0.818248351249103,0.409124175624551,0.409124175624551,0,0.409124175624551,0,1.22737252687365,0,0,0.409124175624551,0.409124175624551,0,0,0.818248351249103,0.818248351249103,0,0,0.409124175624551,0,0,0,0,0,0,0,0,0,0,0.818248351249103,0,0,0,0,0,0,0,0,0
"bind",0.323693980299925,0,0.323693980299925,0,0,0.323693980299925,0,0.323693980299925,0,0.64738796059985,0,0,0.323693980299925,0.971081940899775,0.64738796059985,0,0.64738796059985,0.323693980299925,0.323693980299925,0.323693980299925,0,0,0.323693980299925,0.323693980299925,0,0,0.323693980299925,0.64738796059985,0,0,0,0,0,0.323693980299925,0,0,0.323693980299925,0,0,0,0,0.323693980299925,0.323693980299925,0,0.64738796059985,0,0,0,0.323693980299925,0,0.323693980299925,0,0.323693980299925,0.323693980299925,0.323693980299925,0.323693980299925,0.64738796059985,0,0
"acknowledge",0.624723975963906,0,0.624723975963906,0.624723975963906,0.624723975963906,0.624723975963906,0,0,0.624723975963906,1.24944795192781,0.624723975963906,0,0,1.87417192789172,0.624723975963906,0.624723975963906,1.87417192789172,0,0,0,0,0.624723975963906,0,0,0.624723975963906,0,0,0,0,0,0,0,0,0,0,0,0,0,0,0,0,0,0,0,0,0,0,0,0,0,0,0,0,0,0,0,0,0,0
"conduct",0.355878663671326,0,0.355878663671326,0,0.711757327342652,0,0.711757327342652,1.06763599101398,1.4235146546853,0,0,0.355878663671326,2.13527198202796,0.711757327342652,0.355878663671326,0.711757327342652,0.355878663671326,0.711757327342652,0.355878663671326,0,0,0.355878663671326,0.355878663671326,0.355878663671326,0,0.355878663671326,0.355878663671326,0,0,0,0.355878663671326,0,0,0,0.711757327342652,0,0.355878663671326,0,0,0,0,0.355878663671326,0,0,0,0,0,0,0,0.355878663671326,0,0,0,0.355878663671326,0.355878663671326,0,0,0,0
"affair",0.355878663671326,0,0,0.355878663671326,1.06763599101398,0,0,0,0,0.355878663671326,0,0,0.355878663671326,1.06763599101398,0.711757327342652,0,1.06763599101398,0,0,0,0,0.355878663671326,1.06763599101398,0,0.711757327342652,0.355878663671326,0.711757327342652,0.355878663671326,0,1.06763599101398,0.355878663671326,0.355878663671326,0.711757327342652,0.355878663671326,1.06763599101398,0.355878663671326,0,0,0,0,0.355878663671326,0,0.355878663671326,0,0,0,0.355878663671326,0,0,0,0,0,0.355878663671326,0,0,0,0,0.355878663671326,0
"man",0.0632818355442079,0,0.253127342176831,0.569536519897871,0.189845506632624,0,0,0.189845506632624,0.0632818355442079,0.316409177721039,0.0632818355442079,0,0.189845506632624,0.569536519897871,0.316409177721039,0,0.126563671088416,0.316409177721039,0.0632818355442079,0.126563671088416,0.126563671088416,0.0632818355442079,0.126563671088416,0.126563671088416,0.126563671088416,0.632818355442079,0.253127342176831,0.126563671088416,0.0632818355442079,0.253127342176831,0.506254684353663,0.569536519897871,0.253127342176831,0.189845506632624,0.316409177721039,0.442972848809455,0.126563671088416,0.506254684353663,0.316409177721039,0.253127342176831,0.569536519897871,0.569536519897871,0.316409177721039,0.316409177721039,0.696100190986287,0.506254684353663,0,0.0632818355442079,0.506254684353663,0.442972848809455,0.442972848809455,0.0632818355442079,0.0632818355442079,0,0.189845506632624,0.442972848809455,0.189845506632624,0.126563671088416,0
"step",0.54040309026387,0,0,1.08080618052774,0,0,0,0,0,0,0,0,0,0,0,0,0.54040309026387,0,1.08080618052774,0,0,0,0,0,0,0.54040309026387,0,0,1.08080618052774,0,1.08080618052774,1.08080618052774,0,0.54040309026387,0,0.54040309026387,0,0,0,0,0,0,0,0,0,0,0,0.54040309026387,0.54040309026387,1.62120927079161,0.54040309026387,0.54040309026387,0,0,0,0,0,0.54040309026387,0.54040309026387
"advance",0.279490317807872,0,0,0.838470953423615,0.558980635615743,0,0.279490317807872,0.558980635615743,0.279490317807872,0.558980635615743,0,0.279490317807872,0,0.558980635615743,0,0.279490317807872,0.279490317807872,0,0,0,0,0.279490317807872,0.279490317807872,0,0.279490317807872,0.279490317807872,0,0.558980635615743,0,0,0,0,0,0.279490317807872,0.838470953423615,2.23592254246297,0.279490317807872,0.558980635615743,0.279490317807872,0,1.11796127123149,0,0,0,0.279490317807872,0.279490317807872,0,0,0,0,0.279490317807872,0,0.558980635615743,0.279490317807872,0.838470953423615,0.558980635615743,0.558980635615743,0,0
"character",0.558980635615743,0,0.279490317807872,0.279490317807872,0.558980635615743,0,0.279490317807872,0.279490317807872,0.279490317807872,0.279490317807872,0.279490317807872,0.279490317807872,1.11796127123149,5.31031603834956,0.838470953423615,0.279490317807872,0.279490317807872,0.558980635615743,0,0,0,0,0.279490317807872,0,0,0.558980635615743,0.558980635615743,0.279490317807872,0,0.279490317807872,0.279490317807872,0.279490317807872,0,0,0,0.558980635615743,0.279490317807872,0,0,0,0,0,0,0,0.279490317807872,0,0,0,0,0,0,0,0.279490317807872,1.11796127123149,1.11796127123149,0.279490317807872,0.279490317807872,0,0
"independent",0.54040309026387,0,0.54040309026387,0,0.54040309026387,0,0.54040309026387,1.08080618052774,0.54040309026387,0,0,0,0,1.08080618052774,3.78282163184709,0,0.54040309026387,1.62120927079161,0,0,0,0,0,0.54040309026387,0,0.54040309026387,1.08080618052774,0,1.08080618052774,0,0,0,0.54040309026387,0.54040309026387,2.16161236105548,0,0,0,0,0,0,0,0,0,0,0,0,0,0,0,0,0,0,0,0,0,0,0,0
"seem",0.711757327342652,0,0,0,0,0,0,0.711757327342652,0.355878663671326,0,0.355878663671326,0,0,1.4235146546853,1.06763599101398,0,0,0,0.711757327342652,0.711757327342652,0.355878663671326,0.355878663671326,0.355878663671326,0,0,0.355878663671326,0.711757327342652,0.355878663671326,0,0,0.355878663671326,0,0.355878663671326,0,0.355878663671326,0.355878663671326,0,0,1.06763599101398,0.711757327342652,0,0.711757327342652,0,0,0.355878663671326,0,0,0.355878663671326,0,0,1.06763599101398,0,1.06763599101398,0.711757327342652,0,0,0,0,0
"distinguish",0.54040309026387,0.54040309026387,0,0,0,0.54040309026387,1.08080618052774,1.08080618052774,0.54040309026387,0.54040309026387,0,0,0,2.16161236105548,1.08080618052774,0.54040309026387,0.54040309026387,0,0.54040309026387,0,0,0,0,0,0,0,0,0,0,0,2.16161236105548,0,0,0,0,0,0,0,0,0,0,0,0,0,0,0,0,0,0,0,0,0,0,0.54040309026387,0.54040309026387,0,0.54040309026387,0,0.54040309026387
"agency",0.770852011642144,0,0,0,0,0,0,0,0,0,0,0,0,0.770852011642144,0,0,0,0,0,0,0,0,0,0,0,0.770852011642144,0,1.54170402328429,0,0,0.770852011642144,0,0,3.08340804656858,0,3.08340804656858,0,0.770852011642144,0,0,2.31255603492643,0,0,0,0,0,0,0,0,0,0.770852011642144,0,0,0,0,0,0,0,0
"important",0.265702033322238,0,0,0,0.531404066644476,0,0.265702033322238,1.06280813328895,0.531404066644476,0.265702033322238,0.265702033322238,0,0.265702033322238,1.59421219993343,0.531404066644476,0.265702033322238,1.06280813328895,0.531404066644476,0,0,0.265702033322238,0,1.06280813328895,0.265702033322238,0,0,0,0.265702033322238,0.265702033322238,0.531404066644476,1.59421219993343,0,0.265702033322238,0,1.06280813328895,0.531404066644476,0.797106099966715,0,0,0,0,0,0,0,0.265702033322238,0,0.531404066644476,0,0.265702033322238,0.265702033322238,0.265702033322238,0,0.265702033322238,0.531404066644476,0,0,0,0,0.265702033322238
"revolution",0.448632716908225,0,0,0.89726543381645,0,0,0,0.89726543381645,0.448632716908225,0.89726543381645,0,0.448632716908225,0.89726543381645,0.448632716908225,0.448632716908225,0,0.89726543381645,0,0.448632716908225,0,0,0.448632716908225,1.7945308676329,0,0,0.448632716908225,0,0,0,0,0,0,0.448632716908225,1.34589815072467,0,0,0,0,0,0,0,0,0,0.89726543381645,0,0,0,0,0,0.89726543381645,0,0.89726543381645,0.89726543381645,0,0,0.448632716908225,0,0,0
"accomplish",0.469822015978163,0,0,0,0,0,0,0.939644031956326,0.469822015978163,0.469822015978163,0.469822015978163,0,0,0.939644031956326,1.40946604793449,0,0,1.40946604793449,0,0,0.469822015978163,0.469822015978163,0.939644031956326,0.469822015978163,0.469822015978163,0.469822015978163,0,0,0.469822015978163,0,1.40946604793449,0,0,0,0,0,0.939644031956326,0,0,0,0.469822015978163,0.469822015978163,0,0,0,0,0,0,0,0.469822015978163,0,0,0,0,0,0,0,0,0
"system",0.504676143528513,0,0.75701421529277,0,0,0.252338071764257,0,0.504676143528513,1.26169035882128,0.252338071764257,0.504676143528513,0.252338071764257,1.00935228705703,2.01870457411405,2.77571878940682,0,0.504676143528513,0.252338071764257,0,0,0,0,0.504676143528513,0.504676143528513,0.252338071764257,0.252338071764257,0.252338071764257,1.26169035882128,0,0,0.504676143528513,1.00935228705703,0,0.75701421529277,1.00935228705703,2.77571878940682,0.252338071764257,0.252338071764257,0,0,0,0,0,0,0,0,1.00935228705703,0.252338071764257,0.75701421529277,1.00935228705703,0.252338071764257,0,0,0,0,0.252338071764257,0,0.252338071764257,0
"consent",0.925753971627887,0,0,0,0,0,0,0,0,0,0,0,0,2.77726191488366,0.925753971627887,0.925753971627887,0,0,0,0,0,0,0,0,0,2.77726191488366,0,0,0,0,0,0,1.85150794325577,0,0,0,0,0,0,0,0,0,0,0,0,0,0,0,0.925753971627887,0,0,0,0,0,0,0,0,0,0
"many",0.127399335155957,0,0.127399335155957,0.127399335155957,0,0.127399335155957,0,0.509597340623827,0.76439601093574,0.127399335155957,0,0.127399335155957,0.254798670311913,1.01919468124765,0.76439601093574,0.127399335155957,0.254798670311913,0.38219800546787,0.38219800546787,0,0.127399335155957,0.127399335155957,0.127399335155957,0.254798670311913,0,0.636996675779784,0,0.127399335155957,0.127399335155957,0,0.38219800546787,0.38219800546787,0.254798670311913,0,0.636996675779784,1.01919468124765,0.254798670311913,0.38219800546787,0.254798670311913,0.127399335155957,0.127399335155957,0,0,0.127399335155957,0,0.127399335155957,0,0,0.38219800546787,0.254798670311913,0.127399335155957,0.127399335155957,0,0.636996675779784,0.127399335155957,0.38219800546787,0.127399335155957,0.636996675779784,0.38219800546787
"community",0.711757327342652,0,0,0,0,0,0,1.06763599101398,0.355878663671326,0,0,0.711757327342652,1.06763599101398,0.711757327342652,0.711757327342652,0,0,0.355878663671326,0.355878663671326,0,0,0,0,0.711757327342652,0,3.55878663671326,0,0.355878663671326,0,0,1.06763599101398,0,0.355878663671326,0,0,1.06763599101398,0,0.355878663671326,0,0.355878663671326,0,0.711757327342652,0,0,0,0.355878663671326,0.711757327342652,0,0,0.355878663671326,0.355878663671326,1.06763599101398,1.06763599101398,1.4235146546853,0.355878663671326,0,0,0,0
"result",0.323693980299925,0,0.323693980299925,0.323693980299925,0.64738796059985,0.323693980299925,0,0.64738796059985,0.64738796059985,0.971081940899775,0.323693980299925,0.323693980299925,1.94216388179955,2.26585786209947,0,0,0.323693980299925,0.64738796059985,0,0.323693980299925,0,0,0.64738796059985,0,0.64738796059985,0.64738796059985,0.971081940899775,0.323693980299925,0.971081940899775,0,0.971081940899775,0,0,0,2.5895518423994,0,0,0,0,0.323693980299925,0.323693980299925,0.323693980299925,0,0,0,0,0.64738796059985,0,0.323693980299925,0,0,0,0,0,0,0,0,0,0
"mean",0.147602721244244,0,0.147602721244244,0,0.147602721244244,0.147602721244244,0.295205442488487,0.147602721244244,0.147602721244244,0,0.147602721244244,0,0,0.885616327465462,1.03321904870971,0,0,0.590410884976975,0.295205442488487,0,0,0,0.442808163732731,0.147602721244244,0.147602721244244,0.295205442488487,0,0.295205442488487,0,0.147602721244244,0.295205442488487,0.885616327465462,0.442808163732731,0.442808163732731,1.03321904870971,0.295205442488487,0.295205442488487,0.295205442488487,0,0,0.295205442488487,0.885616327465462,0.295205442488487,0,0.442808163732731,0.147602721244244,0,0.147602721244244,0.738013606221218,0,1.18082176995395,0.147602721244244,0.147602721244244,0.147602721244244,0.738013606221218,0.295205442488487,0.738013606221218,0.147602721244244,0.147602721244244
"establish",1.06763599101398,0,1.06763599101398,0,0,0,0,0,0.711757327342652,0.355878663671326,0,0,1.4235146546853,1.06763599101398,0.355878663671326,0.355878663671326,0,0,0.355878663671326,0,0,0.355878663671326,1.06763599101398,0.711757327342652,0.355878663671326,1.4235146546853,0.355878663671326,0.711757327342652,1.4235146546853,0,0.355878663671326,0,0,1.4235146546853,0.355878663671326,0.711757327342652,0,0.355878663671326,0.355878663671326,0,1.06763599101398,0.355878663671326,0,0,0,0,0.355878663671326,0,0,0,0,0,0,0,0,0,0,0,0
"without",0.21618835992114,0,0.32428253988171,0.21618835992114,0.21618835992114,0.21618835992114,0.43237671984228,0.32428253988171,0.756659259723991,0.10809417996057,0.10809417996057,0.32428253988171,0.54047089980285,0.972847619645131,0.43237671984228,0.10809417996057,0.32428253988171,0.43237671984228,0.32428253988171,0.21618835992114,0.54047089980285,0.32428253988171,0.10809417996057,0.32428253988171,0,0.756659259723991,0.10809417996057,0.43237671984228,0.648565079763421,0.10809417996057,0.648565079763421,0.54047089980285,0.10809417996057,0.21618835992114,0.43237671984228,0.10809417996057,0.32428253988171,0.32428253988171,0.21618835992114,0,0.21618835992114,0,0.54047089980285,0,0.54047089980285,0.21618835992114,0,0,0,0,0,0,0,0.10809417996057,0.21618835992114,0.21618835992114,0.10809417996057,0,0.10809417996057
"return",0.372912002970107,0,0.372912002970107,0,0.745824005940213,0,0,0,0,0,0.372912002970107,0,0.372912002970107,0.745824005940213,0.372912002970107,0,0,0.372912002970107,0.372912002970107,0,0.372912002970107,0.745824005940213,1.11873600891032,0,0,0.372912002970107,1.11873600891032,0.372912002970107,0,0,0.372912002970107,0,0.372912002970107,0.372912002970107,0.745824005940213,1.11873600891032,1.11873600891032,0,0,0,0,0,0,0,0,0,0,0,0.372912002970107,0.745824005940213,0,0,0.372912002970107,0,0,0.372912002970107,0,0,0
"gratitude",0.624723975963906,0,1.24944795192781,0.624723975963906,0,1.24944795192781,0,0,0,0.624723975963906,0.624723975963906,0.624723975963906,1.24944795192781,0,0.624723975963906,0.624723975963906,0,0,0,0,0,0,0,0,0,0,0.624723975963906,0,0,0.624723975963906,0,0,0,0.624723975963906,0,0,0,0,0,0,0,0,0,0,0,0,0,0,0,0,0,0,0,0,0,0.624723975963906,0,0,0
"along",0.624723975963906,0,0,0,0,0,0,0.624723975963906,1.24944795192781,0,0,0,0.624723975963906,0,0,0,0,0,0,0,0,0,0,0.624723975963906,0,0.624723975963906,0,0,0,0,0,0,0.624723975963906,0,0.624723975963906,0,0,0.624723975963906,0,0,0,0,0,0,0,0,0,0,0,0,0,0,0.624723975963906,0.624723975963906,0,0,0.624723975963906,0.624723975963906,0.624723975963906
"humble",1.13346405797244,0,0.56673202898622,0.56673202898622,0,0,0,0,0.56673202898622,0.56673202898622,0.56673202898622,0.56673202898622,0.56673202898622,0,0,0,0.56673202898622,0.56673202898622,0,0,0,0,0,0,0,0,0,0,0,0,0,0.56673202898622,0,0,0,0,0,0,0,0,0,0.56673202898622,0,0,0,0,0,0,0,0,0,0,0.56673202898622,0.56673202898622,0,1.13346405797244,0,0,0.56673202898622
"future",0.179221548533114,0,0.089610774266557,0.089610774266557,0.179221548533114,0.089610774266557,0,0.089610774266557,0.268832322799671,0.358443097066228,0,0,0.179221548533114,0.179221548533114,0.089610774266557,0,0.627275419865899,0.089610774266557,0,0.089610774266557,0.089610774266557,0.268832322799671,0,0.179221548533114,0.089610774266557,0.179221548533114,0,0.179221548533114,0.179221548533114,0.179221548533114,0.268832322799671,0,0.089610774266557,0.179221548533114,0.089610774266557,0.089610774266557,0.089610774266557,0.089610774266557,0.268832322799671,0,0.179221548533114,0.358443097066228,0.089610774266557,0,0.089610774266557,0.089610774266557,0.268832322799671,0.179221548533114,0.268832322799671,0.179221548533114,0.268832322799671,0.089610774266557,0.268832322799671,0.089610774266557,0.179221548533114,0.268832322799671,0.358443097066228,0.089610774266557,0.268832322799671
"blessing",0.469822015978163,0,0.469822015978163,0.469822015978163,0,0.469822015978163,0,0.939644031956326,0,1.87928806391265,0,0.469822015978163,0.939644031956326,0.469822015978163,2.81893209586898,0.469822015978163,1.40946604793449,0.939644031956326,0,0,0,0,0.939644031956326,2.34911007989082,0.939644031956326,0,0,0,0,0,0,0,0,0.469822015978163,0,0,0,0.469822015978163,0,0,0,0,0.939644031956326,0,0,0,0,0,0,0,0,0,0.469822015978163,0,0,0,0,0,0
"past",0.265702033322238,0,0,0.265702033322238,0.265702033322238,0.265702033322238,0,0,0.265702033322238,0.265702033322238,0,0,0.531404066644476,0.531404066644476,0,0,1.06280813328895,0.531404066644476,0,0,0,0.797106099966715,0.531404066644476,0.265702033322238,0,0.265702033322238,0,0.797106099966715,0.531404066644476,0.531404066644476,0.265702033322238,0,0,0,0.797106099966715,0.265702033322238,0,0,0,0,0.265702033322238,0.531404066644476,0,0.265702033322238,0,0.797106099966715,0.531404066644476,0,0.265702033322238,1.06280813328895,0.265702033322238,0,0.531404066644476,0,0,0,0.265702033322238,0.265702033322238,0.265702033322238
"arise",0.54040309026387,0,0.54040309026387,0,0,0,0,0,1.62120927079161,0,0.54040309026387,0,1.62120927079161,2.16161236105548,0.54040309026387,0.54040309026387,0,0.54040309026387,0.54040309026387,0,0,0,0.54040309026387,0.54040309026387,0,1.08080618052774,0,0.54040309026387,0.54040309026387,0,2.16161236105548,0,0,0,0,0,0,0,0,0,0,0,0,0,0,0,0,0,0,0,0,0,0,0,0.54040309026387,0,0,0,0
"crisis",0.56673202898622,0,0.56673202898622,0,0.56673202898622,0,0,0.56673202898622,0,0,0,0.56673202898622,0,0,0,0,0.56673202898622,0,0,0,0,0,0,0,0,0,0,0,1.13346405797244,0.56673202898622,0,0,0,0,0,0,0.56673202898622,0,0.56673202898622,0,0,0,0,0,0,1.13346405797244,0,0,1.13346405797244,0,0,1.13346405797244,0,0,0,2.26692811594488,1.13346405797244,0,1.70019608695866
"force",0.179787404615645,0,0,0.179787404615645,0,0.179787404615645,0.35957480923129,1.43829923692516,1.97766145077209,0.71914961846258,0.179787404615645,0,0,0.35957480923129,0.179787404615645,0,0.179787404615645,0,0.898937023078225,0,0,0.179787404615645,0.179787404615645,0.539362213846935,0,0,0,0.179787404615645,0.71914961846258,0.179787404615645,1.07872442769387,0.539362213846935,0.35957480923129,0.539362213846935,1.43829923692516,0.35957480923129,0,0.71914961846258,0.179787404615645,0,0.539362213846935,0.898937023078225,1.07872442769387,0,0,0.35957480923129,0.35957480923129,0.179787404615645,0,0,0.179787404615645,0.71914961846258,0.35957480923129,0,0.539362213846935,0.539362213846935,0.35957480923129,0,0.539362213846935
"mind",0.293730756922482,0,1.76238454153489,0.587461513844963,1.17492302768993,0.293730756922482,0,0.587461513844963,0,0.587461513844963,0.587461513844963,0.293730756922482,0.293730756922482,1.17492302768993,0.881192270767445,0,0.587461513844963,0.587461513844963,0.293730756922482,0,0.293730756922482,0,0,0,0,0,0.293730756922482,0.293730756922482,0,0,0.293730756922482,0.587461513844963,0.587461513844963,0,0.587461513844963,0.293730756922482,0.293730756922482,0.293730756922482,1.46865378461241,0,0,0,0,0,0,0,0,0,0,0.293730756922482,0,0,0,0,0.587461513844963,0.587461513844963,0,0.293730756922482,0
"join",0.492098410689315,0,0,0,0.492098410689315,0,0,0,0,0,0,0,0,0,0,0,0,0,0,0,0.492098410689315,0,0,0.492098410689315,0,0,0,0,0,0,0,0,0,0.492098410689315,0,0,0,0,0.492098410689315,0,0.492098410689315,1.47629523206795,0.492098410689315,1.47629523206795,0.492098410689315,0.98419682137863,0,0.98419682137863,0,0.492098410689315,0,0.492098410689315,0.492098410689315,0,0,0.98419682137863,0,0.492098410689315,1.47629523206795
"think",0.504676143528513,0,0.252338071764257,0.75701421529277,0.504676143528513,0,0,0,0.504676143528513,0,0,0.252338071764257,0,1.00935228705703,0.252338071764257,0,0.252338071764257,0,1.26169035882128,0,0.252338071764257,0.504676143528513,0,0,0,0.504676143528513,0,0.504676143528513,0.252338071764257,0.252338071764257,0.504676143528513,0.75701421529277,1.51402843058554,0.252338071764257,1.51402843058554,0.504676143528513,0.252338071764257,0,0,0,0.504676143528513,0,0.252338071764257,0,0.252338071764257,0,0.75701421529277,0,0.75701421529277,0.75701421529277,0.75701421529277,0,0,0.252338071764257,0,0,0,0.504676143528513,0.75701421529277
"none",0.469822015978163,0,0,0.469822015978163,0,0,0,0.469822015978163,0.939644031956326,0,0,0.469822015978163,0.939644031956326,1.87928806391265,1.40946604793449,0,0,0,0.939644031956326,0.469822015978163,0.469822015978163,0,0,0.469822015978163,0.939644031956326,0.469822015978163,0.469822015978163,1.87928806391265,0.469822015978163,0,0,0,0,0.939644031956326,0,0,0,0,0,0,0.469822015978163,0,0,0,0,0,0,0,0,0,0,0,0,0,0,0,0.469822015978163,0,0
"influence",0.64738796059985,0,0.64738796059985,0,0.64738796059985,0.323693980299925,0,0.323693980299925,0.323693980299925,0,0,0,0.64738796059985,3.56063378329917,0.323693980299925,0,1.61846990149962,0.64738796059985,0,0,0.323693980299925,1.2947759211997,0.64738796059985,0.64738796059985,0.323693980299925,0.64738796059985,0.64738796059985,0.323693980299925,0,0,1.2947759211997,0,1.2947759211997,0.64738796059985,0.971081940899775,0.971081940899775,0,0,0,0,0.323693980299925,0,0,0,0,0,0.323693980299925,0,0.323693980299925,0,0,0,0,0,0.64738796059985,0,0,0,0
"new",0.0718820073061254,0,0.0718820073061254,0,0.0718820073061254,0,0,0.0718820073061254,0.143764014612251,0.0718820073061254,0,0,0.287528029224501,0.0718820073061254,0.359410036530627,0.0718820073061254,0.0718820073061254,0.0718820073061254,0.215646021918376,0.0718820073061254,0,0.0718820073061254,0.143764014612251,0.359410036530627,0.0718820073061254,0.503174051142877,0,0.215646021918376,0.359410036530627,0.143764014612251,0.287528029224501,0.359410036530627,0.215646021918376,0.790702080367379,0.431292043836752,0.503174051142877,0.0718820073061254,0.431292043836752,0.287528029224501,0,0.575056058449003,0.0718820073061254,0.287528029224501,0.503174051142877,0.359410036530627,0.575056058449003,1.07823010959188,0.646938065755128,0.215646021918376,0.646938065755128,1.00634810228575,0.646938065755128,2.08457821187764,0.359410036530627,0.0718820073061254,0.790702080367379,0.431292043836752,0.431292043836752,0.215646021918376
"free",0.161311863227261,0,0.161311863227261,0.241967794840892,0.0806559316136305,0.161311863227261,0.0806559316136305,0.241967794840892,0.161311863227261,0,0.161311863227261,0,0.161311863227261,0.887215247749936,1.12918304259083,0,0.0806559316136305,0.725903384522675,0.161311863227261,0,0.0806559316136305,0.0806559316136305,0.241967794840892,0.322623726454522,0.0806559316136305,0.564591521295414,0.322623726454522,0.887215247749936,0.241967794840892,0.161311863227261,0.241967794840892,0,0.241967794840892,0.161311863227261,0.241967794840892,0.0806559316136305,0,0.0806559316136305,0.241967794840892,0,0.887215247749936,1.69377456388624,0.403279658068153,0.403279658068153,0.0806559316136305,0.161311863227261,0,0.0806559316136305,0.241967794840892,0.322623726454522,0.725903384522675,0.0806559316136305,0.241967794840892,0.0806559316136305,0.564591521295414,0.161311863227261,0.241967794840892,0.0806559316136305,0
"commence",0.992700761258501,0,0,0,0,0,0.992700761258501,1.985401522517,3.970803045034,1.985401522517,0,0,0,0,0,0,0,0,0,0,0.992700761258501,0,0,0,0,0,0,0,0,0,0,0,0,0,0,0,0,0,0,0,0,0,0,0,0,0,0,0,0,0,0,0,0,0,0,0,0,0,0
"article",1.54170402328429,0,0,0,1.54170402328429,0,0,0,1.54170402328429,0.770852011642144,0,0,0,0.770852011642144,1.54170402328429,0,0,0,1.54170402328429,0,0.770852011642144,0,0,0.770852011642144,0,0,0,0,0,0,0,0,0,0,0,0,0,0,0,0,0,0,0,0,1.54170402328429,0,0,0,0,0,0,0,0,0,0,0,0,0,0
"executive",0.678976494966314,0,0.678976494966314,0.339488247483157,0.339488247483157,0,0,1.35795298993263,0.678976494966314,1.01846474244947,0.678976494966314,0,0.678976494966314,8.48720618707892,1.69744123741578,0.678976494966314,0,0,0.678976494966314,0,0,1.35795298993263,0.339488247483157,1.01846474244947,0.678976494966314,1.69744123741578,0.678976494966314,0.678976494966314,3.05539422734841,0,3.05539422734841,0,0,0.339488247483157,0,0.339488247483157,0.678976494966314,0,0,0,0,0.339488247483157,0,0,0,0,0,0,0,0,0.678976494966314,0,0,0,0,0,0,0,0
"department",1.03115901307768,0,0,0,0,0.515579506538838,0,1.54673851961651,1.03115901307768,1.54673851961651,0,0,0,7.21811309154373,2.06231802615535,0.515579506538838,1.03115901307768,0,0.515579506538838,0,0.515579506538838,0,0.515579506538838,0.515579506538838,0,2.06231802615535,0,0,0.515579506538838,0,3.09347703923303,0,0,0,0.515579506538838,1.54673851961651,0,0,0,0,0,0,0,0,0,0,0,0,0,0,0,0,0,0,0,0,0,0,0
"make",0.0226639846359438,0,0.0226639846359438,0.0453279692718876,0.0679919539078314,0.0453279692718876,0.0226639846359438,0.18131187708755,0.407951723446988,0.135983907815663,0.0453279692718876,0.0453279692718876,0.158647892451606,0.47594367735482,0.135983907815663,0.0679919539078314,0.0906559385437751,0.0226639846359438,0.249303830995382,0.0226639846359438,0,0.18131187708755,0.135983907815663,0.385287738811044,0.0679919539078314,0.249303830995382,0.0679919539078314,0.158647892451606,0.18131187708755,0.0453279692718876,0.611927585170482,0.135983907815663,0.0679919539078314,0.339959769539157,0.317295784903213,0.0679919539078314,0.0906559385437751,0.158647892451606,0.0226639846359438,0.0226639846359438,0.0906559385437751,0.18131187708755,0.0226639846359438,0.0226639846359438,0.0906559385437751,0.249303830995382,0.226639846359438,0,0.113319923179719,0.203975861723494,0.294631800267269,0.0906559385437751,0.18131187708755,0.0906559385437751,0.113319923179719,0.0453279692718876,0.271967815631325,0.18131187708755,0.0679919539078314
"president",0.202650287575149,0.202650287575149,0,0,0,0,0,0,0,0,0,0.202650287575149,0.202650287575149,2.83710402605209,0.405300575150298,0.607950862725448,0,0.202650287575149,0.405300575150298,0,0.202650287575149,0,0.405300575150298,0,0,0.810601150300597,0,1.2159017254509,0.202650287575149,0,0.202650287575149,0.202650287575149,0,0,0.202650287575149,0,0,0.405300575150298,0.202650287575149,0.202650287575149,0.202650287575149,0,0.202650287575149,0.810601150300597,0,0.607950862725448,0.202650287575149,0.607950862725448,1.01325143787575,0.607950862725448,1.2159017254509,0.405300575150298,0.202650287575149,0.607950862725448,0.810601150300597,0.202650287575149,0.405300575150298,1.01325143787575,1.41855201302604
"recommend",0.594760752586463,0,0.594760752586463,0,0,0,0,0.594760752586463,0.594760752586463,1.18952150517293,0,0.594760752586463,0,2.37904301034585,0.594760752586463,1.18952150517293,0,0,0,0,0.594760752586463,0.594760752586463,0.594760752586463,0,0,0,0,0,0,0,1.78428225775939,0,0,1.18952150517293,0,0,0.594760752586463,0,0,0,0,0,0,0,0,0,0,0,0,0,0,0,0,0,0,0,0,0,0
"consideration",0.492098410689315,0,0.98419682137863,0,0,0,0.98419682137863,0.492098410689315,0.98419682137863,0,0,0.98419682137863,0.98419682137863,0,0.492098410689315,0,0.492098410689315,0.98419682137863,0.492098410689315,0,0,0,0.492098410689315,0.492098410689315,0,1.47629523206795,0,2.46049205344658,0,0,3.93678728551452,0,0,0,0.492098410689315,0.492098410689315,0.492098410689315,0,0,0,0,0,0,0,0,0,0,0,0,0,0,0,0,0,0,0,0,0,0
"measure",0.680351901875606,0,0.453567934583737,0.226783967291869,0.907135869167474,0,0,0.226783967291869,1.81427173833495,0,0.226783967291869,0.226783967291869,0.226783967291869,2.04105570562682,0.680351901875606,0.680351901875606,0.453567934583737,0.226783967291869,0,0,0.226783967291869,0,0.680351901875606,0.226783967291869,0.226783967291869,0.226783967291869,0.226783967291869,0,0,0.226783967291869,0.453567934583737,0,0,0,0,0.226783967291869,1.13391983645934,0,1.13391983645934,0,0.226783967291869,0,0,0,0,0.226783967291869,0.226783967291869,0,0.226783967291869,0,0.226783967291869,0.226783967291869,0,0,0.226783967291869,0.226783967291869,0.226783967291869,0,0.453567934583737
"shall",0.189845506632624,0.189845506632624,0.253127342176831,0.379691013265247,0.442972848809455,0,0,0.379691013265247,0.379691013265247,0.253127342176831,0.379691013265247,0.189845506632624,0.316409177721039,0.632818355442079,0.696100190986287,0.949227533163118,0.569536519897871,1.13907303979574,1.07579120425153,0.316409177721039,0.0632818355442079,0.189845506632624,0.253127342176831,0.506254684353663,0.632818355442079,1.13907303979574,0.253127342176831,0.759382026530494,0.442972848809455,0.126563671088416,0.759382026530494,0.379691013265247,0.569536519897871,0.506254684353663,0.126563671088416,0.253127342176831,0.442972848809455,0.316409177721039,0.0632818355442079,0.442972848809455,0.316409177721039,0.696100190986287,0.126563671088416,0.316409177721039,0.189845506632624,0.253127342176831,0.442972848809455,0,0.0632818355442079,0.126563671088416,0,0.0632818355442079,0.126563671088416,0,0,0.189845506632624,0,0,0.126563671088416
"now",0.0465761420413551,0.0931522840827103,0,0.0465761420413551,0.139728426124065,0.0465761420413551,0.139728426124065,0,0.279456852248131,0.139728426124065,0.0465761420413551,0.139728426124065,0.232880710206776,0.232880710206776,0.186304568165421,0.0931522840827103,0.139728426124065,0.326032994289486,0.698642130620327,0.0931522840827103,0.372609136330841,0.139728426124065,0.279456852248131,0.419185278372196,0,0.232880710206776,0.139728426124065,0.465761420413551,0.465761420413551,0.0931522840827103,0.232880710206776,0.139728426124065,0.186304568165421,0.0465761420413551,0.0931522840827103,0,0.139728426124065,0.139728426124065,0,0.0465761420413551,0.279456852248131,0,0.139728426124065,0.0931522840827103,0.232880710206776,0.419185278372196,0.0465761420413551,0.139728426124065,0.232880710206776,0.465761420413551,0.0465761420413551,0.232880710206776,0.279456852248131,0.0931522840827103,0.186304568165421,0.279456852248131,0.232880710206776,0.279456852248131,0.232880710206776
"meet",0.202650287575149,0,0,0.202650287575149,0.202650287575149,0,0,0.405300575150298,0.405300575150298,0.202650287575149,0,0,0,0.405300575150298,0.202650287575149,0,0,0.202650287575149,0,0,0.607950862725448,0,0.202650287575149,0.405300575150298,0.202650287575149,0.202650287575149,0,1.01325143787575,0.405300575150298,0,0.810601150300597,0,0,0.202650287575149,0.810601150300597,0,1.01325143787575,0.202650287575149,0,0.202650287575149,0.202650287575149,0.405300575150298,0.607950862725448,0.405300575150298,0,0,1.01325143787575,0.202650287575149,0.202650287575149,0.810601150300597,0.202650287575149,0.202650287575149,0.405300575150298,0.202650287575149,0,1.2159017254509,0.405300575150298,0,0.810601150300597
"enter",0.428429330819938,0,0,0.428429330819938,0.856858661639876,0,0,1.28528799245981,0.856858661639876,0.428429330819938,0,0.428429330819938,0.856858661639876,0.856858661639876,1.28528799245981,0,0,0.856858661639876,1.28528799245981,0,0,0,0,0,0,0.856858661639876,0,1.28528799245981,0.856858661639876,0,0.856858661639876,0,0,0.428429330819938,1.28528799245981,0,0,0,0,0,0,0,0.428429330819938,0,0,0.428429330819938,0.856858661639876,0,0,0,0,0,0,0,0,0,0,0,0.428429330819938
"subject",0.587461513844963,0.293730756922482,0.293730756922482,0,0,0,0,0.293730756922482,0.881192270767445,0,0.587461513844963,0.293730756922482,1.46865378461241,3.2310383261473,1.17492302768993,0,1.46865378461241,1.17492302768993,0.881192270767445,0,0.587461513844963,1.17492302768993,1.76238454153489,1.17492302768993,0.293730756922482,0.881192270767445,0.587461513844963,1.17492302768993,0,0.293730756922482,2.05611529845737,0,0,0.293730756922482,0.587461513844963,0,0,0.293730756922482,0,0,0.293730756922482,0,0,0.293730756922482,0,0,0,0,0,0,0,0,0,0.293730756922482,0,0.293730756922482,0,0,0
"far",0.509597340623827,0,0.254798670311913,0.127399335155957,0,0.127399335155957,0.127399335155957,0.254798670311913,0.509597340623827,0.38219800546787,0.127399335155957,0,0.636996675779784,1.27399335155957,0.636996675779784,0.127399335155957,0.38219800546787,0.254798670311913,0.509597340623827,0,0.254798670311913,0.509597340623827,0.127399335155957,0.636996675779784,0,0.127399335155957,0.38219800546787,1.01919468124765,0.38219800546787,0,0.76439601093574,0,0.127399335155957,0,0.127399335155957,1.01919468124765,0,0.254798670311913,0.127399335155957,0.127399335155957,0,0.254798670311913,0.254798670311913,0.254798670311913,0,0.254798670311913,0.127399335155957,0,0.127399335155957,0.254798670311913,0.127399335155957,0,0.127399335155957,0,0.127399335155957,0.38219800546787,0,0.127399335155957,0.254798670311913
"refer",0.867762024650201,0,0,0,0,0,0,0,0,0,0,0,0.867762024650201,1.7355240493004,0,0,0,0,0.867762024650201,0,0,0,0.867762024650201,0.867762024650201,0,0,1.7355240493004,0,0,0,1.7355240493004,0,0,0,0,0,0,0,0,0,0,0,0,0,0,0,0,0,0,0,0,0,0,0,0,0,0,0,0
"constitutional",0.390640769930538,0.390640769930538,0,0.390640769930538,0,0,0,0.781281539861076,0,1.17192230979161,0.390640769930538,0.390640769930538,0.781281539861076,0.781281539861076,1.17192230979161,0.390640769930538,2.34384461958323,0,3.12512615944431,0,0.390640769930538,0,1.17192230979161,0.781281539861076,0,1.17192230979161,0.390640769930538,0,0.390640769930538,0,0.781281539861076,0,0,0.781281539861076,0.781281539861076,0,1.17192230979161,0.390640769930538,0,0,0,0,0,0,0,0,0,0,0,0,0,0,0,0,0,0,0,0,0
"assemble",0.729459326483919,0,0,0.729459326483919,0,0,0,0,0,0.729459326483919,0,0,0.729459326483919,1.45891865296784,0.729459326483919,0.729459326483919,0,0,0,0,0,0,0.729459326483919,0,0,0,0,0,0.729459326483919,0,0,0.729459326483919,0,0,0,0,0,0,0,0,0,0,0,0,0,0,0,0,0,0,0,0,0,0,0,0,0,0.729459326483919,0
"define",0.656908659335307,0,0,0,0,0,0,0,0,0,0,0,0,0.656908659335307,0,0,0,0,0,0,0,0,0,0,0,0,0.656908659335307,0,0,0,0,0,0,0,0,0,0,0,0,0,0,1.97072597800592,0,0,0,0,0,0.656908659335307,0,0,0,0.656908659335307,0.656908659335307,0.656908659335307,1.97072597800592,1.31381731867061,0.656908659335307,0.656908659335307,1.31381731867061
"power",0.143764014612251,0,0.431292043836752,0.359410036530627,0.287528029224501,0.143764014612251,0.143764014612251,0.431292043836752,1.43764014612251,0.718820073061254,0.431292043836752,0.503174051142877,0.646938065755128,4.5285664602859,1.79705018265313,0.215646021918376,0.93446609497963,0.790702080367379,0.287528029224501,0,0,0.215646021918376,0.215646021918376,0.790702080367379,0.287528029224501,0.718820073061254,0.431292043836752,0.503174051142877,0.287528029224501,0.359410036530627,0.431292043836752,0,0.503174051142877,0,0.359410036530627,0.287528029224501,0.215646021918376,0.718820073061254,0,0,0.0718820073061254,0.287528029224501,0.359410036530627,0.503174051142877,0,0.0718820073061254,0.143764014612251,0,0.143764014612251,0.143764014612251,0.215646021918376,0.143764014612251,0.359410036530627,0.287528029224501,0.215646021918376,0.287528029224501,0.143764014612251,0.287528029224501,0.359410036530627
"object",0.711757327342652,0,0.711757327342652,0.355878663671326,0.355878663671326,0,0.355878663671326,1.77939331835663,2.13527198202796,0.355878663671326,0.355878663671326,1.06763599101398,1.06763599101398,2.13527198202796,3.55878663671326,1.06763599101398,1.4235146546853,0.711757327342652,2.49115064569928,0.355878663671326,0.355878663671326,0,0,0.355878663671326,0.355878663671326,0,0.355878663671326,0,0.355878663671326,0,0.711757327342652,0,0,0,0.355878663671326,0,0,0,0,0,0,0,0,0,0,0,0,0,0,0,0,0,0,0,0,0,0,0,0.711757327342652
"attention",0.515579506538838,0,1.03115901307768,0,0,0,0,2.06231802615535,1.03115901307768,0,0.515579506538838,0.515579506538838,0,1.03115901307768,0,0.515579506538838,0.515579506538838,0,0.515579506538838,0.515579506538838,0,0,1.54673851961651,1.03115901307768,1.03115901307768,1.03115901307768,0,1.54673851961651,0,0,2.06231802615535,0,0.515579506538838,0,0,0,0,0,0,0,0,0,0,0,0,0,0,0,0,0,0,0,0,0,0,0,0,0,0
"give",0.0914679664437011,0,0.0304893221479004,0.0609786442958007,0.0609786442958007,0.0609786442958007,0.0609786442958007,0.0609786442958007,0.121957288591601,0.0914679664437011,0.0304893221479004,0.0304893221479004,0.182935932887402,0.548807798662206,0.0304893221479004,0.0304893221479004,0.121957288591601,0.0609786442958007,0.121957288591601,0.0609786442958007,0.0304893221479004,0.0914679664437011,0.0914679664437011,0.152446610739502,0.0304893221479004,0.274403899331103,0.0914679664437011,0.213425255035302,0.0914679664437011,0.0304893221479004,0.213425255035302,0.0304893221479004,0.0304893221479004,0.121957288591601,0.0609786442958007,0.121957288591601,0.121957288591601,0.0304893221479004,0,0.0609786442958007,0.0304893221479004,0.0914679664437011,0.0609786442958007,0.0304893221479004,0.0914679664437011,0.0609786442958007,0,0.0914679664437011,0,0.0609786442958007,0.0609786442958007,0.0609786442958007,0.182935932887402,0.0609786442958007,0.0914679664437011,0.0914679664437011,0.0609786442958007,0.0304893221479004,0.152446610739502
"consistent",0.770852011642144,0,0.770852011642144,0,0,0,0,1.54170402328429,0,0,0.770852011642144,0,0,0,0.770852011642144,0,1.54170402328429,0,0,0,0,0,0,0,0,1.54170402328429,0,0,0,0,0.770852011642144,0,0,0,0,0,0,0,0,0,0,0,0,0,0,0,0,0,0,0.770852011642144,0.770852011642144,0,0,0,0,0,0,0,0
"feeling",0.816609502202819,0,0,0,0,0,0,0,0,0.816609502202819,0.816609502202819,0,0.816609502202819,4.0830475110141,0,0.816609502202819,0.816609502202819,0,0,0,0,0,0,0,0,0,0,0,0,0,0,0.816609502202819,0,0,0,0,0,0,0,0,0,0,0,0,0,0,0.816609502202819,0,0,0,0,0,0,0,0,0,0,0,0
"place",0.143764014612251,0,0.0718820073061254,0.0718820073061254,0.359410036530627,0.0718820073061254,0.215646021918376,0.215646021918376,0.575056058449003,0.0718820073061254,0.0718820073061254,0.0718820073061254,0.0718820073061254,0.575056058449003,0.0718820073061254,0,0.287528029224501,0.143764014612251,0.143764014612251,0.0718820073061254,0.0718820073061254,0.143764014612251,0.0718820073061254,0.431292043836752,0.215646021918376,0.143764014612251,0.215646021918376,0.0718820073061254,0,0,0.143764014612251,0.0718820073061254,0.0718820073061254,0.287528029224501,0.0718820073061254,0.287528029224501,0.0718820073061254,0,0.0718820073061254,0,0.143764014612251,0.0718820073061254,0,0.143764014612251,0.287528029224501,0.0718820073061254,0.287528029224501,0.143764014612251,0.287528029224501,0.287528029224501,0.431292043836752,0.143764014612251,0.0718820073061254,0.215646021918376,0.0718820073061254,0.143764014612251,0,0,0.143764014612251
"recommendation",1.54170402328429,0,1.54170402328429,0,0,0,0,0,0.770852011642144,0,0,0,0,0.770852011642144,0,0,0,0,0.770852011642144,0,0,0.770852011642144,0,0,0,0,0,0.770852011642144,0.770852011642144,0,2.31255603492643,0,0,0,0,0.770852011642144,0,0,0,0,0,0,0,0,0,0,0,0,0,0,0,0,0,0,0,0,0,0,0
"particular",1.54170402328429,0,1.54170402328429,0,0,0,0,0,0,0,0,0,0.770852011642144,0.770852011642144,0,0.770852011642144,0.770852011642144,0.770852011642144,2.31255603492643,0,0,0,0,0,0,0.770852011642144,0,0,0,0,0,0,0,0,0,1.54170402328429,0,0,0,0,0,0,0,0,0,0,0,0,0,0,0,0,0,0,0,0,0,0,0
"due",0.515579506538838,0,0,0.515579506538838,2.06231802615535,0,0,1.03115901307768,1.03115901307768,0.515579506538838,0,0,0,0,0,0,0,0.515579506538838,0.515579506538838,0.515579506538838,0,0,0,0,1.54673851961651,0.515579506538838,0,0.515579506538838,0,0,2.06231802615535,0,0,0.515579506538838,0,1.54673851961651,0,0,0,0,0.515579506538838,0,0,0,0,0,0,0,0,0.515579506538838,0,0.515579506538838,0,0,0,0,0,0,0
"talent",0.624723975963906,0,0,0.624723975963906,0,0.624723975963906,0,0.624723975963906,0.624723975963906,1.87417192789172,0.624723975963906,0,0,0.624723975963906,0,0.624723975963906,0,0,0,0,0,0,0,0,0,0,0,0,0,0,0,0,0,0.624723975963906,0,0.624723975963906,0,0,0,0,0,0,0,0,0.624723975963906,0.624723975963906,0,0,0,0,0.624723975963906,0,0,0,0,0,0,0,0
"patriotism",0.428429330819938,0,0.428429330819938,0,0.428429330819938,0,0.428429330819938,0.428429330819938,0.856858661639876,0.856858661639876,0,0,1.71371732327975,1.28528799245981,0,0.856858661639876,0.428429330819938,0,0.428429330819938,0,0,0,0,0.428429330819938,0.428429330819938,2.14214665409969,0,0.428429330819938,0.428429330819938,0,0,0,0,0,0,0,0,0,0,0,0,0.428429330819938,0,0,0,0,0,0,0.428429330819938,0,0.428429330819938,0,0,0,0,0.428429330819938,0,0.428429330819938,0
"select",0.816609502202819,0,0.816609502202819,0.816609502202819,1.63321900440564,0,0,0,0,0,0.816609502202819,0,0,0,0.816609502202819,0,0,0,0,0,0,0,0,0,0.816609502202819,0,0,0,0,0,0.816609502202819,0,0,0,0,1.63321900440564,0,0,0,0,0,0,0,0,0,0,0,0,0,0,0,0,0,0,0,0,0,0,0
"devise",0.816609502202819,0,0,0,0.816609502202819,0,0,0,0,0,0,0,0,1.63321900440564,2.44982850660846,0,0,0.816609502202819,0,0,0,0,0,0,0,0,0,0.816609502202819,0.816609502202819,0,0,0,0,0,0.816609502202819,0,0,0,0,0,0.816609502202819,0,0,0,0,0,0,0,0,0,0,0,0,0,0,0,0,0,0
"adopt",0.515579506538838,0,1.03115901307768,0,0.515579506538838,0,0.515579506538838,0.515579506538838,1.03115901307768,0,0,0.515579506538838,0.515579506538838,2.06231802615535,1.03115901307768,1.03115901307768,0,0,0,0,0.515579506538838,0.515579506538838,0.515579506538838,0,0,0.515579506538838,0,0,0,0,1.54673851961651,0,0,0,1.03115901307768,0,0,0,0,0,0,0,0,0,0,0,0.515579506538838,0,0,0,0,0,0,0,0,0,0,0,0
"honorable",0.492098410689315,0,0,0,0.492098410689315,0.492098410689315,1.47629523206795,1.47629523206795,0.492098410689315,0,0.492098410689315,0,0.492098410689315,0,1.47629523206795,0.98419682137863,0,0,0,0,0,0,0.492098410689315,0.492098410689315,0,0.98419682137863,0,0,0.98419682137863,0,0,0,0,0,0.492098410689315,0,0,0,0,0.492098410689315,0,0.492098410689315,0.492098410689315,0,0,0,0,0,0,0,0,0,0,0,0.492098410689315,0,0,0,0
"sure",0.469822015978163,0,0,0.469822015978163,0,0,0.469822015978163,0,0.469822015978163,0,0,0,0,0.469822015978163,1.40946604793449,0,0.939644031956326,0,0,0,0,0.469822015978163,0.939644031956326,0,0.939644031956326,0.939644031956326,0.939644031956326,0.939644031956326,0.469822015978163,0,0,0,0,0.939644031956326,0,0.469822015978163,0,0,0,0,0,0,0.469822015978163,0.469822015978163,0,0,0,0,0,0,0,0,0,0,0,0.469822015978163,0.469822015978163,0,0
"pledge",0.265702033322238,0,0.265702033322238,0,0,0.265702033322238,0.265702033322238,0,0.265702033322238,0.531404066644476,0,0,0.265702033322238,0.797106099966715,0.265702033322238,0,0.797106099966715,0,0,0,0,0,0.265702033322238,0,0.531404066644476,0,0.797106099966715,0,0.265702033322238,0,0.265702033322238,0,0,0.531404066644476,0.265702033322238,0,0.531404066644476,0.531404066644476,0,0,0,0.265702033322238,1.06280813328895,1.85991423325567,0,0,0.531404066644476,0.265702033322238,0.531404066644476,0.265702033322238,0,0.265702033322238,0.531404066644476,0.531404066644476,0,0.265702033322238,0.531404066644476,0,0.531404066644476
"side",0.428429330819938,0,0,0,0,0,0.428429330819938,0,0.856858661639876,0,0,0,0,0.428429330819938,0,0,0.856858661639876,0.428429330819938,1.71371732327975,0,0,0,0,0,0,0,0.428429330819938,0,0,0,0,0.856858661639876,0,0.428429330819938,0.428429330819938,0.428429330819938,0.428429330819938,0.428429330819938,0,0,0,0,0,3.4274346465595,0.428429330819938,0.428429330819938,0,0,1.28528799245981,0.428429330819938,0,0,0,0.428429330819938,0.428429330819938,0.428429330819938,0,0,0
"local",0.409124175624551,0,0,0,0.409124175624551,0,0,0.818248351249103,0,0,0,0.409124175624551,0.818248351249103,0.818248351249103,1.22737252687365,0.409124175624551,0,0.409124175624551,0,0,0.409124175624551,0,1.6364967024982,1.6364967024982,0.409124175624551,1.22737252687365,0,0.409124175624551,0.409124175624551,0,1.22737252687365,0,0,0,0.409124175624551,1.6364967024982,0.409124175624551,0.409124175624551,0,0,0,0,0,0,0,0,0,0,0,0.818248351249103,0,0,0,0,0,0.409124175624551,0,0,0
"prejudice",0.469822015978163,0,0,0,0.469822015978163,0.469822015978163,0,0,0,1.40946604793449,0,0,0,0.939644031956326,0.469822015978163,0,0.939644031956326,0,0,0,0.939644031956326,0,0.469822015978163,0,0.469822015978163,0.939644031956326,0,0.469822015978163,0,0,0.939644031956326,0,0,0.469822015978163,0.469822015978163,0,0,0,0,0,0,0,0,0,0,0,0,0,0,0.469822015978163,0,0,0.939644031956326,0.469822015978163,0,0,0.469822015978163,0.469822015978163,0
"separate",0.624723975963906,0,0,0.624723975963906,0,0,0,0.624723975963906,0,0.624723975963906,0.624723975963906,0.624723975963906,0,3.12361987981953,0.624723975963906,0,0.624723975963906,0,0.624723975963906,0,0,0,0,0,0,0,0,0,0.624723975963906,0,0,0,0,0,1.24944795192781,0,0,0.624723975963906,0,0,0,0,0,0,0,0,0,0.624723975963906,0,0,0,0,0,0,0,0,0,0,0
"view",0.478746189199778,0,0,0.239373094599889,0.478746189199778,0.239373094599889,0.239373094599889,0.478746189199778,0.718119283799667,0.478746189199778,0.478746189199778,0.239373094599889,0.718119283799667,0.239373094599889,0.718119283799667,0.239373094599889,1.43623856759933,0.478746189199778,1.19686547299945,0,0.239373094599889,0.478746189199778,0.478746189199778,0.239373094599889,0.239373094599889,0.478746189199778,0,1.19686547299945,0,0,0.957492378399556,0.239373094599889,0.239373094599889,0.239373094599889,0,0.239373094599889,0,0,0,0,0,0.478746189199778,0,0.239373094599889,0,0.239373094599889,0,0,0,0,0,0,0,0.239373094599889,0,0,0,0,0.239373094599889
"party",0.226783967291869,0,1.13391983645934,0,0.226783967291869,0,0,0.680351901875606,2.49462364021055,1.58748777104308,0,0,0.226783967291869,2.72140760750242,0.453567934583737,0,0.226783967291869,0.453567934583737,1.58748777104308,0.453567934583737,0,0,3.17497554208616,0.226783967291869,0.453567934583737,1.13391983645934,0.453567934583737,1.81427173833495,0.453567934583737,0,0.453567934583737,1.13391983645934,0.226783967291869,0.226783967291869,2.49462364021055,1.36070380375121,0,0,0,0,0,0,0,0.226783967291869,0,0,0,0,0.226783967291869,0.226783967291869,0.226783967291869,0,0.226783967291869,0,0.226783967291869,0,0.226783967291869,0.453567934583737,0.226783967291869
"equal",0.214549510874857,0,0.643648532624571,0.858198043499428,0.429099021749714,0,0,0.643648532624571,1.28729706524914,1.28729706524914,0,0.214549510874857,0.643648532624571,0.214549510874857,0.858198043499428,0,0.643648532624571,0.214549510874857,0.643648532624571,0,0.214549510874857,0.214549510874857,0.214549510874857,1.07274755437428,0.214549510874857,0.643648532624571,0,0,0,0,0.214549510874857,0,0.429099021749714,0.214549510874857,0,0,0,0,0,0,0.858198043499428,0.429099021749714,0,0,0,0.429099021749714,0.214549510874857,0.214549510874857,0.429099021749714,0.214549510874857,0,0,0.429099021749714,0.214549510874857,0.214549510874857,0.214549510874857,1.28729706524914,0,0.214549510874857
"eye",0.624723975963906,0,0,0.624723975963906,0,0,0,0,0,0,0,0.624723975963906,0.624723975963906,0,0,0,0.624723975963906,0,0,0,0,0,0,0,0,0,0,0,0,0,0,2.49889590385562,0,0.624723975963906,0,0,0,0,0,0,0,0,0,0,0,0.624723975963906,0,0,0.624723975963906,0,0,0.624723975963906,1.24944795192781,0,0.624723975963906,1.24944795192781,0.624723975963906,0,0
"watch",0.594760752586463,0,0,0,0,0,0,0,0,0,0.594760752586463,0.594760752586463,0,0.594760752586463,0.594760752586463,0,0,0,0,0,0,0,0,0,0.594760752586463,0,0.594760752586463,0,0,0,0,0,0,0,0,0,0,0,0,0,0,0,0,0,0,0,0,0,0.594760752586463,0.594760752586463,1.78428225775939,0.594760752586463,0,0,1.18952150517293,0.594760752586463,0,0.594760752586463,1.18952150517293
"interest",0.117639497866801,0,0.588197489334003,0,1.0587554808012,0.352918493600402,0,1.41167397440161,0.705836987200803,0.823476485067604,0.352918493600402,0.235278995733601,0.941115982934404,1.64695297013521,1.88223196586881,0.705836987200803,0.588197489334003,0.235278995733601,0.117639497866801,0.352918493600402,0.352918493600402,0.235278995733601,1.17639497866801,0.588197489334003,0.941115982934404,1.17639497866801,0.588197489334003,0.823476485067604,0.117639497866801,0,1.29403447653481,0.117639497866801,0.705836987200803,0.235278995733601,0.235278995733601,0.117639497866801,0,0.117639497866801,0,0,0.117639497866801,0,0,0,0.117639497866801,0,0,0.117639497866801,0.235278995733601,0,0,0.117639497866801,0.235278995733601,0.470557991467202,0.235278995733601,0.235278995733601,0.117639497866801,0.117639497866801,0.117639497866801
"another",0.239373094599889,0,0,0.239373094599889,0.239373094599889,0,0.239373094599889,0.239373094599889,0.239373094599889,0.239373094599889,0,0.239373094599889,0,1.43623856759933,1.19686547299945,0,0,0,0.718119283799667,0.239373094599889,0.239373094599889,0,0,0,0.239373094599889,0.478746189199778,0.239373094599889,0,0,0,0.478746189199778,0,0.239373094599889,0.478746189199778,0.239373094599889,0.239373094599889,0,0,0,0,0,0.957492378399556,0,0,0.239373094599889,0.478746189199778,0.718119283799667,0.239373094599889,0,0.478746189199778,0,0.239373094599889,0.718119283799667,0.239373094599889,0.718119283799667,0,0.239373094599889,0.478746189199778,2.154357851399
"foundation",0.492098410689315,0,0,0,0.492098410689315,0,0,0,0,0,0,0,0.492098410689315,0.492098410689315,0,0,0.492098410689315,0,0,0,0,0,0.98419682137863,1.47629523206795,0,0,0,0.492098410689315,0.98419682137863,0.98419682137863,0.492098410689315,0.492098410689315,0,0.98419682137863,0.492098410689315,0.98419682137863,0,0.492098410689315,0,0,0,0,0,0,0,0,0,0,0,0,0,0.492098410689315,0,0,0,0.492098410689315,0,0,0.492098410689315
"national",0.10809417996057,0,0.43237671984228,0,0,0.21618835992114,0.21618835992114,0.864753439684561,0.43237671984228,0.648565079763421,0.43237671984228,0,0.32428253988171,0.21618835992114,0.54047089980285,0.10809417996057,0.648565079763421,0.10809417996057,0.972847619645131,0,0.32428253988171,0.10809417996057,0.32428253988171,0.756659259723991,0.43237671984228,0.43237671984228,0.648565079763421,0.32428253988171,0.54047089980285,0.21618835992114,0.54047089980285,0.10809417996057,0.54047089980285,0.648565079763421,0.32428253988171,0.54047089980285,0.972847619645131,0.10809417996057,0.21618835992114,0,0.32428253988171,0,0,0.10809417996057,0,0.10809417996057,0.10809417996057,0.10809417996057,0.54047089980285,0.648565079763421,0,0,0,0.10809417996057,0.10809417996057,0,0.10809417996057,0.21618835992114,0.21618835992114
"policy",0.478746189199778,0,0,0,0,0.239373094599889,0.239373094599889,0.718119283799667,0.718119283799667,1.19686547299945,0.239373094599889,0.718119283799667,0.478746189199778,0.478746189199778,2.154357851399,0.478746189199778,0.478746189199778,0.478746189199778,0.239373094599889,0,0.478746189199778,0,0.478746189199778,0.239373094599889,1.19686547299945,1.91498475679911,0.239373094599889,2.154357851399,0.718119283799667,0,3.35122332439845,0.239373094599889,0,0.957492378399556,1.67561166219922,0.718119283799667,0.718119283799667,0,0,0,0.239373094599889,0.239373094599889,0,0,0,0,1.67561166219922,0.239373094599889,0,0,0,0,0,0,0.478746189199778,0,0,0,0
"principle",0.179787404615645,0,0.539362213846935,1.6180866415408,0.71914961846258,0.35957480923129,0.179787404615645,1.6180866415408,1.07872442769387,1.25851183230951,0.179787404615645,0.179787404615645,1.43829923692516,3.77553549692854,1.43829923692516,0.35957480923129,0.35957480923129,0.898937023078225,0.35957480923129,0,0,0,1.07872442769387,0,0.35957480923129,0.179787404615645,0.71914961846258,0.898937023078225,0.539362213846935,0,0.539362213846935,0.179787404615645,1.07872442769387,0,1.07872442769387,0,0,0,0,0.179787404615645,0.539362213846935,1.07872442769387,0.35957480923129,0,0,0,0.179787404615645,0.35957480923129,0.179787404615645,0,0.179787404615645,0,0,0.71914961846258,0,0.179787404615645,0.71914961846258,0,0
"win",0.729459326483919,0,0,0,0,0,0,0,0,0,0,0,0,0,0,0,0,0,0,0,0,0,0,0.729459326483919,0,0.729459326483919,0,0,0,0,0.729459326483919,0,0,0,0,0,0,0.729459326483919,0,0,0,0.729459326483919,0,0,0,0.729459326483919,0,0,0.729459326483919,0,0,0.729459326483919,0,0,0,0,0.729459326483919,1.45891865296784,0
"affection",0.729459326483919,0,0,0.729459326483919,0.729459326483919,0,0,0.729459326483919,0,0,0,0.729459326483919,0.729459326483919,2.18837797945176,0,1.45891865296784,0.729459326483919,0,1.45891865296784,0,0,0,0,0,0,0,0,0,0,0,0,0,0,0,0,0,0,0,0,0,0,0,0,0,0,0,0,0,0,0.729459326483919,0,0,0,0,0,0,0,0,0
"command",0.54040309026387,0,1.08080618052774,0.54040309026387,0,0.54040309026387,0,0.54040309026387,1.08080618052774,0,0.54040309026387,0,0,1.08080618052774,0,0.54040309026387,0,0,0,0,0.54040309026387,0.54040309026387,0,0,0,0,1.08080618052774,1.62120927079161,0,0,0,0,0,0,0,0,0,0,0,0,0,0.54040309026387,0,0.54040309026387,0,0,0,0,0.54040309026387,0,0,0,0,0,0,0,0.54040309026387,0,0
"respect",0.265702033322238,0,0.265702033322238,0,0,0.531404066644476,0.265702033322238,0.797106099966715,1.59421219993343,0.797106099966715,0.265702033322238,0,0.531404066644476,1.06280813328895,0.797106099966715,0.265702033322238,1.06280813328895,0,0.265702033322238,0,0.531404066644476,0,1.59421219993343,0.531404066644476,0,1.85991423325567,0,0.265702033322238,0,0,2.39131829990014,0.265702033322238,0,0,0.265702033322238,1.59421219993343,1.06280813328895,0,0,0,0.265702033322238,0.265702033322238,0.797106099966715,0,0,0,1.59421219993343,0.797106099966715,0,0,0,0,0,0.265702033322238,0,0.265702033322238,0,0,0.797106099966715
"world",0.0465761420413551,0,0.139728426124065,0.0931522840827103,0.0931522840827103,0.0931522840827103,0.0465761420413551,0,0.0931522840827103,0.0465761420413551,0,0.0931522840827103,0.0931522840827103,0.0931522840827103,0.232880710206776,0,0.139728426124065,0.139728426124065,0.0465761420413551,0.0465761420413551,0.0465761420413551,0.0931522840827103,0.0931522840827103,0.0931522840827103,0.0465761420413551,0,0,0.279456852248131,0.0931522840827103,0.139728426124065,0.0931522840827103,0.0931522840827103,0.279456852248131,1.07125126695117,0.605489846537617,0.698642130620327,0.279456852248131,0.0465761420413551,0.139728426124065,0.0931522840827103,1.02467512490981,0.652065988578972,0.652065988578972,0.372609136330841,0.326032994289486,0.698642130620327,0.745218272661682,0.232880710206776,0.372609136330841,0.698642130620327,0.465761420413551,0.838370556744392,0.465761420413551,0.139728426124065,0.372609136330841,0.279456852248131,0.139728426124065,0.279456852248131,0.372609136330841
"satisfaction",0.624723975963906,0,1.24944795192781,0,0,0,0.624723975963906,0.624723975963906,1.24944795192781,1.87417192789172,0,0,0,0,0,0,0,0,0,0,0.624723975963906,0,0,0,0,0,0,0,0.624723975963906,0,0,0,0,0,0.624723975963906,0.624723975963906,0.624723975963906,0.624723975963906,0,0,0,0,0.624723975963906,0,0,0,0,0,0,0,1.24944795192781,0,0,0,0,0,0,0,0
"inspire",0.428429330819938,0,0.428429330819938,0.428429330819938,0.856858661639876,0,0,0,0,0,0.428429330819938,0.428429330819938,0,0.428429330819938,0,0.428429330819938,0,0.428429330819938,0,0,0.428429330819938,0,0,0,0,0,0,0.428429330819938,0.428429330819938,0,0,0,0,1.71371732327975,0.428429330819938,0.428429330819938,0,0,0,0,0.428429330819938,0.856858661639876,0.428429330819938,0,0.428429330819938,0.428429330819938,0,0,0,0,0,0,0,0.428429330819938,0,0,0,0,0.428429330819938
"since",1.17492302768993,0,0.293730756922482,0,0.293730756922482,0,0,0,2.34984605537985,1.46865378461241,0.293730756922482,0.293730756922482,0.293730756922482,1.17492302768993,0.587461513844963,0,0,0.881192270767445,0.293730756922482,0,0,0.293730756922482,0,0.587461513844963,0,0,0,1.17492302768993,0.587461513844963,0,0.587461513844963,0,0.587461513844963,0.293730756922482,0.587461513844963,0,0,0,0.293730756922482,0,0.293730756922482,0.293730756922482,0,0.293730756922482,0,0.587461513844963,0.293730756922482,0,0,0.293730756922482,0.587461513844963,0.293730756922482,0,0.293730756922482,0,0,0,0,0
"truth",0.390640769930538,0,0.390640769930538,0.390640769930538,1.56256307972215,0.390640769930538,0,0,0,0,0,0.390640769930538,0,0,0,0,0,0.390640769930538,0.781281539861076,0,0,0,0.390640769930538,0.390640769930538,0,0,0.390640769930538,0,0,0,0,0,0,0.390640769930538,0,0.390640769930538,1.17192230979161,1.17192230979161,0,0.781281539861076,0.390640769930538,1.17192230979161,0.781281539861076,0,0,0,0,0,0,0,0,0.781281539861076,0,0,0.390640769930538,0.390640769930538,1.17192230979161,0,1.95320384965269
"exist",0.469822015978163,0,0,0,0,0.469822015978163,0,0.469822015978163,1.40946604793449,0.469822015978163,0.469822015978163,0.469822015978163,2.81893209586898,5.63786419173796,3.28875411184714,0,0.939644031956326,0.939644031956326,3.28875411184714,0,0,0.469822015978163,0.939644031956326,0,0,1.40946604793449,0,0,0.939644031956326,0,2.34911007989082,0,0,0,0,0.939644031956326,0,0,0,0,0,0,0,0,0,0,0,0,0,0,0,0,0,0,0,0,0,0.939644031956326,0
"economy",0.265702033322238,0,0,0.265702033322238,0,0.265702033322238,0,0.265702033322238,0.531404066644476,0.265702033322238,0.265702033322238,0.265702033322238,0,0,0.265702033322238,0.265702033322238,0.265702033322238,0,0,0,0,0,0.265702033322238,0.265702033322238,0.265702033322238,0.265702033322238,0.797106099966715,0.531404066644476,0.265702033322238,0,0.265702033322238,0.265702033322238,0,0.265702033322238,1.59421219993343,0.265702033322238,0.265702033322238,0,0,0,0,0,0,0,0,0.265702033322238,0,0,1.06280813328895,1.32851016661119,0,0.797106099966715,0.531404066644476,0.531404066644476,0,0.797106099966715,0.265702033322238,0,0
"course",0.252338071764257,0,1.00935228705703,0.252338071764257,0.75701421529277,0.252338071764257,0,0.252338071764257,1.00935228705703,0,0.504676143528513,0,0.504676143528513,1.26169035882128,0,0,0.504676143528513,0,0.252338071764257,0.252338071764257,0.252338071764257,0.252338071764257,0.504676143528513,0,0,0,0,0,0.252338071764257,0,1.51402843058554,0.252338071764257,0,0.252338071764257,1.00935228705703,0,0.504676143528513,0,0,0,0.504676143528513,0.252338071764257,0,0.504676143528513,0.252338071764257,0.252338071764257,0,0,0,0.252338071764257,0.252338071764257,0,0.75701421529277,0.252338071764257,0,0,0.252338071764257,0.252338071764257,0
"union",0.531404066644476,0,0.531404066644476,0.531404066644476,0.797106099966715,0.531404066644476,0,2.65702033322238,1.32851016661119,5.31404066644476,0.265702033322238,2.39131829990014,0.531404066644476,3.4541264331891,8.50246506631162,0.531404066644476,1.32851016661119,2.39131829990014,5.31404066644476,1.06280813328895,0.531404066644476,0.531404066644476,0.797106099966715,2.92272236654462,0,1.06280813328895,0,0,0,0,0,0,0,0.265702033322238,0,0,0,0,0,0,0,0,0,0,2.39131829990014,0,0,0,0,1.32851016661119,0.265702033322238,0,1.06280813328895,0.265702033322238,0.265702033322238,0,0.265702033322238,0,0.531404066644476
"virtue",0.515579506538838,0,1.54673851961651,0.515579506538838,0,0.515579506538838,0,1.03115901307768,1.54673851961651,1.03115901307768,0.515579506538838,0,0.515579506538838,0.515579506538838,0,0,0,0.515579506538838,0.515579506538838,0,0,0,0,0.515579506538838,0,1.54673851961651,0.515579506538838,0,0,0.515579506538838,0,0,0,0,0,0,0,0,0,0,0,0.515579506538838,0,0,0,0,0,0,0,0,0,0,0,0,0,1.03115901307768,0,0,0
"advantage",0.448632716908225,0,0.448632716908225,0,0,0,0,1.7945308676329,1.34589815072467,0,0.448632716908225,0,0.89726543381645,0.89726543381645,0.448632716908225,0,1.34589815072467,0.89726543381645,0,0,0,0.448632716908225,0,0,0.448632716908225,1.34589815072467,0.89726543381645,0.448632716908225,0,0,0.448632716908225,0,0.448632716908225,0,0.448632716908225,0.448632716908225,0,0,0,0,0,0,0,0,0,0,0.448632716908225,0,0,0,0,0.448632716908225,0,0,0,0,0,0,0
"honest",0.515579506538838,0,0.515579506538838,2.06231802615535,0,0,0,0,0,0.515579506538838,0,0,0.515579506538838,0,0,0.515579506538838,0,0.515579506538838,0,0,0,0,1.03115901307768,1.03115901307768,1.03115901307768,1.54673851961651,0.515579506538838,0,0.515579506538838,0,0,0.515579506538838,0,0,0,0.515579506538838,0,0.515579506538838,0,0,0,0,0,0,0,0,0,0,0,0,0.515579506538838,0,0,0,0,0,0.515579506538838,0,0
"reward",0.428429330819938,0,0,0,0,0.428429330819938,0,0.428429330819938,0,0,0,0,0,0,0,0,0.428429330819938,0,0,0,0,0,0.428429330819938,0,0.856858661639876,0,0.428429330819938,0,0,0,0,0,0,0.856858661639876,0.856858661639876,0.428429330819938,0,0,0,0,0.428429330819938,0.428429330819938,0.428429330819938,0.428429330819938,0,0,0,0,0,0.428429330819938,0.428429330819938,0,0.428429330819938,0.428429330819938,0.428429330819938,0,0.428429330819938,0.428429330819938,0.428429330819938
"prosperity",0.226783967291869,0,0.453567934583737,0.226783967291869,0,0.226783967291869,0.226783967291869,0.453567934583737,0.453567934583737,0,0,0.226783967291869,1.13391983645934,0.226783967291869,0.907135869167474,0.226783967291869,0.680351901875606,0.680351901875606,0,0,0.226783967291869,0,0.680351901875606,0.226783967291869,0.907135869167474,0.453567934583737,0.226783967291869,0.680351901875606,0.226783967291869,0,0.226783967291869,0,0,0.226783967291869,0.907135869167474,1.13391983645934,0,0.680351901875606,0,0,0.680351901875606,0,0.226783967291869,0,0,0,0,0,0,0,0.226783967291869,0.226783967291869,0.226783967291869,0,0,0.680351901875606,0.226783967291869,0.226783967291869,0
"heaven",1.54170402328429,0,0,0,0,0,0.770852011642144,0,0,1.54170402328429,0,0,0,0,0.770852011642144,0,0.770852011642144,0.770852011642144,0.770852011642144,0,0,0,0,0,0,0,0,0,0,0,0,0,0,0.770852011642144,0,0,0,0,0,0,0,0,0,0,0,0,0,0,0,0,0,0,0.770852011642144,0,0.770852011642144,0,0,0,0
"expect",0.355878663671326,0,0.355878663671326,0.355878663671326,0,0,0,0.355878663671326,0.355878663671326,0,0,0,0.711757327342652,1.06763599101398,0.355878663671326,0.355878663671326,1.77939331835663,0,0,0.355878663671326,0,0,0.711757327342652,0,0.355878663671326,3.20290797304194,0.355878663671326,0.711757327342652,0,0.355878663671326,1.06763599101398,0,0,0.355878663671326,1.77939331835663,0,0.355878663671326,0,0,0,0,0,0,0.355878663671326,0,0.355878663671326,0.711757327342652,0,0,0,0,0.355878663671326,0,0.355878663671326,0,0,0,0,0
"disregard",0.770852011642144,0,0,0,0,0,0,0.770852011642144,0,0,0.770852011642144,0,1.54170402328429,0.770852011642144,0,0,0.770852011642144,0,0,0,0,0.770852011642144,0,0,0,0,0.770852011642144,0,0,0,0,0,0,0,1.54170402328429,1.54170402328429,0,0,0,0,0,0,0,0,0,0,0,0,0,0,0,0,0,0,0,0,0,0,0
"right",0.0609786442958007,0,0.0609786442958007,0.182935932887402,0.121957288591601,0.152446610739502,0.0609786442958007,0.182935932887402,0.213425255035302,0.304893221479004,0.0914679664437011,0.0914679664437011,0.152446610739502,0.579297120810107,0.457339832218505,0.0609786442958007,0.457339832218505,0.0914679664437011,0.426850510070605,0.0914679664437011,0.0609786442958007,0.0304893221479004,0.182935932887402,0.182935932887402,0.182935932887402,0.243914577183203,0.0914679664437011,0.152446610739502,0.0609786442958007,0.0609786442958007,0.304893221479004,0.121957288591601,0.121957288591601,0.0304893221479004,0.365871865774804,0.0304893221479004,0.0304893221479004,0,0.0304893221479004,0,0.213425255035302,0.0914679664437011,0.0304893221479004,0.0914679664437011,0.0304893221479004,0,0.213425255035302,0.121957288591601,0.0304893221479004,0.152446610739502,0.152446610739502,0.0609786442958007,0.0304893221479004,0.0304893221479004,0.182935932887402,0.0304893221479004,0.0914679664437011,0.152446610739502,0.0914679664437011
"preservation",0.56673202898622,0,0.56673202898622,1.13346405797244,0,0,0,0,0,0,0.56673202898622,2.26692811594488,0,1.13346405797244,0.56673202898622,0,0.56673202898622,0,0,0,0,0,0.56673202898622,0.56673202898622,0,0.56673202898622,0,0.56673202898622,0,0,0,0,0,1.13346405797244,0,1.13346405797244,0,0,1.13346405797244,0,0,0,0,0,0,0,0,0,0,0,0,0,0.56673202898622,0,0,0,0,0,0
"sacred",0.492098410689315,0,0,0.98419682137863,0,0,0.492098410689315,0,0,0,0,0.98419682137863,1.47629523206795,0.98419682137863,0.492098410689315,0,0.492098410689315,0.98419682137863,0,0,0,0,0,0.492098410689315,0.492098410689315,0,0,0,0,0,0.492098410689315,0,0,0,0,0.492098410689315,0.98419682137863,0,1.47629523206795,0,0,0,0,0,0,0.492098410689315,0,0,0,0,0,0.492098410689315,0,0,0,0.492098410689315,0,0,1.47629523206795
"fire",0.594760752586463,0,0,0,0,0,0,0,0,0,0,0,0,0,0.594760752586463,0,0,0,0,0,0,0.594760752586463,0,0.594760752586463,0,0.594760752586463,0,0,0,0,0.594760752586463,0,0.594760752586463,0,0,0,0,0,1.18952150517293,0,0,0.594760752586463,0.594760752586463,0.594760752586463,0,0,0,0,0.594760752586463,0,0,0,0,0,2.37904301034585,0,0.594760752586463,0,0.594760752586463
"destiny",0.339488247483157,0,0.339488247483157,0.678976494966314,0,0.339488247483157,0,0.339488247483157,0,0.339488247483157,0,0,0,0,0.678976494966314,0,0.339488247483157,0.678976494966314,0,0,0,0,0.339488247483157,0.678976494966314,0.678976494966314,0,0,0.678976494966314,0.339488247483157,0,0,0,0,1.01846474244947,0.339488247483157,0.339488247483157,0.339488247483157,0,1.01846474244947,0,0,0.339488247483157,1.01846474244947,0,0.678976494966314,1.69744123741578,0,0,0,0,0,0,0.339488247483157,0,0.339488247483157,0.339488247483157,0,0.678976494966314,0
"republican",0.54040309026387,0,0.54040309026387,2.16161236105548,0,0.54040309026387,0,0.54040309026387,0,1.08080618052774,0,0,0,2.70201545131935,1.08080618052774,0.54040309026387,0,0,0.54040309026387,0,0,0,0.54040309026387,0,0.54040309026387,0,0.54040309026387,0,0,0,0.54040309026387,0,0,0,0,0.54040309026387,0,0,0.54040309026387,0,0,0,0,0,0,0,0,0,0,0.54040309026387,0,0,0,0,0,0,0,0,0
"justly",0.624723975963906,0,0,0.624723975963906,0,0,0,0,0,0,0,0,0.624723975963906,0.624723975963906,0.624723975963906,0,0.624723975963906,0,0,0,0,0,0,0,0,0,0.624723975963906,0,0,0.624723975963906,0.624723975963906,0,0.624723975963906,1.24944795192781,0,0,0,0,0.624723975963906,0,0.624723975963906,0,0,0,0,0,0,0.624723975963906,0,0,0,0,0,0,0,0,0,0,0
"consider",0.469822015978163,0,1.40946604793449,0,0.469822015978163,0,0.939644031956326,0,1.40946604793449,0,0.939644031956326,0,0,2.81893209586898,0,0,0.469822015978163,1.40946604793449,0.939644031956326,0,0,0.469822015978163,0.939644031956326,0,0,0,0,0.939644031956326,0,0,0.469822015978163,0,0,0,0.469822015978163,0.939644031956326,0,0.939644031956326,0.469822015978163,0,0,0,0,0,0,0,0,0,0,0,0,0,0,0,0.469822015978163,0.469822015978163,0,0,0
"perhaps",0.515579506538838,0,0,0,0,0,0,1.03115901307768,0,1.03115901307768,1.03115901307768,0,0.515579506538838,1.03115901307768,0,0,0.515579506538838,0,0.515579506538838,0,0,0,0.515579506538838,0.515579506538838,0,0,0,0.515579506538838,0,0,0,0.515579506538838,0.515579506538838,1.03115901307768,0,0,0,0,0,0,0.515579506538838,0,0,0.515579506538838,0,0,0,0,0,0,1.03115901307768,0,0,0,0,0,0,0,0.515579506538838
"deeply",0.448632716908225,0,0.448632716908225,0,0.448632716908225,0,0.448632716908225,0.448632716908225,0.448632716908225,0.89726543381645,0,0.448632716908225,0.89726543381645,0.448632716908225,0.448632716908225,0,0,0.448632716908225,0,0,0,0,0.448632716908225,0,0,0,0.448632716908225,0,0,0,0,0.448632716908225,0.89726543381645,0,0,0.448632716908225,0,0,0.448632716908225,0,0.448632716908225,0.448632716908225,0,0,0,0,0,0,0.448632716908225,0,0,0,0,0,0,0,0,0,0
"finally",0.624723975963906,0,0,0,0,0,0,0,0,0,0,1.24944795192781,0,0,0,0,0,0.624723975963906,0.624723975963906,0,0,0,0,0.624723975963906,0,0,0,0,0,0,0,0,0,0,0.624723975963906,0,0.624723975963906,0,0.624723975963906,0,0,0,0,1.24944795192781,0,0,0,0,0,1.24944795192781,0,0,0,0,0.624723975963906,0.624723975963906,0,0.624723975963906,0.624723975963906
"experiment",0.54040309026387,0,0.54040309026387,0.54040309026387,1.62120927079161,0,0,0.54040309026387,0.54040309026387,0.54040309026387,0,0,0.54040309026387,0,0,0,1.08080618052774,0,0,0,0,0,0,0.54040309026387,0,0,0,1.08080618052774,0.54040309026387,1.08080618052774,0.54040309026387,0,0,2.16161236105548,0,0,0,0,0.54040309026387,0,0,0,0.54040309026387,0,0,0,0,0,0,0,0,0,0,0,0,0,0,0,0
"american",0.179221548533114,0,0.268832322799671,0,0.089610774266557,0,0.089610774266557,0.089610774266557,0,0,0,0.179221548533114,0.089610774266557,0.627275419865899,0,0.179221548533114,0.179221548533114,0.179221548533114,0.179221548533114,0.089610774266557,0,0,0.089610774266557,0.089610774266557,0.358443097066228,0.537664645599342,0.716886194132456,0.806496968399013,0.627275419865899,0,0.716886194132456,0,0.179221548533114,0.806496968399013,0.268832322799671,0.537664645599342,0.179221548533114,0.358443097066228,0.358443097066228,0.089610774266557,0.358443097066228,0.268832322799671,0.179221548533114,0.358443097066228,0.627275419865899,0.358443097066228,0.179221548533114,0.268832322799671,0.89610774266557,1.2545508397318,0.358443097066228,1.16494006546524,1.43377238826491,0.806496968399013,0.89610774266557,0.448053871332785,0.89610774266557,1.34416161399835,1.61299393679803
"ordinary",0.816609502202819,0,0,0,0,0,0,0,0,0.816609502202819,0,0,0,1.63321900440564,0,0,0,0,0.816609502202819,0,0,0,0,0.816609502202819,0,1.63321900440564,0,0.816609502202819,0.816609502202819,0,0,0,0,0,0,0,0,0.816609502202819,0,0,0,0,0,0,0,0,0,0,0,0,0,0,0,0,0,0,0,0,0
"submit",0.656908659335307,0,0,0,0,0,0,0,0,0,0,0.656908659335307,1.97072597800592,1.31381731867061,0.656908659335307,0,0,0.656908659335307,0,0,0,0,1.31381731867061,0,0,0.656908659335307,0,0,0.656908659335307,0,1.97072597800592,0,0,1.31381731867061,0,0,0.656908659335307,0,0,0,0,0,0,0,0,0,0,0,0,0.656908659335307,0,0,0,0,0,0,0,0,0
"remain",0.279490317807872,0,0.558980635615743,0,0.838470953423615,0,0,0,1.11796127123149,0.279490317807872,0,0.279490317807872,1.39745158903936,0.558980635615743,1.11796127123149,0.279490317807872,0,0.558980635615743,0.279490317807872,0,0,0,0.558980635615743,0,0,0.558980635615743,0,0.279490317807872,0.838470953423615,0.279490317807872,0.279490317807872,0,0.558980635615743,0,0,0,0.279490317807872,0,0.279490317807872,0,0,0.279490317807872,0,0.279490317807872,0,0.558980635615743,0.558980635615743,0,0,0.838470953423615,0.279490317807872,0,0.279490317807872,0.279490317807872,0,1.11796127123149,0.279490317807872,0,0
"judgment",0.355878663671326,0,0.711757327342652,0.355878663671326,0.711757327342652,0,0,0,0.711757327342652,0,0,0,0.355878663671326,1.06763599101398,0.711757327342652,0,0.355878663671326,0.355878663671326,0.711757327342652,0.355878663671326,0.355878663671326,0.711757327342652,1.06763599101398,1.06763599101398,0,0.711757327342652,0.711757327342652,0.711757327342652,0.355878663671326,0,0.355878663671326,0,0.355878663671326,0.711757327342652,0,0,0,0,0,0,0,0,0,0,0.711757327342652,0,0.355878663671326,0,0,0,0,0,0,0,0,0,0.355878663671326,0,0
"decide",1.38334153118904,0,0,0.691670765594519,0,0,0,0,0,0,0,0,0.691670765594519,0.691670765594519,0,0,0.691670765594519,2.07501229678356,1.38334153118904,0,0,0,0,0,0,0,0,0,0,0,0,0,0,0,0,0,0,0,0,0,0.691670765594519,0,0,0,0.691670765594519,0,0.691670765594519,0,0.691670765594519,0,0,0,0,0,0,0.691670765594519,0,0,0
"exercise",0.372912002970107,0,0.372912002970107,0.372912002970107,1.11873600891032,0,0,0.372912002970107,0,0,0,1.86456001485053,0,3.35620802673096,3.35620802673096,0,0.745824005940213,0.372912002970107,1.49164801188043,0,0.372912002970107,0.745824005940213,0,0.372912002970107,0.745824005940213,0.745824005940213,0.372912002970107,0,0.372912002970107,0,2.23747201782064,0,0,0.745824005940213,0,0,0,0.372912002970107,0,0,0.372912002970107,0,0,0,0,0,0,0,0,0,0.372912002970107,0,0,0,0.372912002970107,0,0.372912002970107,0,0
"constitution",0.191068415025334,0.191068415025334,1.71961573522801,0.382136830050668,1.146410490152,0.191068415025334,0,0.764273660101336,0,1.52854732020267,0.382136830050668,0.382136830050668,0.573205245076002,7.06953135593736,2.86602622538001,0.764273660101336,0.95534207512667,3.24816305543068,4.58564196060802,0,0.382136830050668,0,1.146410490152,3.24816305543068,1.52854732020267,2.10175256527867,0.382136830050668,0.382136830050668,0.573205245076002,0,0.382136830050668,0,0,0,0.95534207512667,0.191068415025334,0.191068415025334,0.191068415025334,0.382136830050668,0.191068415025334,0,0.191068415025334,0,0,0,0.191068415025334,0,0,0.191068415025334,0,0,0,0,0,0.191068415025334,0,0.191068415025334,0,0.573205245076002
"urge",0.624723975963906,0,0,0,0,0,0,0,1.24944795192781,0.624723975963906,0,0,0,0,0.624723975963906,0,0,0,0,0,0.624723975963906,0,0.624723975963906,0.624723975963906,0,1.24944795192781,0,0.624723975963906,0,0,1.87417192789172,0,0,0,0.624723975963906,0.624723975963906,0.624723975963906,0,0,0,0,0,0,0,0,0,0,1.24944795192781,0,0,0,0,0,0,0,0,0,0,0
"degree",0.469822015978163,0,0.939644031956326,0,0,0,0,2.34911007989082,1.87928806391265,0,0,0,0,0.939644031956326,0.939644031956326,0,1.40946604793449,0.939644031956326,0,0,0,0,0,0.469822015978163,0,0.469822015978163,0,0,0.469822015978163,0.469822015978163,0.469822015978163,0.469822015978163,0,0.469822015978163,0.469822015978163,0.939644031956326,0,0,0.469822015978163,0,0,0,0,0,0,0,0,0.469822015978163,0.469822015978163,0,0,0,0,0,0,0,0,0,0
"birth",0.624723975963906,0,0,0.624723975963906,0,0,0,0,0,0,0,0,0.624723975963906,0,1.24944795192781,0,0,1.24944795192781,0,0,0.624723975963906,0,0,0,0.624723975963906,0,0,0,0,0,0,0,0,0.624723975963906,0,0,0,0.624723975963906,0,0,0,0,0,0,0,0,0,0.624723975963906,0,0,0,0,0,1.87417192789172,0.624723975963906,1.24944795192781,0,0.624723975963906,0
"instead",0.515579506538838,0,0,0,0.515579506538838,0,0,0.515579506538838,0,0,0,0,0,0,0,0,0,0,0.515579506538838,0,0,0,0,0,0.515579506538838,0,0.515579506538838,0,0.515579506538838,0,0,0,0,0,0,0,0,0.515579506538838,0,0,0,0,0,1.03115901307768,0,1.03115901307768,0,0.515579506538838,0,0.515579506538838,0,0.515579506538838,1.03115901307768,0.515579506538838,1.03115901307768,0.515579506538838,0,0,0.515579506538838
"undertake",0.56673202898622,0,0,1.13346405797244,0.56673202898622,0,0,0,0,0.56673202898622,0.56673202898622,0,0,0,0,0,0,0.56673202898622,0,0,0,0,0.56673202898622,0,0,0,0.56673202898622,0,0.56673202898622,0.56673202898622,0,0,0,0,0,0,0,0.56673202898622,0.56673202898622,0,1.13346405797244,0.56673202898622,0,0,0,0,0,0.56673202898622,0,0,0,0.56673202898622,0,0,0,0,0,0,0
"guide",0.409124175624551,0,0,0.409124175624551,0.818248351249103,0,0,0,0,0,0,0,0.409124175624551,0,0.409124175624551,0.409124175624551,0,0,0,0,0,0.409124175624551,0.409124175624551,0,0.409124175624551,0,0.409124175624551,0,0.409124175624551,0,0,0,0.409124175624551,0,0,0,0.818248351249103,0.409124175624551,0,0,0,0.409124175624551,0,0,0,0,0,0,0,0,0.409124175624551,0,0.409124175624551,0.409124175624551,0.409124175624551,0.409124175624551,1.22737252687365,0.409124175624551,0.409124175624551
"light",0.745824005940213,0,0,0,0,0.372912002970107,0,0.372912002970107,0.745824005940213,0,0.372912002970107,0,0.372912002970107,0,0,0,1.49164801188043,0,0,0,0,0,0,1.49164801188043,0,0.372912002970107,0,0,0,0,0.372912002970107,0.372912002970107,0.372912002970107,0.372912002970107,0,0,0,0.372912002970107,0,0,0,1.49164801188043,0.372912002970107,0.745824005940213,0,0.745824005940213,0,0,0,0.745824005940213,0.745824005940213,0.372912002970107,0,0,0.372912002970107,0.745824005940213,0.372912002970107,0,0.372912002970107
"derive",0.691670765594519,0,0,0,0,0,0,2.07501229678356,1.38334153118904,1.38334153118904,0,0,1.38334153118904,1.38334153118904,0,0,0,0,0.691670765594519,0,0,0,0,0,0,0.691670765594519,0.691670765594519,0,0,0,2.07501229678356,0,0.691670765594519,0,0,0.691670765594519,0,0,0,0,0,0,0,0,0,0,0,0,0,0,0,0,0,0,0,0,0,0,0
"opportunity",0.616908027486376,0,0,0,0,0,0.308454013743188,0,0.308454013743188,0.308454013743188,0,0,0,0,0.308454013743188,0,0.308454013743188,0,0.308454013743188,0,0,0,0,0,0,0.308454013743188,0,0.308454013743188,0,0,0,0.925362041229564,0.925362041229564,1.85072408245913,1.23381605497275,1.85072408245913,0,0.308454013743188,0.308454013743188,0,0.616908027486376,0,0.308454013743188,0,0,0.616908027486376,0.616908027486376,0.308454013743188,1.23381605497275,1.23381605497275,0,0.925362041229564,1.23381605497275,0.308454013743188,0,0.308454013743188,0.616908027486376,0,0.308454013743188
"way",0.158068154922409,0,0,0,0,0,0.158068154922409,0,0.158068154922409,0,0,0,0.316136309844817,0.158068154922409,0.158068154922409,0,0.158068154922409,0.316136309844817,0.158068154922409,0,0,0,0.316136309844817,0,0.158068154922409,0.316136309844817,0,0.158068154922409,0.474204464767226,0,0.948408929534452,0.158068154922409,0.316136309844817,1.26454523937927,0.474204464767226,0.474204464767226,0.474204464767226,0.790340774612043,0.158068154922409,0.632272619689635,0.158068154922409,0.632272619689635,0,0,0.790340774612043,0.316136309844817,0.632272619689635,0.158068154922409,0.158068154922409,0.474204464767226,0.474204464767226,0.474204464767226,0.316136309844817,0.474204464767226,0.158068154922409,0.474204464767226,0.316136309844817,0.316136309844817,0.948408929534452
"entire",0.770852011642144,0,0,0,0.770852011642144,0,0,0,0,0,0,0,1.54170402328429,2.31255603492643,0.770852011642144,0,0,0,0,0,0,0,1.54170402328429,0,0.770852011642144,0.770852011642144,0,2.31255603492643,0,0,0,0,0,0,0,0.770852011642144,0,0,0,0,0,0,0,0,0,0,0,0,0,0,0,0,0,0,0,0,0,0,0
"pursuit",0.56673202898622,0,0,0.56673202898622,0.56673202898622,0,0,0,0,0,0,0,0.56673202898622,0,0.56673202898622,0,1.13346405797244,0,0,0,0,0.56673202898622,0,0,0,0.56673202898622,0,0,0.56673202898622,0,0.56673202898622,0,0,0.56673202898622,0,0,0,0.56673202898622,0,0,0.56673202898622,0,0,0,0.56673202898622,0,0,0,0,0,0,0.56673202898622,0,0,0,0,1.13346405797244,0,0
"whilst",0.925753971627887,0,0,0,0,0.925753971627887,0,0,0,0,0,0,0.925753971627887,2.77726191488366,0,0,0.925753971627887,5.55452382976732,0,0,0.925753971627887,0,0,0,0,0,0,0,0,0,0,0,0,0,0,0,0,0,0,0,0,0,0,0,0,0,0,0,0,0,0,0,0,0,0,0,0,0,0
"avoid",0.56673202898622,0,0,0,0,0.56673202898622,0,0,0,0,0,0,1.13346405797244,0.56673202898622,1.13346405797244,0,0,0.56673202898622,0.56673202898622,0,0,0,0,0,0,1.13346405797244,0.56673202898622,1.70019608695866,0.56673202898622,0,2.26692811594488,0,0.56673202898622,0,0,0,0,0,0,0,0,0,0,0,0,0,0,0,0,0,0,0,0.56673202898622,0,0.56673202898622,0,0.56673202898622,0,0
"benefit",0.409124175624551,0,0,0,0.409124175624551,0,0,0,0.409124175624551,0.409124175624551,0,0,0.818248351249103,0.818248351249103,1.22737252687365,0,0.409124175624551,0.818248351249103,0.409124175624551,0,0,0,0.409124175624551,0.818248351249103,1.22737252687365,1.22737252687365,0.818248351249103,0.818248351249103,0,0,1.6364967024982,0,0,0.409124175624551,0,0.409124175624551,0,0,0,0,2.45474505374731,0,0,0,0,0,0,0.409124175624551,0,0,0,0,0.409124175624551,0,0,0,0,0.409124175624551,0
"effective",0.656908659335307,0,0,0,0,0,0,0,0,1.31381731867061,0,0,0,0.656908659335307,0,0,0,0,0,0,0.656908659335307,0,0,0,0,0,0.656908659335307,0,0,0,3.28454329667654,0.656908659335307,0,0,1.97072597800592,1.97072597800592,0.656908659335307,1.31381731867061,0,0,0.656908659335307,0.656908659335307,0,0,0,0,0,0,0,0,0,0,0,0,0,0,0,0,0
"await",0.691670765594519,0,0,0,0.691670765594519,0,0.691670765594519,0.691670765594519,0,0,0,0,0,0,0,0,0,0,0,0,0,0,0,0.691670765594519,0,0,0.691670765594519,0,0,0,0,0,0,0,0,0,0,0,0,0,0,0.691670765594519,0.691670765594519,0,0.691670765594519,0,0,0.691670765594519,0,0,0.691670765594519,0,0.691670765594519,0,0,0,0,0,0
"lesson",0.594760752586463,0,0,0,0,0,0,0,0,0.594760752586463,0.594760752586463,0.594760752586463,1.18952150517293,0,0,0,0,0,0,0,0,0,0,0,0,0.594760752586463,1.18952150517293,0.594760752586463,0,0,0,0,0,0.594760752586463,0,0,0,0,0,0.594760752586463,0,0,0,0,0,0.594760752586463,0,0,0,0.594760752586463,0.594760752586463,0,0,0,0,0,1.18952150517293,0,0.594760752586463
"regard",0.355878663671326,0,0.711757327342652,0,0.355878663671326,0,0.355878663671326,0.355878663671326,1.06763599101398,0.355878663671326,0.711757327342652,0,1.4235146546853,1.4235146546853,1.4235146546853,0,2.49115064569928,1.06763599101398,0.355878663671326,0.355878663671326,0.711757327342652,0,2.84702930937061,0,0.711757327342652,0.355878663671326,0.711757327342652,0,0.355878663671326,1.06763599101398,1.06763599101398,0,0,0,0,0,0,0.355878663671326,0,0,0,0.355878663671326,0,0,0,0,0,0,0,0,0,0,0,0,0,0.355878663671326,0,0,0
"harmony",0.56673202898622,0,0,0.56673202898622,1.70019608695866,0,0,1.13346405797244,0.56673202898622,1.13346405797244,0,0,0.56673202898622,2.8336601449311,1.13346405797244,0,0.56673202898622,0.56673202898622,0.56673202898622,0,0,0.56673202898622,0,0,0,0,0,0,0.56673202898622,0,0,0,0,0,0,0,0,0,0,0,1.13346405797244,0,0,0,0,0,0,0,0,0,0.56673202898622,0,0,0,0,0,0,0,0
"question",0.214549510874857,0,0,0.214549510874857,0,0.214549510874857,0,0.214549510874857,0.429099021749714,0.429099021749714,0,0,0.214549510874857,0.214549510874857,0.643648532624571,0.214549510874857,0.858198043499428,2.57459413049828,1.501846576124,0,1.07274755437428,0.858198043499428,2.14549510874857,1.07274755437428,0,0.214549510874857,0.214549510874857,1.07274755437428,0.643648532624571,0,1.07274755437428,0.643648532624571,0.214549510874857,0.429099021749714,0.429099021749714,0.429099021749714,0,0,0,0,0,0.429099021749714,0,0,0,0,0.214549510874857,0.214549510874857,0.214549510874857,0.429099021749714,0,0.214549510874857,0.214549510874857,0,0.858198043499428,0.643648532624571,0,0,0
"promote",0.390640769930538,0,0.781281539861076,0,0,0.390640769930538,0,1.56256307972215,0.781281539861076,1.95320384965269,0.781281539861076,1.17192230979161,0,0,0.390640769930538,0.390640769930538,0,1.56256307972215,0,0,0,0,0.390640769930538,0.781281539861076,1.17192230979161,2.34384461958323,0,0.390640769930538,0.390640769930538,0,0.781281539861076,0,0,2.73448538951377,1.17192230979161,0.781281539861076,0,0.390640769930538,0,0,0,0.390640769930538,0,0,0,0,0,0,0,0,0,0,0,0,0.390640769930538,0,0,0,0
"add",0.390640769930538,0,0.781281539861076,0,0.781281539861076,0,0.390640769930538,0.781281539861076,1.56256307972215,0,0,0,0.781281539861076,0.390640769930538,0.390640769930538,0,0.390640769930538,0,0.781281539861076,0,0.390640769930538,0,0,1.17192230979161,0.390640769930538,1.56256307972215,0,0,0.390640769930538,0,0,0,0.390640769930538,1.56256307972215,0,0,0,0.390640769930538,0,0,0,0,0,0,0.390640769930538,0.390640769930538,0,0,0.390640769930538,0,0,0,0,0,0.390640769930538,0,0,0,0.390640769930538
"address",0.691670765594519,0,0,0,0,0.691670765594519,0,0,0,0.691670765594519,0,0,0,0,0,0.691670765594519,0,0,2.07501229678356,1.38334153118904,0,0,0,0,0,0,0,0,0,0,0.691670765594519,0,0.691670765594519,0,0,0,1.38334153118904,0,0.691670765594519,0,0,0,0,0,0,0.691670765594519,0,0,0.691670765594519,0,0,0,0,0,0,0,0,0,0
"concern",0.265702033322238,0,0.265702033322238,0.531404066644476,0,0,0,0.265702033322238,0.265702033322238,0.265702033322238,0,0.531404066644476,0.531404066644476,1.06280813328895,0.531404066644476,0,0,0.265702033322238,0.265702033322238,0,0,0.265702033322238,0.265702033322238,1.06280813328895,0.265702033322238,0,0.531404066644476,0.265702033322238,0,0,0.265702033322238,0.265702033322238,0.265702033322238,1.32851016661119,0.531404066644476,1.32851016661119,0.265702033322238,0.265702033322238,0,0,0.531404066644476,0.531404066644476,0.265702033322238,0,0,0.797106099966715,0,0,0.265702033322238,0,0,0,0,0.265702033322238,0,0,0,0,0
"therefore",0.390640769930538,0,0,0,1.56256307972215,0,0,1.17192230979161,1.17192230979161,0.390640769930538,0.390640769930538,0.781281539861076,0.390640769930538,1.95320384965269,0.390640769930538,0,0.781281539861076,0.390640769930538,0.390640769930538,0,0,0.781281539861076,0,0.390640769930538,0,0.781281539861076,0,1.56256307972215,0,0.390640769930538,1.56256307972215,0,0.390640769930538,0,0,0.390640769930538,0,0.390640769930538,0,0,0.781281539861076,0,0,0,0,0,0,0,0.390640769930538,0,0,0,0,0,0,0,0,0,0
"possible",0.492098410689315,0,0.492098410689315,0,0,0,0,0,0,0.98419682137863,0,0,0.492098410689315,0.492098410689315,0.98419682137863,0.492098410689315,0,0.98419682137863,2.46049205344658,0,0,0.492098410689315,0,1.47629523206795,0,0.98419682137863,0,0.98419682137863,0,0,2.95259046413589,0,0,0,0,0,0.98419682137863,0,0,0,0,1.47629523206795,0.492098410689315,0,0,0.98419682137863,0,0,0,0,0,0.492098410689315,0,0,0,0,0,0,0
"honor",0.202650287575149,0.202650287575149,1.41855201302604,0.405300575150298,0,0.405300575150298,0.202650287575149,0.202650287575149,0.405300575150298,0.202650287575149,0.202650287575149,0,0.607950862725448,0.607950862725448,0.405300575150298,0.202650287575149,0.405300575150298,0.202650287575149,0,0,0.405300575150298,0.202650287575149,0.202650287575149,0,0,0.607950862725448,0.202650287575149,0.607950862725448,0.607950862725448,0,0.405300575150298,0,0,0,0.202650287575149,0,0.202650287575149,0,0,0.202650287575149,0.202650287575149,0.810601150300597,0.810601150300597,0,0,0.405300575150298,0.202650287575149,0,0,0.202650287575149,0,0,0,0.405300575150298,0.810601150300597,0.202650287575149,0,0,0.607950862725448
"service",0.179787404615645,0,0.539362213846935,0.35957480923129,0.179787404615645,0.35957480923129,0.179787404615645,0.35957480923129,0,0.539362213846935,0.539362213846935,0,0.179787404615645,0.35957480923129,0,0.179787404615645,0.35957480923129,0.179787404615645,0.898937023078225,0,0,0.539362213846935,0.898937023078225,0.898937023078225,0.35957480923129,0.898937023078225,1.07872442769387,0.35957480923129,0,0,0,0.179787404615645,0.179787404615645,1.07872442769387,0.35957480923129,1.25851183230951,0,0.179787404615645,0.179787404615645,0.179787404615645,0,0.35957480923129,0.179787404615645,0.179787404615645,0,0,0,0,0,0,0,0.71914961846258,0,0.539362213846935,0.179787404615645,0.539362213846935,0.179787404615645,0,0.35957480923129
"struggle",0.409124175624551,0,0,0,0,0,0.409124175624551,0,0.409124175624551,0,0,0,0.409124175624551,0,0,0,0.818248351249103,0,0,0,0,0.409124175624551,0.409124175624551,0.409124175624551,0,0.409124175624551,0,0,0,0,1.22737252687365,0.818248351249103,0.409124175624551,0,0,0,0,0,0,0,0,0.409124175624551,0.409124175624551,1.22737252687365,0.409124175624551,0,0,0.409124175624551,1.22737252687365,1.22737252687365,0,0,0,0.409124175624551,0,0.409124175624551,0,0.409124175624551,0.818248351249103
"contemplate",0.656908659335307,0,0,0.656908659335307,0.656908659335307,0,0,0.656908659335307,0.656908659335307,0,0,0,0.656908659335307,0,0.656908659335307,0,0.656908659335307,0,0,0,0,0,0,0,0.656908659335307,0,0.656908659335307,0,0,0,0,0,0,1.31381731867061,0.656908659335307,0,0,0,0,0,0,0,0,0,0,0.656908659335307,0,0,0,0,0,0,0,0,0,0,0,0,0
"require",0.35957480923129,0.179787404615645,0,0,0.179787404615645,0,0.179787404615645,0.35957480923129,0.71914961846258,0.179787404615645,0.35957480923129,0,0,0.71914961846258,0.71914961846258,0,0.539362213846935,0.898937023078225,0.179787404615645,0,0.539362213846935,0.179787404615645,0.179787404615645,0.35957480923129,0.179787404615645,0.179787404615645,0.179787404615645,0,0.35957480923129,0,0.898937023078225,0,0,0.35957480923129,0.898937023078225,0,0.35957480923129,0.35957480923129,0,0,0.179787404615645,0.179787404615645,0,0.179787404615645,0.35957480923129,0,0.35957480923129,0.179787404615645,0.539362213846935,0,0,0.179787404615645,0,0.179787404615645,0.179787404615645,0.179787404615645,1.43829923692516,0,0.35957480923129
"still",0.137383556062558,0,0.137383556062558,0.137383556062558,0.137383556062558,0,0.274767112125115,0.137383556062558,0.549534224250231,0.274767112125115,0,0,0.412150668187673,0.549534224250231,0,0,0.137383556062558,0.274767112125115,0.549534224250231,0.274767112125115,0,0,0.412150668187673,0.274767112125115,0.274767112125115,0,0.137383556062558,0.274767112125115,0.274767112125115,0.137383556062558,0.137383556062558,0,0.274767112125115,0.137383556062558,0.137383556062558,0.274767112125115,0.412150668187673,0,0.412150668187673,0.137383556062558,0,0.137383556062558,0.137383556062558,0.137383556062558,0.137383556062558,0,0,0.412150668187673,0,0.274767112125115,0.137383556062558,0.549534224250231,0.137383556062558,0.137383556062558,0.274767112125115,0.274767112125115,0.824301336375346,0,0.274767112125115
"produce",0.448632716908225,0,0.448632716908225,0,1.34589815072467,0,0,1.7945308676329,2.24316358454112,0,0,0,0.89726543381645,4.48632716908225,0.89726543381645,0,0,0.89726543381645,0.448632716908225,0,0,0,0,0,0,0,0,0.448632716908225,0,0,0.448632716908225,0,0,0,0.448632716908225,0,0.89726543381645,0,0,0,0.89726543381645,0.448632716908225,0,0,0,0.448632716908225,0.448632716908225,0,0.448632716908225,0,0.89726543381645,0,0.448632716908225,0,0,0,0,0,0
"must",0.164546004022035,0,0.10969733601469,0.10969733601469,0.164546004022035,0,0,0.21939467202938,0.10969733601469,0,0.10969733601469,0.21939467202938,0.274243340036725,0.493638012066105,0.65818401608814,0,0.493638012066105,0.10969733601469,0.43878934405876,0.164546004022035,0.10969733601469,0.054848668007345,0.32909200804407,0,0,0.32909200804407,0.21939467202938,1.26151936416894,0.21939467202938,0.32909200804407,1.04212469213956,0.054848668007345,0.164546004022035,1.26151936416894,0.932427356124865,0.822730020110175,0.493638012066105,0.10969733601469,0.21939467202938,0.10969733601469,0.493638012066105,0.54848668007345,0.493638012066105,0.054848668007345,0.54848668007345,0.054848668007345,0.10969733601469,0.43878934405876,0.54848668007345,0.65818401608814,0.493638012066105,0.98727602413221,0.54848668007345,0.32909200804407,0.32909200804407,0.43878934405876,0.932427356124865,0.164546004022035,0.54848668007345
"personal",0.428429330819938,0,0.856858661639876,0.428429330819938,0,0.428429330819938,0,0,0,0.428429330819938,0,0,0,1.28528799245981,0,0,1.28528799245981,0.428429330819938,0.856858661639876,0,0,0,0.428429330819938,0,0,0.856858661639876,0.856858661639876,0,0,0,0,0,0,0,0,0,0.428429330819938,0.428429330819938,0,0,0.428429330819938,0,0,0,0,0,0,0.428429330819938,0.428429330819938,0,0,0.428429330819938,0.428429330819938,0.428429330819938,0,0,0.428429330819938,0,0.428429330819938
"include",0.770852011642144,0,0,0,0,0,0,0,0,0,0,0,1.54170402328429,0.770852011642144,0,0,0,0,0.770852011642144,0,0,0,0,0,0,0,0.770852011642144,0,0,0,1.54170402328429,0,0,0,0,0.770852011642144,0,0,0,0,0.770852011642144,0,0,0,0,0,0.770852011642144,0,0,0,0,0,0,0,0.770852011642144,0,0,0,0
"permanent",0.448632716908225,0,0.448632716908225,0,0,0,0,0.448632716908225,2.24316358454112,0.448632716908225,0,0,0.448632716908225,0,0,0,0,0,0.448632716908225,0,0,0,0.89726543381645,0.89726543381645,0,0.448632716908225,0,0.89726543381645,0.448632716908225,0,0.448632716908225,0,0,0.448632716908225,1.34589815072467,1.34589815072467,0.448632716908225,0,0.448632716908225,0,0,0,0,0,0,0.448632716908225,0,0,0,0,0,0,0.448632716908225,0,1.34589815072467,0,0,0,0
"provision",0.624723975963906,0,0,0,0,0.624723975963906,0,0,2.49889590385562,1.24944795192781,0,0,1.24944795192781,1.87417192789172,0,0,0.624723975963906,0,5.62251578367516,0,0,0,0.624723975963906,0,0,0.624723975963906,0,1.87417192789172,0,0,1.87417192789172,0,0,0,0,0.624723975963906,0.624723975963906,0,0,0,0,0,0,0,0,0,0,0,0,0,0,0,0,0,0,0,0,0,0
"continuance",0.770852011642144,0,0.770852011642144,0,0,0,0,0,1.54170402328429,0,0,0,0,3.08340804656858,0.770852011642144,1.54170402328429,0.770852011642144,0,0,0,0,0,0,0,0,0.770852011642144,0,0,0,0,0,0,0,0,0,0.770852011642144,0,0,0,0,0,0,0,0,0,0,0,0,0,0,0.770852011642144,0,0,0,0,0,0,0,0
"limit",0.308454013743188,0,0,0,1.85072408245913,0.308454013743188,0,0.616908027486376,1.54227006871594,0.925362041229564,0.308454013743188,0,1.85072408245913,1.54227006871594,3.08454013743188,0.308454013743188,1.23381605497275,0,0.308454013743188,0,0,0.308454013743188,0.308454013743188,0,0.616908027486376,0.308454013743188,0.616908027486376,0,0,0,0,0.308454013743188,0.308454013743188,0,0,0.308454013743188,0,0,0.308454013743188,0,0.308454013743188,0.308454013743188,0,0,0,0.308454013743188,0,0.616908027486376,0.616908027486376,0.616908027486376,0,0,0,0.308454013743188,0,0,0,0,0
"actual",0.867762024650201,0,0,0,0,0,0,0,0,0,0,0,4.338810123251,0.867762024650201,0,0,0.867762024650201,1.7355240493004,0,0,0,0,0,0,0.867762024650201,0,0,0,0,0,0,0,0.867762024650201,0,1.7355240493004,0,0,0,0,0,0,0,0,0,0,0,0,0,0,0,0,0,0,0,0,0,0,0,0
"expenditure",0.469822015978163,0,0,0,0,0.469822015978163,0,0,0.469822015978163,1.87928806391265,0.469822015978163,0.469822015978163,0,0,0.469822015978163,0.469822015978163,0,0.469822015978163,0,0,0.469822015978163,0,0,0.469822015978163,0.469822015978163,1.87928806391265,0.939644031956326,1.87928806391265,0.469822015978163,0,2.81893209586898,0,0,0.939644031956326,0.939644031956326,0.939644031956326,0,0,0,0,0,0,0,0,0,0,0,0,0,0,0,0,0,0,0,0,0,0,0
"thus",0.492098410689315,0,0,0,0.492098410689315,0,0,1.47629523206795,1.47629523206795,0,0.492098410689315,0,0.98419682137863,0.98419682137863,0,0,0.98419682137863,1.96839364275726,0,0,0,0,0.492098410689315,0.492098410689315,0.492098410689315,0.492098410689315,0.492098410689315,1.47629523206795,0,0,0.492098410689315,0,0,0,0,0.492098410689315,0,0,0,0,0,0,1.47629523206795,0,0.98419682137863,0,0,0,0,0,0,0,0,0,0,0,0,0,0
"occasion",0.339488247483157,0.339488247483157,0.678976494966314,0,1.35795298993263,0.339488247483157,0,0,0.339488247483157,0,0.339488247483157,0.339488247483157,0.678976494966314,1.01846474244947,0.339488247483157,0,0,0.678976494966314,0,0.678976494966314,0,0,0.339488247483157,0,0.339488247483157,1.69744123741578,0.339488247483157,0,0.339488247483157,0,0.339488247483157,0.339488247483157,0,0.678976494966314,0,0.678976494966314,0,0,0,0,0.339488247483157,0,0,0,0.339488247483157,0,0,0,0.339488247483157,0.339488247483157,0,0,0,0,0,0,0,0,0.339488247483157
"bring",0.158068154922409,0,0,0.158068154922409,0,0.158068154922409,0.158068154922409,0.474204464767226,0.158068154922409,0,0.158068154922409,0,0.158068154922409,0.474204464767226,0.158068154922409,0,0.158068154922409,0,0.158068154922409,0,0.158068154922409,0.316136309844817,0.158068154922409,0.316136309844817,0.158068154922409,0.474204464767226,0,0,0,0.316136309844817,0.632272619689635,0,0,0,0,0.316136309844817,0.158068154922409,0.158068154922409,0.158068154922409,0,0.632272619689635,0.316136309844817,0.158068154922409,0.316136309844817,0.316136309844817,0.158068154922409,0.316136309844817,0.158068154922409,0,0.474204464767226,0.474204464767226,0.316136309844817,0,0.316136309844817,0.316136309844817,0.158068154922409,0.158068154922409,0.632272619689635,0.316136309844817
"together",0.279490317807872,0,0,0,0,0,0,0.558980635615743,0.279490317807872,0.279490317807872,0,0.279490317807872,0.279490317807872,0,0.558980635615743,0,0,0.279490317807872,0,0,0,0.279490317807872,0,0,0,0,0,0,0.279490317807872,0,0,0,0.838470953423615,0,0,0,0,0.558980635615743,0.558980635615743,0.279490317807872,0.838470953423615,0,0,0.558980635615743,0.838470953423615,2.23592254246297,1.9564322246551,1.9564322246551,0.558980635615743,1.9564322246551,0.558980635615743,0.558980635615743,1.67694190684723,0.279490317807872,0.279490317807872,0.279490317807872,1.9564322246551,1.11796127123149,1.67694190684723
"take",0.0718820073061254,0.0718820073061254,0,0.0718820073061254,0.0718820073061254,0,0.0718820073061254,0.0718820073061254,0.359410036530627,0,0.0718820073061254,0.143764014612251,0,0.287528029224501,0.359410036530627,0.215646021918376,0.0718820073061254,0.215646021918376,0.575056058449003,0.0718820073061254,0.143764014612251,0.0718820073061254,0,0,0.143764014612251,0.503174051142877,0.0718820073061254,0.359410036530627,0.215646021918376,0,0.862584087673504,0.143764014612251,0.0718820073061254,0.287528029224501,0.215646021918376,0.143764014612251,0.287528029224501,0.143764014612251,0.143764014612251,0.0718820073061254,0.143764014612251,0,0.0718820073061254,0.0718820073061254,0.0718820073061254,0.215646021918376,0.0718820073061254,0.143764014612251,0.359410036530627,0.215646021918376,0.431292043836752,0.215646021918376,0.0718820073061254,0.0718820073061254,0,0.287528029224501,0.143764014612251,0.0718820073061254,0.359410036530627
"leave",0.265702033322238,0,0,0.531404066644476,0.797106099966715,0,0,0.265702033322238,0,0.265702033322238,0.265702033322238,0,1.32851016661119,1.59421219993343,0.265702033322238,0,0.531404066644476,0.531404066644476,0.265702033322238,0,0,0.265702033322238,0,0.531404066644476,0,0.531404066644476,0,0.265702033322238,0.797106099966715,0.531404066644476,0.265702033322238,0.265702033322238,0,0.797106099966715,0,0.265702033322238,0.265702033322238,0.531404066644476,0,0,0,0,0,0,0,0.797106099966715,0,0,0.265702033322238,0.797106099966715,0.797106099966715,0,0,0,0,0.265702033322238,0.265702033322238,1.06280813328895,0.265702033322238
"resort",0.691670765594519,0,0,0,0,0,0.691670765594519,0,2.76668306237808,1.38334153118904,0,0,0.691670765594519,0,0,0.691670765594519,0,0.691670765594519,0,0,0,0,0,0,0,0,0,0.691670765594519,0,0,0.691670765594519,0,0,0.691670765594519,0,0,0.691670765594519,0,0,0,0,0,0,0,0,0,0,0,0,0.691670765594519,0,0,0,0,0,0,0,0,0
"race",0.428429330819938,0,0,0,0,0,0,0,0,0,0,0,0,0,0,0,0.428429330819938,0.856858661639876,0,0,0,0,2.14214665409969,2.99900531573957,0,0.856858661639876,0.428429330819938,0,0,0.428429330819938,5.99801063147913,0,0,0,0.428429330819938,1.28528799245981,0,0,0,0.428429330819938,0.428429330819938,0.856858661639876,0,0.428429330819938,0,0.428429330819938,0,0.856858661639876,0,0.428429330819938,0,0.428429330819938,0.428429330819938,0.428429330819938,0,0.428429330819938,0,0,0
"favor",0.339488247483157,0,0,0.678976494966314,1.01846474244947,0.339488247483157,0,2.03692948489894,0.678976494966314,0.339488247483157,0.339488247483157,0,0.339488247483157,0.339488247483157,0.678976494966314,0,0,0.339488247483157,0.678976494966314,0,0.678976494966314,0,0.678976494966314,0,0.339488247483157,0.678976494966314,1.01846474244947,0.678976494966314,0.339488247483157,0,1.35795298993263,0,0,0.678976494966314,1.69744123741578,0,0.339488247483157,0,0,0,0,0,0,0,0.339488247483157,0,0,0,0,0,0,0,0,0.339488247483157,0,0.339488247483157,0,0,0
"perfect",0.492098410689315,0,0.492098410689315,0,0,0,0,0.492098410689315,0.492098410689315,0.98419682137863,0,0,0.98419682137863,0.98419682137863,1.47629523206795,0,0,0.98419682137863,1.96839364275726,0,0,0,0,0,0,0.98419682137863,0,0,0.492098410689315,0,0.492098410689315,0.492098410689315,0,0,0,0.492098410689315,0,0,0,0.98419682137863,0,0.492098410689315,0,0,0,0,0,0,0,0,0,0,0.98419682137863,0,0,0,0,0,0.492098410689315
"tranquillity",0.867762024650201,0,0.867762024650201,0,0.867762024650201,0,0,0,0,1.7355240493004,0,0,1.7355240493004,1.7355240493004,0,0,1.7355240493004,0,0,0,0,0,0,0,0,0,0,0,0,0,0,0,0,0,1.7355240493004,0,0,0,0,0,0,0,0,0,0,0,0,0,0,0,0,0,0,0,0,0,0,0,0
"disposition",0.624723975963906,0,0.624723975963906,0,0.624723975963906,0.624723975963906,0.624723975963906,0,0.624723975963906,0,0,0,0.624723975963906,0,0.624723975963906,0,0,0,0,0,0,0,0.624723975963906,0,0,1.24944795192781,0.624723975963906,0.624723975963906,0,0,0.624723975963906,0,0,0.624723975963906,0,0,0,0,0,0,0,0,0,0,0,0,0,0,0,0,0,0,0,0,0,0,0,0,0
"form",0.239373094599889,0,1.67561166219922,0.957492378399556,0,0,0.239373094599889,1.43623856759933,0.478746189199778,0.718119283799667,0.239373094599889,0,1.19686547299945,2.63310404059878,1.67561166219922,0,0.478746189199778,1.19686547299945,0.718119283799667,0,0,0,0.478746189199778,0.239373094599889,0.718119283799667,0.239373094599889,0.239373094599889,0.478746189199778,0.239373094599889,0.239373094599889,0.957492378399556,0.239373094599889,0,0,0.239373094599889,0.478746189199778,0.718119283799667,0,0.718119283799667,0.239373094599889,0.478746189199778,0,0,0.718119283799667,0,0,0,0,0,0,0.239373094599889,0,0.239373094599889,0,0,0,0,0.239373094599889,0
"security",0.265702033322238,0,0,0,0,0,0.265702033322238,0.531404066644476,0,0.531404066644476,0,0,0.265702033322238,0.531404066644476,0.265702033322238,0,1.06280813328895,0.265702033322238,0.797106099966715,0,0.265702033322238,0,0,0,0.265702033322238,0.797106099966715,0,0,0.531404066644476,0,0.531404066644476,0,0,0.265702033322238,0.531404066644476,0.531404066644476,0,0.265702033322238,0.531404066644476,0,2.39131829990014,1.06280813328895,0.531404066644476,0,0,0,0,0,0.265702033322238,1.06280813328895,0.265702033322238,0,0.265702033322238,0.265702033322238,0.797106099966715,0.265702033322238,0.797106099966715,0,0.531404066644476
"advancement",0.770852011642144,0,0,0,0,1.54170402328429,0,0,0,0,0.770852011642144,0,0,0.770852011642144,0.770852011642144,0,2.31255603492643,0,0,0,0,0,0,0,0,0,0.770852011642144,0,0,0,0.770852011642144,0,0,0,0.770852011642144,3.08340804656858,0,0,0,0,0,0,0,0,0,0,0,0,0,0,0,0,0,0,0,0,0,0,0
"divine",0.594760752586463,0,0,0,0,0,0,0.594760752586463,0,0,0.594760752586463,0,0.594760752586463,0.594760752586463,0.594760752586463,0.594760752586463,0,0.594760752586463,0,0.594760752586463,0,0,0.594760752586463,0.594760752586463,0,0,0,0,0,0,0,0,0,0.594760752586463,1.18952150517293,0,0,0.594760752586463,0,0,0,0.594760752586463,0,0,0,0,0,0,0,0,0,0,0,0,0,0,0,0,0
"bless",0.293730756922482,0,0.293730756922482,0,0.293730756922482,0,0,0.881192270767445,0,0.293730756922482,0,0,0.293730756922482,0.293730756922482,0,0,0,0.587461513844963,0,0,0,0,0.293730756922482,0.293730756922482,0,0,0,0.293730756922482,0.293730756922482,0.293730756922482,0,0,0,0,0,0.293730756922482,0.293730756922482,0.293730756922482,0,0.293730756922482,0,0,0,0.293730756922482,0,0.293730756922482,0,0,0.587461513844963,1.17492302768993,0.881192270767445,0.293730756922482,0.587461513844963,0.881192270767445,0.293730756922482,0.587461513844963,0.587461513844963,0.587461513844963,0.293730756922482
"equally",0.624723975963906,0,0,0,0,1.24944795192781,0,1.87417192789172,3.74834385578344,0,0.624723975963906,0,0.624723975963906,0,3.12361987981953,0,0,0,0,0,0,0,1.87417192789172,0,0,0,0.624723975963906,0,0,0,0,0,1.87417192789172,0,0,0.624723975963906,0.624723975963906,0,0,0,0.624723975963906,1.24944795192781,0,0,0,0,0,0,0,0,0,0,0,0,0,0,0,0,0
"enlarge",0.594760752586463,0,0,0,0,0,0,0.594760752586463,0,0,1.18952150517293,0,0.594760752586463,0,1.18952150517293,0.594760752586463,0,0,0,0,0,0,0,0.594760752586463,0,1.18952150517293,0,0,0.594760752586463,0.594760752586463,0,0,0,0.594760752586463,0.594760752586463,0.594760752586463,0,0,0,0,0,0,0,0.594760752586463,0.594760752586463,0,0,0,0,0,0,0,0,0,0,0,0,0,0
"depend",0.339488247483157,0,0.339488247483157,0,0,0,0,1.35795298993263,1.01846474244947,0,0.339488247483157,0,0.339488247483157,0.678976494966314,0.339488247483157,0,0.339488247483157,0,0.339488247483157,0.339488247483157,0,0,0.678976494966314,0.339488247483157,0.339488247483157,0,0,0.339488247483157,0,0.339488247483157,0,0,0.339488247483157,0,0.339488247483157,0.339488247483157,0,0.339488247483157,0,0,0.339488247483157,0,0,0,0,0,0,0,0.678976494966314,0,0,0,0.339488247483157,0.339488247483157,1.01846474244947,0.678976494966314,0,0,0.339488247483157
"upon",0,0.0987541537064267,0.493770768532134,0.0987541537064267,0,0.197508307412853,0,0.0987541537064267,0,1.58006645930283,0,0.493770768532134,1.28380399818355,3.35764122601851,1.38255815188997,0.197508307412853,2.37009968895424,0.29626246111928,1.4813123055964,0.0987541537064267,0.395016614825707,0.395016614825707,1.4813123055964,1.28380399818355,0.493770768532134,2.07383722783496,0.59252492223856,3.06137876489923,1.08629569077069,0.0987541537064267,1.58006645930283,0.790033229651414,1.28380399818355,0.59252492223856,1.18504984447712,1.67882061300925,0.395016614825707,0.59252492223856,0.197508307412853,0.0987541537064267,0.197508307412853,0.987541537064267,0.59252492223856,0,0.197508307412853,0,0,0.0987541537064267,0.493770768532134,0.197508307412853,0,0,0.29626246111928,0.0987541537064267,0.0987541537064267,0.29626246111928,0.197508307412853,0,0
"chief",0,0.279490317807872,0,0,0,0,0.279490317807872,0.279490317807872,0.279490317807872,0,0,0,0,1.67694190684723,0.558980635615743,0.279490317807872,0,0,0.279490317807872,0,0,0.279490317807872,0.279490317807872,0.279490317807872,0.279490317807872,0.279490317807872,0,0.279490317807872,0.279490317807872,0,0.279490317807872,0.279490317807872,0,0,0.279490317807872,0,0,0,0,0.279490317807872,0.279490317807872,0,0.279490317807872,0.279490317807872,0,0.279490317807872,0.279490317807872,0,0.279490317807872,0.279490317807872,0.279490317807872,0,0,0,0.279490317807872,0,0.279490317807872,0.279490317807872,0.279490317807872
"magistrate",0,0.867762024650201,0,0,0,0,0,0,0.867762024650201,0.867762024650201,0,0,0,3.4710480986008,1.7355240493004,0.867762024650201,0,0,0.867762024650201,0,0,0,0,0,0.867762024650201,0,0,0,0,0,0,0,0,0,0,0,0,0,0,0,0,0,0,0,0,0,0,0,0,0,0,0,0,0,0,0,0,0,0
"proper",0,0.355878663671326,0,0.355878663671326,0,0,0.355878663671326,1.06763599101398,1.4235146546853,0,1.06763599101398,0.355878663671326,0,2.49115064569928,1.06763599101398,0.355878663671326,0.355878663671326,0.711757327342652,1.4235146546853,0.355878663671326,0.355878663671326,0.355878663671326,0.355878663671326,0.355878663671326,0.355878663671326,1.06763599101398,0,1.06763599101398,0,0,5.33817995506989,0.355878663671326,0,0,0,0.711757327342652,0,0.355878663671326,0,0,0,0.355878663671326,0,0,0,0,0,0,0,0,0,0,0,0,0,0,0,0,0
"endeavor",0,0.469822015978163,0.939644031956326,0,0.939644031956326,0,0.469822015978163,0.939644031956326,0,0,0.939644031956326,0,1.40946604793449,0.469822015978163,0.469822015978163,0.469822015978163,0,0,0,0,0.469822015978163,0.469822015978163,0,0,0.939644031956326,0.469822015978163,0,1.40946604793449,0,0,0,0,0,0.469822015978163,0.469822015978163,0,0.469822015978163,0,0,0,0,0,0,0.939644031956326,0,0,0.469822015978163,0,0,0,0,0,0,0,0,0,0,0,0
"high",0,0.137383556062558,0.274767112125115,0.274767112125115,0,0.274767112125115,0.137383556062558,1.37383556062558,1.37383556062558,0.137383556062558,0.137383556062558,0,0.686917780312788,0.824301336375346,0.549534224250231,0.549534224250231,0.412150668187673,0.274767112125115,0.137383556062558,0.137383556062558,0,0.137383556062558,0,0.686917780312788,0.137383556062558,0.686917780312788,0,0.686917780312788,0.274767112125115,0.274767112125115,0.686917780312788,0.274767112125115,0.412150668187673,1.09906844850046,0.961684892437904,1.23645200456302,0.274767112125115,0,0.274767112125115,0,0,0,0.137383556062558,0.137383556062558,0,0.274767112125115,0.137383556062558,0.274767112125115,0.412150668187673,0,0.549534224250231,0,0.274767112125115,0,0.137383556062558,0.137383556062558,0.137383556062558,0,0
"sense",0,0.265702033322238,0.531404066644476,0.531404066644476,0.531404066644476,0.265702033322238,0.797106099966715,0,0.265702033322238,0,0,0,0.797106099966715,0.797106099966715,0.265702033322238,0,0.265702033322238,0.265702033322238,0.531404066644476,0,0,0,0.265702033322238,0.531404066644476,0.531404066644476,1.06280813328895,0.265702033322238,0.265702033322238,0.265702033322238,0,0.265702033322238,0,0,0.797106099966715,0,0.531404066644476,0,0.265702033322238,0.531404066644476,0,0,1.06280813328895,0.265702033322238,0,0,0,0,0.531404066644476,0,0.265702033322238,0.265702033322238,0,0.531404066644476,0,0.265702033322238,0,0,0,0
"entertain",0,0.594760752586463,1.18952150517293,0.594760752586463,0.594760752586463,0,0,0,0.594760752586463,1.18952150517293,0,0,1.18952150517293,0.594760752586463,0.594760752586463,0,0.594760752586463,0,0,0,0.594760752586463,0.594760752586463,0,0.594760752586463,0,0.594760752586463,0,0,0,0,0,0,0,0.594760752586463,0,0,0,0,0,0,0,0,0,0,0,0,0,0,0,0,0,0,0,0,0,0,0,0,0
"repose",0,0.770852011642144,0,0.770852011642144,0,0.770852011642144,0,0,0,0,0,0,0.770852011642144,0,0.770852011642144,0,1.54170402328429,0,0,0,0,0,0,1.54170402328429,0,0,0.770852011642144,0,0,0,0,0,0,0,0,0,0.770852011642144,0,0,0,0,0,0,0,0,0,0,0,0,0,0,0,0,0,0.770852011642144,0,0,0,0
"america",0,0.279490317807872,1.39745158903936,0,0,0,0,0,0.558980635615743,0,0,0,0.279490317807872,0,0,0,0,0.279490317807872,0,0,0,0,0,0.279490317807872,0,0,0,0,0,0,1.11796127123149,0,0.558980635615743,4.19235476711807,2.23592254246297,1.67694190684723,0,0.279490317807872,1.9564322246551,0,0,0.838470953423615,1.11796127123149,0.558980635615743,0.838470953423615,1.39745158903936,3.63337413150233,0.558980635615743,1.67694190684723,1.9564322246551,1.9564322246551,4.19235476711807,3.07439349588659,2.23592254246297,3.35388381369446,2.23592254246297,1.67694190684723,5.03082572054169,5.03082572054169
"execution",0,0.770852011642144,0,0,0.770852011642144,0,0,0,1.54170402328429,0,0,0,0,0.770852011642144,0,0.770852011642144,0,0,0.770852011642144,0,0.770852011642144,0,0,0,0,0.770852011642144,0,2.31255603492643,0,0,0,0,0,0,0,0.770852011642144,0,0,0,0,0,0,0,0,0,0,0,0,0,0,0,0,0,0,0,0,0,0,0
"oath",0,0.453567934583737,0,0,0,0,0.226783967291869,0,0,0,0,0.226783967291869,0,0.226783967291869,0,0.226783967291869,0,0.453567934583737,1.36070380375121,0.226783967291869,0.453567934583737,0,0,0,0.680351901875606,0.680351901875606,0.453567934583737,0.453567934583737,0,0,0.453567934583737,0,0.226783967291869,0.226783967291869,0,0.453567934583737,0,0.226783967291869,0,0.226783967291869,0,0.226783967291869,0.226783967291869,0.226783967291869,0.226783967291869,0.453567934583737,0,0.226783967291869,0.226783967291869,0.226783967291869,0.226783967291869,0.226783967291869,0,0.226783967291869,0.226783967291869,0.680351901875606,0.907135869167474,0.453567934583737,0.680351901875606
"office",0,0.168792020314182,0,0.337584040628364,0.168792020314182,0,0,0.337584040628364,0.506376060942546,0.168792020314182,0.168792020314182,0,0.337584040628364,0.843960101570909,0.337584040628364,0.506376060942546,0.337584040628364,0.337584040628364,0.675168081256727,0.168792020314182,0.675168081256727,0.843960101570909,0.843960101570909,0.337584040628364,0.168792020314182,1.856712223456,0.337584040628364,0.337584040628364,0.168792020314182,0,0.843960101570909,0.168792020314182,0,0.168792020314182,0.506376060942546,0.675168081256727,0.168792020314182,0.168792020314182,0,0.168792020314182,0.168792020314182,0,0,0,0,0.168792020314182,0,0.168792020314182,0,0,0,0.168792020314182,0.337584040628364,0,0,0.168792020314182,0,0.168792020314182,0.168792020314182
"presence",0,0.448632716908225,0.448632716908225,0.89726543381645,0,0,0.448632716908225,0,0,0.448632716908225,0,0,0.448632716908225,0,0.448632716908225,0,0.448632716908225,0,0.89726543381645,0,0,0,0,0,0.448632716908225,1.34589815072467,0,1.34589815072467,0.448632716908225,0,0,0.448632716908225,0,0.89726543381645,0,0.448632716908225,0,0,0,0.89726543381645,0,0.448632716908225,0,0,0,0.448632716908225,0,0,0,0.448632716908225,0,0,0,0,0,0,0,0,0.448632716908225
"find",0,0.127399335155957,0,0.254798670311913,0.509597340623827,0.127399335155957,0.509597340623827,0.76439601093574,0.636996675779784,0,0.254798670311913,0.127399335155957,0.636996675779784,1.14659401640361,0.254798670311913,0,0.38219800546787,0.127399335155957,0.38219800546787,0,0,0.127399335155957,0,0.38219800546787,0.254798670311913,1.01919468124765,0.38219800546787,0.38219800546787,0.509597340623827,0,0.38219800546787,0,0,0.38219800546787,0.891795346091697,1.01919468124765,0.127399335155957,0.76439601093574,0.254798670311913,0,0.127399335155957,0.127399335155957,0,0.254798670311913,0.509597340623827,0.38219800546787,0.127399335155957,0.254798670311913,0.254798670311913,0.38219800546787,0.254798670311913,0,0.127399335155957,0.254798670311913,0.509597340623827,0.254798670311913,0.254798670311913,0,0
"violate",0,0.770852011642144,0,0.770852011642144,0,0,0.770852011642144,0,0,0,0,0,0,1.54170402328429,0,0,0,0,1.54170402328429,0,0,0,0,0.770852011642144,0,0,0,0.770852011642144,0,0,0,0.770852011642144,0,0,1.54170402328429,0,0,0,0,0,0,0,0,0,0,0,0,0.770852011642144,0,0,0,0,0,0,0,0,0,0,0
"punishment",0,0.816609502202819,0,0,1.63321900440564,0,0,0.816609502202819,1.63321900440564,0,0,0,0.816609502202819,0.816609502202819,0,0,0.816609502202819,0,0,0,0,0,0,0,0,0,0.816609502202819,0,0,0,0,0,0,0,0,0,0,0,0,0,0.816609502202819,0,0,0,0,0,0,0,0,0,0,0,0,0,0,0,0,0,0
"witness",0,0.594760752586463,0,0,1.78428225775939,0,0,0.594760752586463,0,0,0,0,1.18952150517293,0,0,0,0,0.594760752586463,0,0,0,0,0,0.594760752586463,0,1.18952150517293,0.594760752586463,0,0,0,0,0,0,0.594760752586463,0,0,0,0.594760752586463,0,0,0,0.594760752586463,1.18952150517293,0.594760752586463,0,0,0,0,0,0,0,0,0,0,1.78428225775939,0,0.594760752586463,0,0
"solemn",0,0.339488247483157,0.339488247483157,0,0,0.339488247483157,0,0,0,0.339488247483157,0.339488247483157,0.339488247483157,1.01846474244947,0.678976494966314,0.339488247483157,0,0,0.339488247483157,0.339488247483157,0,0,0,0,0,0.678976494966314,0.678976494966314,0.339488247483157,0.339488247483157,0,0,0,0.678976494966314,0.339488247483157,0.339488247483157,0,0,0,0.339488247483157,0,0.339488247483157,0,0,0.678976494966314,0.339488247483157,0,0,0.339488247483157,0,0.339488247483157,0,0,0,0,0.339488247483157,0.339488247483157,0,0.339488247483157,0,0
"ceremony",0,0.867762024650201,0,0,0,0,0,0,0,0,0,0,0,0,0,0,0,0,0,0,0,0,0,0,0.867762024650201,0,0,0,0,0,0,0,0,0,0,0,0,0,0,0,0,0.867762024650201,0,0,0,0,0,1.7355240493004,1.7355240493004,0,0,1.7355240493004,0,0,0.867762024650201,0,0,0.867762024650201,0
"early",0,0,1.78428225775939,0,0,0,0.594760752586463,1.18952150517293,1.18952150517293,0,0,0,1.18952150517293,2.37904301034585,2.37904301034585,0.594760752586463,0.594760752586463,0,0,0,0,0,0.594760752586463,0,0,0,0,2.97380376293231,0,0,1.18952150517293,0,0,0,0,0,0,0,1.18952150517293,0,0,0,0,0,0,0,0,0,0.594760752586463,0,0,0,0,0,0,0.594760752586463,0,0,0
"middle",0,0,0.816609502202819,0,0,0,0,0,0,0,0,0,0,0,0,0,0,0,0,0,0,0,0,0.816609502202819,0,0,0,0,0,0,0,0,0,0,0,0,0,0,0.816609502202819,0.816609502202819,0,0,0.816609502202819,0,0,0,0,0,0,0,0,0,1.63321900440564,0,0,0,1.63321900440564,0.816609502202819,0.816609502202819
"foreign",0,0,2.12561626657791,0,1.06280813328895,0.531404066644476,0.265702033322238,2.39131829990014,1.06280813328895,1.59421219993343,0.797106099966715,0.265702033322238,1.59421219993343,1.59421219993343,2.92272236654462,0.531404066644476,0.797106099966715,0.797106099966715,0.531404066644476,0,0.531404066644476,0,0.797106099966715,0,0.797106099966715,0.265702033322238,0,1.59421219993343,0.265702033322238,0,1.06280813328895,0,0,0,0.531404066644476,0.265702033322238,0.531404066644476,0,0,0,0.265702033322238,0,0,0,0.265702033322238,0,0,0.265702033322238,0,0,0.265702033322238,0.265702033322238,0,0,0,0,0,0.797106099966715,0
"legislature",0,0,5.956204567551,0,0,0,0,1.985401522517,0,1.985401522517,0.992700761258501,0,0,5.956204567551,0.992700761258501,0,0,0,0,0,0,0,0,0,0,0,0,0,0,0,0,0,0,0,0,0,0,0,0,0,0,0,0,0,0,0,0,0,0,0,0,0,0,0,0,0,0,0,0
"independence",0,0,0.711757327342652,0,0.355878663671326,0.355878663671326,0,0.355878663671326,0.355878663671326,0.711757327342652,0.711757327342652,0.355878663671326,0.355878663671326,1.4235146546853,0,0,0,0.355878663671326,0.355878663671326,0,0,0,0,0.355878663671326,0.355878663671326,0.711757327342652,0,0,0,0,0,0,0,0.355878663671326,2.49115064569928,1.06763599101398,0,0,0.355878663671326,0,0,0,0.355878663671326,0,0,0,0,0,0.711757327342652,0.711757327342652,0,0.355878663671326,0,0.355878663671326,1.06763599101398,0,0.355878663671326,0,0
"claim",0,0,1.03115901307768,0,0,0,0,1.03115901307768,2.06231802615535,0.515579506538838,0,0,0.515579506538838,5.15579506538838,0.515579506538838,0,1.54673851961651,0,1.03115901307768,0.515579506538838,0,0,0.515579506538838,0,1.03115901307768,0,0,0,0,0,0,0,0.515579506538838,0,0.515579506538838,0.515579506538838,0,0,0,0,0,0,0,0,0,0,0,0,0,0,0,0,0.515579506538838,0.515579506538838,0,0,0.515579506538838,0,0
"danger",0,0,0.504676143528513,0,0.252338071764257,0.252338071764257,0,1.7663665023498,0.75701421529277,0,0,0.504676143528513,1.26169035882128,2.01870457411405,0.75701421529277,0,0.75701421529277,0.252338071764257,0,0,0,0.252338071764257,0,1.51402843058554,0,0.75701421529277,0.504676143528513,0,0,0.252338071764257,0.504676143528513,0,0,0.252338071764257,0.252338071764257,0.75701421529277,0,0,0,0,0.252338071764257,0.504676143528513,0.252338071764257,0.252338071764257,0.252338071764257,0.252338071764257,0.504676143528513,0,0.252338071764257,0.252338071764257,0,0.252338071764257,0,0.252338071764257,0,0.504676143528513,0.252338071764257,0,0
"army",0,0,0.54040309026387,0,0,0.54040309026387,0,1.08080618052774,0,0.54040309026387,0.54040309026387,0.54040309026387,0,1.08080618052774,0,1.08080618052774,1.62120927079161,0.54040309026387,0,0,0,1.08080618052774,0,0.54040309026387,0,0,0,0,1.08080618052774,0,4.32322472211096,0,0,0,0,0,1.08080618052774,0,0,0,0,0,0,0,0,0,0,0,0,0,0,0,0.54040309026387,0,0,0,0,0.54040309026387,0
"determine",0,0,0.745824005940213,0,0,0.372912002970107,0,0,0,0,0,0,0,0.372912002970107,0,0,0,0.372912002970107,0,0,0.372912002970107,0,0.372912002970107,0.372912002970107,0.372912002970107,0,0.372912002970107,0,0.745824005940213,0,1.11873600891032,0.745824005940213,0,0.372912002970107,2.61038402079075,0.745824005940213,0,0.372912002970107,0.372912002970107,0,0.745824005940213,0,0,0,0,0.372912002970107,0.372912002970107,0,0,0.372912002970107,0,0,0,0.372912002970107,1.11873600891032,0,0.372912002970107,0.372912002970107,0
"resist",0,0,0.770852011642144,0,0,0,0,0.770852011642144,0,0,0,0,1.54170402328429,0,0.770852011642144,0,0,0,0,0,0,0,0,0.770852011642144,0,0,0,0,0,0,1.54170402328429,0,0,0.770852011642144,0,0,0,0,0,0,0.770852011642144,0,0,0,0,0,0.770852011642144,0,0,0,0,0,0,0,0,0,0.770852011642144,0,0
"contest",0,0,0.729459326483919,0.729459326483919,0,0,0,0.729459326483919,3.6472966324196,0,0,0,0.729459326483919,0,0,0,0,0.729459326483919,0,0.729459326483919,0,0,2.91783730593568,0,0,0,0,0.729459326483919,0.729459326483919,0,0,0,0,0,0,0,0,0,0,0,0,0,0,0,0,0,0,0,0,0,0,0,0,0.729459326483919,0,0,0,0,0
"certainly",0,0,2.44982850660846,0,0.816609502202819,0,0,0,0,0,0,0,0.816609502202819,2.44982850660846,0,0,0,0,0.816609502202819,0,0,0,0.816609502202819,0.816609502202819,0,0.816609502202819,0,0,0,0,0.816609502202819,0,0,0,0,0,0,0,0,0,0,0,0,0,0,0,0,0,0,0,0,0,0,0,0,0,0,0,0
"whole",0,0,0.797106099966715,0.531404066644476,0.265702033322238,0,0,0.797106099966715,2.39131829990014,1.59421219993343,0,0,0.797106099966715,2.39131829990014,1.85991423325567,0.265702033322238,0.265702033322238,1.06280813328895,1.06280813328895,0.265702033322238,0,0.265702033322238,0.797106099966715,0,0.265702033322238,1.06280813328895,0,0,0,0,0.265702033322238,0.265702033322238,0.531404066644476,0,0,2.39131829990014,0.265702033322238,0.531404066644476,0,0,0,0.531404066644476,0.797106099966715,0,0,0.265702033322238,0,0,0.265702033322238,0,0.265702033322238,0,0.265702033322238,0,0.531404066644476,0,0,0,0.797106099966715
"part",0,0,0.147602721244244,0.147602721244244,0,0,0.442808163732731,0.590410884976975,1.32842449119819,0.295205442488487,0,0.295205442488487,0.295205442488487,2.3616435399079,1.47602721244244,0.147602721244244,0.147602721244244,0.147602721244244,0.590410884976975,0.147602721244244,0.442808163732731,0.295205442488487,0.295205442488487,0.147602721244244,0,0.147602721244244,0.147602721244244,0.295205442488487,0.738013606221218,0,0.590410884976975,0.590410884976975,0.590410884976975,0.590410884976975,0.147602721244244,1.03321904870971,0.442808163732731,0.295205442488487,0.147602721244244,0,0,0,0,0,0.147602721244244,0.295205442488487,0.147602721244244,0,0.147602721244244,0.147602721244244,0.885616327465462,0.147602721244244,0.147602721244244,0,0,0.295205442488487,0,0.147602721244244,0
"rely",0,0,0.624723975963906,1.24944795192781,0,0,0,0.624723975963906,0.624723975963906,0,0,0,0.624723975963906,0.624723975963906,0.624723975963906,0,0,0,0,0,0,0,0,0.624723975963906,0,0.624723975963906,0,1.24944795192781,0,0,0,0,0,0,1.87417192789172,0,0,0,0,0,0.624723975963906,0,0,0,0,0,0,0,0,0,0,0,0,0,1.87417192789172,0.624723975963906,0,0,0
"however",0,0,0.339488247483157,0,0,0.339488247483157,0,0,0.339488247483157,0,0,0,0.339488247483157,5.77130020721367,0,0.339488247483157,0.339488247483157,0.678976494966314,0.678976494966314,0,0,0.678976494966314,0.339488247483157,0.339488247483157,0,1.35795298993263,0.339488247483157,0.678976494966314,0.678976494966314,0,1.35795298993263,0,0,0.339488247483157,0,0.339488247483157,0.339488247483157,0.339488247483157,0,0,0,0,0.678976494966314,0,0,0.339488247483157,0,0,0.339488247483157,0.339488247483157,0,0,0,0.339488247483157,0,0,0,0.339488247483157,0
"intention",0,0,1.63321900440564,0,0,0.816609502202819,0,0,0,0.816609502202819,0,1.63321900440564,0,2.44982850660846,0,0,0,0,0.816609502202819,0,0,0,0,0,0.816609502202819,0,0,0,0,0,0,0,0,0,0.816609502202819,0,0,0,0,0,0,0,0,0,0,0,0,0,2.44982850660846,0,0,0,0,0,0,0,0,0,0
"justice",0,0,0.59252492223856,0.0987541537064267,0.395016614825707,0.197508307412853,0.29626246111928,0.0987541537064267,0.197508307412853,0.395016614825707,0,0.0987541537064267,0.197508307412853,0.29626246111928,0.197508307412853,0,0.0987541537064267,0.29626246111928,0.29626246111928,0,0,0,0.197508307412853,0.0987541537064267,0.197508307412853,0.59252492223856,0.0987541537064267,0.197508307412853,0.197508307412853,0.197508307412853,0.29626246111928,0.790033229651414,0.197508307412853,0.493770768532134,0.790033229651414,1.38255815188997,0,0.0987541537064267,0,0.0987541537064267,0.59252492223856,0,0.59252492223856,0.0987541537064267,0.59252492223856,0.0987541537064267,0.0987541537064267,0.0987541537064267,0.0987541537064267,0.0987541537064267,0.197508307412853,0,0.0987541537064267,0.29626246111928,0.59252492223856,0,0.197508307412853,0.0987541537064267,0.493770768532134
"cause",0,0,0.504676143528513,0,0,0,0,1.00935228705703,1.51402843058554,0.252338071764257,0.252338071764257,0.252338071764257,1.26169035882128,2.27104264587831,0,0.252338071764257,0.252338071764257,0,0.504676143528513,0.504676143528513,0,0,0.252338071764257,0.504676143528513,0,0.504676143528513,0,0.75701421529277,0,1.00935228705703,0.75701421529277,0,0,0.75701421529277,0.504676143528513,1.26169035882128,0,0,0.252338071764257,0,0.252338071764257,0.75701421529277,0,0,0.252338071764257,0.504676143528513,0,0,0.252338071764257,0.504676143528513,0,0.504676143528513,0,0.504676143528513,1.51402843058554,0.252338071764257,0,0,1.00935228705703
"integrity",0,0,1.70019608695866,0,0,0,0,0,0,0.56673202898622,0.56673202898622,0.56673202898622,0,0,0,0.56673202898622,1.70019608695866,0,0,0,0,0,0.56673202898622,0,0.56673202898622,0.56673202898622,0.56673202898622,1.13346405797244,0.56673202898622,0,0,0,0,0,0.56673202898622,2.26692811594488,0,0,0.56673202898622,0,0,0,0,0,0,0,0,0,0,0,0,0,0,0,0.56673202898622,0,0,0,0
"intelligence",0,0,0.594760752586463,0,0,0.594760752586463,0,0.594760752586463,0.594760752586463,0,0.594760752586463,0,1.78428225775939,0.594760752586463,0,0.594760752586463,0,0,0.594760752586463,0,0,0,0.594760752586463,1.18952150517293,0,0,0,0,0,0.594760752586463,0,0,0,0.594760752586463,1.18952150517293,0,0,0,0,0,0,0,0,0,0,0,0,0,0,0,0,0,0,0,0.594760752586463,0,0,0,0
"providence",0,0,1.08080618052774,0.54040309026387,0.54040309026387,0,0,0.54040309026387,0,0.54040309026387,0.54040309026387,0,1.08080618052774,0,0,0.54040309026387,2.16161236105548,1.08080618052774,0,0.54040309026387,0.54040309026387,0.54040309026387,0,0,0,0,0,0.54040309026387,0,0,0,0,0.54040309026387,0,0,0.54040309026387,0,0,0,0,0,0.54040309026387,0,0,0,0,0,0,0,0,0,0,0,0,0,0,0,0,0
"protect",0,0,0.214549510874857,0.214549510874857,0,0,0,0.858198043499428,0.643648532624571,0.214549510874857,0.214549510874857,0,0.643648532624571,0.643648532624571,2.36004461962343,0.643648532624571,0,0.643648532624571,0.429099021749714,0,0.429099021749714,0,0.429099021749714,0.214549510874857,0.429099021749714,0,0.429099021749714,0.214549510874857,0.429099021749714,0,0.643648532624571,0,0,0.214549510874857,0.429099021749714,0,0.214549510874857,0.214549510874857,0.214549510874857,0,0.214549510874857,0,0,0,0,0.214549510874857,0,0,0,0.643648532624571,0.214549510874857,0,0.214549510874857,0.214549510874857,0.214549510874857,0.429099021749714,0.214549510874857,1.28729706524914,0.429099021749714
"half",0,0,0.729459326483919,0,0,0,0.729459326483919,0,0,0,0,0,0.729459326483919,0.729459326483919,0.729459326483919,0,0,0,0,0,0,0,0,0.729459326483919,0,0,0,0,0,0.729459326483919,0.729459326483919,0,0,0,0,0,0,1.45891865296784,0,0,1.45891865296784,0,0,0,0,0,0,0,0,0,0,0,0,0,0.729459326483919,0,0,0,0
"numb",0,0,0.54040309026387,0,0,0,0.54040309026387,0,0,0,0,0.54040309026387,0.54040309026387,0.54040309026387,0.54040309026387,0,0.54040309026387,0.54040309026387,0,0,0.54040309026387,0,0,0,0.54040309026387,1.62120927079161,0,0.54040309026387,0,0,2.16161236105548,0,0,0,0,0,0.54040309026387,0,0,0,1.08080618052774,0,0,0,0,0,0,0,0.54040309026387,1.62120927079161,0,0,0,0,0,0,0,0,0
"break",0,0,0.594760752586463,0,0,0,0.594760752586463,0.594760752586463,0,0,0,0,0,0,0,0,0.594760752586463,0,1.78428225775939,0,0,0,0,0,0,1.18952150517293,0,0,0.594760752586463,0,0,0.594760752586463,0,0,0,0,0,0,0,0,0,0,0.594760752586463,0.594760752586463,0,0,0,0,0,0,0.594760752586463,0.594760752586463,0,0,0.594760752586463,1.18952150517293,0,0,0.594760752586463
"lift",0,0,0.691670765594519,0,0,0,0,0,0,0,0,0,0,0,0.691670765594519,0,0,0,0,0,0,0,0,0,0,0,0.691670765594519,0,0.691670765594519,0,0,0.691670765594519,0.691670765594519,0,0,0,0,0,0,0,0,0,0,0,0,1.38334153118904,0,0,0,0,0.691670765594519,0,1.38334153118904,0.691670765594519,0,0,1.38334153118904,0.691670765594519,0
"tie",0,0,0.691670765594519,0,0,0,0,0.691670765594519,0,0.691670765594519,0,0.691670765594519,0,1.38334153118904,0,0,0,0,0,0,0,0,0.691670765594519,0,0,0,0,0,0,0,0,0,0,0.691670765594519,0,0,0,0,0,0,0,0.691670765594519,0.691670765594519,0,0,0,0,0,0.691670765594519,0,0.691670765594519,0,0.691670765594519,0,0,0,0,0,0
"ocean",0,0,0.624723975963906,0.624723975963906,0,0,0,0,1.24944795192781,1.24944795192781,0,0,0,0,1.24944795192781,0,1.87417192789172,0,0,0,0,0.624723975963906,0,0.624723975963906,0,0,0,0.624723975963906,0,0,0,0,0,0,0,0,0,0,0,0,0,0.624723975963906,0,0.624723975963906,0,0,0,0,0,0,0,0.624723975963906,0,0,0,0.624723975963906,0,1.24944795192781,0
"zeal",0,0,0.867762024650201,0.867762024650201,2.6032860739506,0,0,0.867762024650201,0,0.867762024650201,0.867762024650201,0,0,0,0,0,0,0,0,0,0,0,0,0,0.867762024650201,0,0,2.6032860739506,0,0,0,0,0,0,0,0,0,0,0,0,0,0,0,0,0,0,0,0,0,0,0,0,0,0,0,0,0,0,0
"war",0,0,0.0987541537064267,0.0987541537064267,0.395016614825707,0.197508307412853,1.4813123055964,1.28380399818355,1.77757476671568,0.691279075944987,0.0987541537064267,0,0.29626246111928,0.29626246111928,0.59252492223856,0,0.0987541537064267,0.59252492223856,0.197508307412853,1.18504984447712,0.0987541537064267,0.395016614825707,0,0.493770768532134,0,0.29626246111928,0,0.691279075944987,0.691279075944987,0,0.59252492223856,0,0.395016614825707,1.28380399818355,0.29626246111928,0.29626246111928,0.29626246111928,0.0987541537064267,0,0.197508307412853,0.29626246111928,0.493770768532134,0.0987541537064267,0.395016614825707,0.0987541537064267,0.29626246111928,0.493770768532134,0.197508307412853,0.0987541537064267,0.0987541537064267,0.29626246111928,0.197508307412853,0.197508307412853,0.0987541537064267,0,0.197508307412853,0.29626246111928,0,0.691279075944987
"less",0,0,0.691670765594519,0,0,1.38334153118904,0,0.691670765594519,0,0,0,0,2.07501229678356,2.76668306237808,0,0,0,0,0,0,0,0.691670765594519,0,0,0,0.691670765594519,0,0.691670765594519,0,0,0.691670765594519,0,0,0,0,0,0,0,0,0,0.691670765594519,0,0.691670765594519,0,0,0,0,0,0,0.691670765594519,0,0,0,0,0,0,0,0,0
"society",0,0,0.711757327342652,0,0.711757327342652,0,0.711757327342652,0,0.355878663671326,0,0,0.355878663671326,0,0,0.355878663671326,0,0.711757327342652,0,0,0,0,0.355878663671326,0,0,0,0.355878663671326,0,0,0,0,0.355878663671326,0.711757327342652,0,0,1.06763599101398,0,0,0.355878663671326,0.355878663671326,0,0.355878663671326,0,0.355878663671326,0.355878663671326,0.355878663671326,0.355878663671326,0,1.06763599101398,0.355878663671326,1.06763599101398,0.355878663671326,0,0.355878663671326,0.711757327342652,1.06763599101398,0,0,0,0
"feel",0,0,0.971081940899775,0.64738796059985,0.323693980299925,0.971081940899775,0.323693980299925,1.2947759211997,0.971081940899775,0.64738796059985,0,0,2.26585786209947,0.971081940899775,0.971081940899775,0,0.64738796059985,0.323693980299925,0,0,0.323693980299925,1.2947759211997,0.64738796059985,0,0,0.64738796059985,0,0,0.64738796059985,0.64738796059985,3.56063378329917,0,0.323693980299925,1.2947759211997,0,0,0,0.64738796059985,0,0,0,0.323693980299925,0,0,0,0,0,0,0,0,0.323693980299925,0.323693980299925,0.323693980299925,0,0.971081940899775,0,0,0,0
"prepare",0,0,1.13346405797244,0,0.56673202898622,0,0,1.13346405797244,0.56673202898622,1.13346405797244,0,0,0,1.13346405797244,0.56673202898622,0,0,0,0,0,0,0.56673202898622,0,0,0,0,0,0,0.56673202898622,0,0.56673202898622,0,0,0,0.56673202898622,1.13346405797244,0.56673202898622,0,0,0,0,0.56673202898622,0,0,0,0,0,0,0,0,0,0,0,0,0.56673202898622,0.56673202898622,0,0,0
"confederacy",0,0,0.770852011642144,0,0,0,0,0,0,0.770852011642144,0.770852011642144,0,1.54170402328429,5.39596408149501,1.54170402328429,0,2.31255603492643,1.54170402328429,0.770852011642144,0,0,0,0,0.770852011642144,0,0,0,0,0,0,0,0,0,0,0,0,0,0,0,0,0,0,0,0,0,0,0,0,0,0,0,0,0,0,0,0,0,0,0
"example",0,0,1.06763599101398,0,0,0.711757327342652,0.355878663671326,1.77939331835663,0.355878663671326,1.06763599101398,0.355878663671326,0,0.711757327342652,0.711757327342652,0.711757327342652,1.06763599101398,0.711757327342652,0.355878663671326,0,0,0,0,1.06763599101398,0,0.355878663671326,0.711757327342652,0,1.06763599101398,0,0,0,0,0,1.06763599101398,0.711757327342652,0.355878663671326,0,0.355878663671326,0,0,0.355878663671326,0,0,0,0,0,0,0,0,0,0,0,0,0.355878663671326,0,0.355878663671326,0,0.355878663671326,0.711757327342652
"history",0,0,0.214549510874857,0.429099021749714,0.429099021749714,0,0,0.214549510874857,0,0,0,0,0.429099021749714,0.429099021749714,0,0.214549510874857,0.858198043499428,0.858198043499428,0.214549510874857,0,0,0.214549510874857,0.643648532624571,0.429099021749714,0.429099021749714,0.214549510874857,0,0.429099021749714,0.214549510874857,0,0,0,0.214549510874857,0,0,0.429099021749714,0,0,0.643648532624571,0,1.07274755437428,1.28729706524914,0,0.429099021749714,0.214549510874857,0.858198043499428,1.501846576124,0,0.858198043499428,1.93094559787371,0.643648532624571,0.214549510874857,0.643648532624571,0.643648532624571,1.501846576124,0.643648532624571,0.429099021749714,0,1.501846576124
"ever",0,0,1.2159017254509,0,0.405300575150298,0,0,0.405300575150298,0.405300575150298,0.405300575150298,0,0.202650287575149,0.810601150300597,0.810601150300597,0.202650287575149,0,0.405300575150298,1.62120230060119,0.810601150300597,0,0.202650287575149,0.202650287575149,0,0,0.202650287575149,0,0,0.810601150300597,0.202650287575149,0.810601150300597,0.202650287575149,0,0,0.607950862725448,0.405300575150298,0.607950862725448,0,0,0,0,0,0.202650287575149,0.202650287575149,0,0,0.405300575150298,0.405300575150298,0.202650287575149,0.405300575150298,0.405300575150298,0.202650287575149,0.405300575150298,0.405300575150298,0.202650287575149,0.202650287575149,0,0.202650287575149,0.202650287575149,0.810601150300597
"reflect",0,0,1.18952150517293,0.594760752586463,0.594760752586463,0,1.18952150517293,0.594760752586463,0,0,0,0,0,0.594760752586463,0,0.594760752586463,0,0.594760752586463,0,0,0,0,0,0,0,0,0,0,0,0,0,0,0,3.56856451551878,0.594760752586463,0,0,0,0,0,0,0,0,0,0,0.594760752586463,0,0.594760752586463,1.18952150517293,0,0.594760752586463,0,0,0,0.594760752586463,0,0,0,0
"strike",0,0,0.691670765594519,0,0,0.691670765594519,0,0,0,0,0,0,0,0.691670765594519,0,0,1.38334153118904,0.691670765594519,0,0,0,0,0,0,0,0,0,0,0,0,0.691670765594519,0.691670765594519,0,0.691670765594519,0,0,2.07501229678356,0,0,0.691670765594519,0,1.38334153118904,0.691670765594519,0,0,0,0,0,0,0,0,0,0,0,0,0,0,0,0
"difference",0,0,0.323693980299925,0.64738796059985,0,0.323693980299925,0,0,1.61846990149962,0.64738796059985,0.323693980299925,0,0.323693980299925,1.2947759211997,0.323693980299925,0.323693980299925,0,0.323693980299925,0.971081940899775,0,0,0,0.64738796059985,0,0,0,0.323693980299925,0.64738796059985,0.64738796059985,0,0.323693980299925,0,0,0,0.64738796059985,0,0,0,0,0,1.2947759211997,0.323693980299925,0,0,0.323693980299925,0,0.64738796059985,0,0,0.323693980299925,0.971081940899775,0,0.64738796059985,0.323693980299925,0,0.323693980299925,0.323693980299925,0,0
"single",0,0,0.856858661639876,0,0,0,0,0.428429330819938,0.428429330819938,0.856858661639876,0,0,0.428429330819938,1.28528799245981,0,0,0.428429330819938,0.428429330819938,0.856858661639876,0,0,0,0,0,0,0,0,0.856858661639876,0,0.428429330819938,0,0.428429330819938,0.428429330819938,0,0,0.428429330819938,0,0,0.428429330819938,0,0,0.428429330819938,0,0,0,0.428429330819938,0,0,0.428429330819938,0.428429330819938,0,0,0,0.428429330819938,1.28528799245981,0,0.856858661639876,0,0
"assist",0,0,0.867762024650201,0,0,0,0,0,0.867762024650201,0,0,0,0,0.867762024650201,0,0,0,0,0,0,0,0,0,0,0,0,0,0,0.867762024650201,0,0,0,0.867762024650201,0,2.6032860739506,1.7355240493004,0,0,0,0,0,0,0,0.867762024650201,0,0,0,0,0,0,0,0,0,0,0,0,0,0,0
"congress",0,0,1.85072408245913,0,0,0,0,0,1.54227006871594,0.308454013743188,0.616908027486376,0,0.308454013743188,3.39299415117507,0.925362041229564,1.23381605497275,0,2.77608612368869,1.54227006871594,0,0.308454013743188,0.308454013743188,0.308454013743188,2.77608612368869,0,2.4676321099455,0,5.55217224737739,2.77608612368869,0,4.31835619240463,0,0,0.308454013743188,0.616908027486376,0.925362041229564,1.23381605497275,0,0,0,0,0,0,0,0,0,0,0,0.308454013743188,0.308454013743188,0.925362041229564,0.925362041229564,0.616908027486376,0,0.308454013743188,0,0.308454013743188,0,0
"formation",0,0,0.816609502202819,0,0,0,0,0,0,2.44982850660846,0,0.816609502202819,0,1.63321900440564,0.816609502202819,0.816609502202819,0.816609502202819,0.816609502202819,0,0,0,0,0,0,0,0,0,0,0.816609502202819,0,0,0,0,0,0,0,0,0,0,0,0,0,0,0,0,0,0,0,0,0,0,0,0,0,0,0,0,0,0
"authority",0,0,0.925362041229564,0.616908027486376,0.616908027486376,0.925362041229564,0.308454013743188,0,0.308454013743188,0.925362041229564,0.308454013743188,0,1.23381605497275,2.77608612368869,1.23381605497275,0.308454013743188,0.616908027486376,0,2.15917809620232,0,0,0,0.308454013743188,2.77608612368869,0,0,0,0.925362041229564,0.925362041229564,0,0.308454013743188,0,0,0.308454013743188,0,0.308454013743188,0.616908027486376,0,0,0,0.308454013743188,0,0.308454013743188,0,0,0,0,0,0.308454013743188,0.308454013743188,0,0.308454013743188,0,0.308454013743188,0,0,0.308454013743188,0,0
"individual",0,0,0.478746189199778,0,0.478746189199778,0,0,0.718119283799667,0.239373094599889,0.718119283799667,0,0.239373094599889,1.19686547299945,1.43623856759933,0.478746189199778,0.239373094599889,0.239373094599889,0.718119283799667,0.239373094599889,0,0.239373094599889,0.478746189199778,0.239373094599889,0,0,0.478746189199778,0.239373094599889,0.478746189199778,0,0.478746189199778,0.239373094599889,0.957492378399556,0,1.19686547299945,0.239373094599889,0.239373094599889,0,0.718119283799667,0.239373094599889,0,0.718119283799667,0,0,0,0,0,0.957492378399556,0.478746189199778,1.19686547299945,0.239373094599889,0,0,0,0,0,0.239373094599889,0.478746189199778,0,0
"soon",0,0,0.492098410689315,0,0,0,0,0.492098410689315,1.96839364275726,0,0.492098410689315,0.492098410689315,0,0.492098410689315,0.492098410689315,0,0,0.492098410689315,0,0,0.98419682137863,0,0.492098410689315,0.98419682137863,0,0.492098410689315,0,0,0.492098410689315,0,0.492098410689315,0,0.492098410689315,0,0,0,0,0,0,0,0.492098410689315,0.492098410689315,0,0,0,0,0,0,0,0,0.492098410689315,0,0,0,0,0.492098410689315,0,0,0
"appear",0,0,1.08080618052774,0,0,0,0,0,1.62120927079161,1.08080618052774,0.54040309026387,0,0,5.4040309026387,0,0.54040309026387,0,1.08080618052774,0.54040309026387,0.54040309026387,0,0,0.54040309026387,0,0.54040309026387,0.54040309026387,0,0.54040309026387,0,0,0,0,0,0,0.54040309026387,0.54040309026387,0,0,0,0,0,0,0.54040309026387,0,0,0,0,0,0,0,0,0,0,0.54040309026387,0,0,0,0,0
"universal",0,0,1.63321900440564,0,0,0.816609502202819,0,0,0,0,0,0,0,0,0,0,0.816609502202819,0,1.63321900440564,0,0,0,2.44982850660846,0.816609502202819,0,0,0,0,0,0,0,0,0.816609502202819,1.63321900440564,0,0,0,0,0,0,0,0,0,0,0,0,0,0,0,0,0,0.816609502202819,0,0,0,0,0,0,0
"commerce",0,0,0.925362041229564,0.925362041229564,0,0.616908027486376,0,0.925362041229564,3.39299415117507,0.616908027486376,0.308454013743188,0,0.308454013743188,0,0.925362041229564,0.308454013743188,0.616908027486376,0.308454013743188,0,0,0.308454013743188,1.23381605497275,0,0.616908027486376,0.308454013743188,0.616908027486376,0,0.616908027486376,0,0,2.4676321099455,0.308454013743188,0.308454013743188,0,0,0,0,0,0,0,0.308454013743188,0.616908027486376,0.308454013743188,0.308454013743188,0,0,0,0,0,0,0,0.308454013743188,0.308454013743188,0,0,0.308454013743188,0.308454013743188,0,0
"manufacture",0,0,0.56673202898622,0,0.56673202898622,0.56673202898622,0,0.56673202898622,1.13346405797244,0,0.56673202898622,0,0,0,2.26692811594488,0.56673202898622,0,0.56673202898622,0,0,0,0.56673202898622,0.56673202898622,0,0,2.26692811594488,0,1.13346405797244,0.56673202898622,0,1.13346405797244,0,0,0,0,0,0,0,0,0,0,0,0,0,0,0,0,0,0,0,0,0,0,0,0,0,0,0,0.56673202898622
"fall",0,0,0.448632716908225,0.448632716908225,0.448632716908225,0.448632716908225,0,0.448632716908225,0.448632716908225,0.448632716908225,0,0,0,0.448632716908225,0,0,0,0,0,0,0,0,0,0.448632716908225,0,0.448632716908225,0,0.448632716908225,0,0,0,0.89726543381645,0,0,0.448632716908225,0,0.448632716908225,0,0,0,0,0,0,0,0.448632716908225,0.89726543381645,0,0,0.89726543381645,0.448632716908225,0,0,0,0,0,0.448632716908225,0.448632716908225,0.448632716908225,0
"value",0,0,0.390640769930538,0,0,0,0.390640769930538,0.781281539861076,0,0.390640769930538,0,0,0.781281539861076,0,0.781281539861076,0,0,0.390640769930538,0,0,0,0.781281539861076,0.781281539861076,1.17192230979161,0,0.781281539861076,0,1.56256307972215,0,0,0,0,0,0,0,0,1.95320384965269,0,0,0,0,0.390640769930538,0.390640769930538,0,0.390640769930538,0,0,0.390640769930538,0.390640769930538,0.781281539861076,0,0,1.17192230979161,1.17192230979161,0.781281539861076,0.390640769930538,1.17192230979161,0,0
"land",0,0,0.127399335155957,0.254798670311913,0.254798670311913,0.127399335155957,0,0.509597340623827,0.254798670311913,0.38219800546787,0,0,0.127399335155957,0.127399335155957,0.254798670311913,0,0,0.38219800546787,0.254798670311913,0,0.254798670311913,0.127399335155957,0.127399335155957,0.38219800546787,0.254798670311913,0.254798670311913,0.127399335155957,0.254798670311913,0,0,0.127399335155957,0,0,0.127399335155957,0.127399335155957,0.254798670311913,0.254798670311913,0.254798670311913,0.38219800546787,0.127399335155957,0.127399335155957,0.38219800546787,0.254798670311913,0.127399335155957,0.76439601093574,0,0,0.254798670311913,0.38219800546787,0.254798670311913,0.254798670311913,0.254798670311913,1.40139268671552,0,0.254798670311913,0.127399335155957,0.254798670311913,0.254798670311913,0.127399335155957
"faith",0,0,0.539362213846935,0.35957480923129,0,0,0,0,0,0.179787404615645,0,0,0,0.35957480923129,0,0,0.35957480923129,0,0.35957480923129,0,0.179787404615645,0.179787404615645,0.179787404615645,0.179787404615645,0.35957480923129,0.35957480923129,0.35957480923129,0.179787404615645,0.35957480923129,0.179787404615645,0.179787404615645,0,0,0,0.71914961846258,0.898937023078225,0,0.179787404615645,0.71914961846258,0.179787404615645,0.71914961846258,2.51702366461903,0,0.179787404615645,0.71914961846258,0.179787404615645,0.71914961846258,0.35957480923129,0.539362213846935,0.539362213846935,0.35957480923129,0.35957480923129,0.179787404615645,0.539362213846935,0.35957480923129,0.35957480923129,0.179787404615645,0,0.539362213846935
"loss",0,0,0.729459326483919,0,0,0,0,0.729459326483919,0,0,0,1.45891865296784,0,0,0,0,0,0.729459326483919,0.729459326483919,0,0,0,0,0,0,0,0,1.45891865296784,0,0,0.729459326483919,0,0,1.45891865296784,0,0.729459326483919,1.45891865296784,0,0,0,0,0,0,0,0,0,0,0,0,0,0,0,0,0,0,0,0.729459326483919,0,0
"credit",0,0,0.56673202898622,0,0,0,0,0.56673202898622,0,0,0,0,0,1.70019608695866,0.56673202898622,0,0,0,0,0,0.56673202898622,1.13346405797244,0,0.56673202898622,0,0,0.56673202898622,2.8336601449311,0.56673202898622,0,0.56673202898622,1.13346405797244,0,1.70019608695866,0.56673202898622,0,1.13346405797244,0,0,0,0,0,0,0,0,0,0,0,0,0,0,0,0,0,0.56673202898622,0,0,0,0
"combination",0,0,0.816609502202819,0,0,0,0,0,0,0.816609502202819,0,0,0,0.816609502202819,0,0,0,0,0,0,0,0,0,0,0,0.816609502202819,2.44982850660846,0.816609502202819,0,0,3.26643800881128,0,0,0.816609502202819,0,0.816609502202819,0,0,0,0,0,0,0,0,0,0,0,0,0,0,0,0,0,0,0,0,0,0,0
"partial",0,0,1.7355240493004,0,0,0,0,0,0,1.7355240493004,0.867762024650201,0.867762024650201,1.7355240493004,0.867762024650201,0,0,0,0,0,0,0,0,0,0,0,0,0,0,0,0,0.867762024650201,0,0,0,0,0,0,0,0,0,0,0,0,0,0,0,0,0,0,0,0,0,0,0,0,0,0.867762024650201,0,0
"threaten",0,0,0.492098410689315,0,0,0,0.492098410689315,0,0,0.492098410689315,0,0,0.98419682137863,0,0.492098410689315,0,0.98419682137863,0,0,0,0,0.492098410689315,0.492098410689315,0.492098410689315,0,0.492098410689315,0.492098410689315,0.492098410689315,0,0,0,0,0,1.47629523206795,0.98419682137863,0,0,0,0,0,0,0.492098410689315,0,0,0,0,0,0,0.492098410689315,1.47629523206795,0,0.98419682137863,0,0,0,0.492098410689315,0,0,0
"dangerous",0,0,0.729459326483919,0,0,0,0,0,0,1.45891865296784,0.729459326483919,0,1.45891865296784,2.91783730593568,0,0,0.729459326483919,0,0,0,0,0,0,0,0,0.729459326483919,0,0.729459326483919,0,0,0,0,0,0.729459326483919,0,0.729459326483919,0,0,0,0,0,0,0,0,0,0,0,0,0,0,0,0,0,0,0.729459326483919,0,0,0,0
"abandon",0,0,0.691670765594519,0.691670765594519,0,0,0,0,1.38334153118904,0,0,0.691670765594519,0,0,0,0,0,0,0,0,0,0,0,0,0.691670765594519,0,0,0,0.691670765594519,0,0,0,0,0,0,0.691670765594519,0,0.691670765594519,0,0,0.691670765594519,0,0,0,0.691670765594519,0,0,0,0,0,0,0,0,0,1.38334153118904,0.691670765594519,0,0,0
"pursue",0,0,0.818248351249103,0.409124175624551,0,0,0,0.409124175624551,1.22737252687365,0.409124175624551,0.409124175624551,0.818248351249103,0,0,0.409124175624551,0,0.409124175624551,0,0,0.409124175624551,0,0.818248351249103,0.818248351249103,0,0,0.818248351249103,0,1.22737252687365,0.409124175624551,0,1.22737252687365,0,0,0,0.818248351249103,0,0,0,0,0,0,0,0.409124175624551,0,0.409124175624551,0.409124175624551,0,0,0,0,0,0,0,0.409124175624551,0,0.409124175624551,0,0.409124175624551,0
"plan",0,0,0.492098410689315,0,0,0.492098410689315,0,0,0.98419682137863,0,0,0,0,0.492098410689315,0,0,0,0,0,0,0.492098410689315,0,0,0.492098410689315,0,0.492098410689315,0.492098410689315,0,0,0,1.47629523206795,0.98419682137863,0,1.47629523206795,0.492098410689315,0,0.492098410689315,0,0,0,1.47629523206795,0,0,0.492098410689315,0,0.492098410689315,0,0,0,0,0,0,0.492098410689315,0.492098410689315,0,0.492098410689315,0,0,0
"domestic",0,0,0.372912002970107,0.372912002970107,0.745824005940213,0,0,1.11873600891032,0,1.11873600891032,0,0.372912002970107,1.86456001485053,1.86456001485053,1.11873600891032,0.372912002970107,0.745824005940213,2.23747201782064,0.745824005940213,0,0,0,0,0,0.372912002970107,1.11873600891032,0,0.372912002970107,0,0,0.745824005940213,0,0.745824005940213,0,0.372912002970107,0,0,0,0,0,0,0.372912002970107,0,0,0,0,0,0.372912002970107,0,0.372912002970107,0,0.372912002970107,0,0,0,0.372912002970107,0,0,0.372912002970107
"provide",0,0,0.279490317807872,0.279490317807872,0.558980635615743,0,0,0.558980635615743,0.838470953423615,0.558980635615743,0.279490317807872,0,0,0.279490317807872,0.279490317807872,0.279490317807872,0,0.558980635615743,0.838470953423615,0,0.279490317807872,0,0,0.279490317807872,0,1.11796127123149,0,0.838470953423615,0.558980635615743,0,0.558980635615743,0,0,0.558980635615743,0.558980635615743,0.279490317807872,0.279490317807872,0.279490317807872,0,0.279490317807872,0.558980635615743,0.279490317807872,0,0,0.279490317807872,0,0.558980635615743,0.279490317807872,0.838470953423615,0,0,0.558980635615743,0,0,0,0,0,0,0
"common",0,0,0.382136830050668,0.382136830050668,0,0,0.382136830050668,0.382136830050668,0,0.95534207512667,0,0,0.573205245076002,0.764273660101336,0.764273660101336,0.191068415025334,0.382136830050668,0.382136830050668,0,0,0.382136830050668,0.191068415025334,0.382136830050668,0.191068415025334,0.191068415025334,0,0,0.191068415025334,0,0,0,0.191068415025334,0.382136830050668,0.95534207512667,0.95534207512667,0.382136830050668,0.573205245076002,0.382136830050668,0.191068415025334,0,0.382136830050668,1.146410490152,0.382136830050668,0.191068415025334,0.191068415025334,0,0,0.191068415025334,0,0.191068415025334,0,0,0.573205245076002,0.95534207512667,0.191068415025334,1.146410490152,0.573205245076002,0,0.573205245076002
"defense",0,0,0.818248351249103,0,0,0,0,0.818248351249103,2.45474505374731,1.6364967024982,0.409124175624551,0,0,0.818248351249103,0,0,0.409124175624551,1.22737252687365,0,0,0,0,0,0,0,2.04562087812276,0.409124175624551,0,0,0,2.04562087812276,0,0,1.6364967024982,0.818248351249103,0.409124175624551,0,0,0.409124175624551,0,1.22737252687365,1.22737252687365,0.409124175624551,0,0,0,0,0,0,0.818248351249103,0,0,0.409124175624551,0.409124175624551,0,0.818248351249103,0.409124175624551,0,0
"general",0,0,1.2947759211997,0.64738796059985,0.323693980299925,0.323693980299925,0.323693980299925,0,0.971081940899775,2.5895518423994,0,1.61846990149962,0.971081940899775,2.91324582269932,2.26585786209947,0,0.64738796059985,0,0.323693980299925,0,0.323693980299925,0.64738796059985,1.2947759211997,0.64738796059985,0.64738796059985,0.971081940899775,0.323693980299925,0.64738796059985,0.323693980299925,0,0.971081940899775,0,0,0,0.971081940899775,0.323693980299925,0,0.323693980299925,0,0,0,0,0.323693980299925,0,0,0,0,0,0,0.323693980299925,0,0,0,0,0,0,0,0,0
"welfare",0,0,0.428429330819938,0,0,0,0,0.428429330819938,0.428429330819938,1.71371732327975,0,0,2.14214665409969,0,0.428429330819938,0.428429330819938,0,0,0,0,0,0,1.28528799245981,0.428429330819938,1.28528799245981,0,0.428429330819938,0,0,0.856858661639876,0.428429330819938,0,0,1.28528799245981,1.28528799245981,0.856858661639876,0,0.856858661639876,0,0,0.856858661639876,0,0,0,0,0,0.428429330819938,0,0,0,0.428429330819938,0,0.856858661639876,0,0,0,0,0.428429330819938,0
"secure",0,0,0.35957480923129,0,0.179787404615645,0,0,0.539362213846935,0.898937023078225,0.35957480923129,0.179787404615645,0,0.179787404615645,1.25851183230951,0.71914961846258,0.179787404615645,0.179787404615645,0.35957480923129,0,0,0.898937023078225,0.179787404615645,0.71914961846258,0.898937023078225,0.539362213846935,0.71914961846258,0.179787404615645,0.898937023078225,0.35957480923129,0.179787404615645,2.87659847385032,0,0,0.35957480923129,1.6180866415408,0.539362213846935,0,0.179787404615645,0,0.179787404615645,0.35957480923129,0.35957480923129,0,0.179787404615645,0,0.179787404615645,0.179787404615645,0,0,0.179787404615645,0.179787404615645,0,0.179787404615645,0,0.35957480923129,0,0.179787404615645,0,0.539362213846935
"discussion",0,0,0.594760752586463,0.594760752586463,0.594760752586463,0.594760752586463,0,0,0,0.594760752586463,0,0,0.594760752586463,0,0,0,1.18952150517293,0,0,0,0,0,0.594760752586463,1.18952150517293,0.594760752586463,0.594760752586463,0,0.594760752586463,0,0,1.78428225775939,0,0,0.594760752586463,0,0.594760752586463,0,0,0,0,0,0,0,0,0,0,0,0,0,0,0,0,0,0,0,0,0,0,0
"issue",0,0,0.56673202898622,1.13346405797244,0,0,1.13346405797244,0,0,0,0,0,0,0.56673202898622,0.56673202898622,0,0,0,0.56673202898622,0,0,0,0.56673202898622,1.70019608695866,0,0,0,0,0,0,3.96712420290354,0,0.56673202898622,0,1.13346405797244,0,0,0,0,0,0.56673202898622,0,0,0.56673202898622,0,0,0,0,0.56673202898622,0,0,0,0,0,0.56673202898622,0,0,0.56673202898622,0
"happy",0,0,1.24944795192781,0.624723975963906,0,0,0,3.74834385578344,1.24944795192781,0,0,1.24944795192781,1.24944795192781,0,4.99779180771125,0,0,1.87417192789172,0,0,0.624723975963906,0,0,0,0.624723975963906,1.24944795192781,0,0,0,0,0,0,0,0,0,0.624723975963906,0,0.624723975963906,0,0,0,0,0,0,0,0,0,0,0,0,0,0,0.624723975963906,0,0,0,0,0,0
"abroad",0,0,0.515579506538838,0.515579506538838,0,0,0,0.515579506538838,0,0.515579506538838,0,0,1.54673851961651,0,0.515579506538838,0,1.54673851961651,0,0,0,0,0,0.515579506538838,0,0,0,0,0.515579506538838,0.515579506538838,0,1.54673851961651,0,0,0,1.54673851961651,1.54673851961651,0,0,0,0,0,0,0,0,0,0.515579506538838,4.1246360523107,0.515579506538838,0,0,0,0.515579506538838,0,0,0,0,0.515579506538838,0,0
"see",0,0,0.474204464767226,0.632272619689635,0.632272619689635,0.158068154922409,0.158068154922409,0.316136309844817,0.474204464767226,0,0,0.158068154922409,0.790340774612043,0.948408929534452,0.474204464767226,0,0.316136309844817,0,0.158068154922409,0.158068154922409,0,0,0,0.158068154922409,0,0,0.158068154922409,0,0,0.158068154922409,0.158068154922409,0.474204464767226,0.474204464767226,0.632272619689635,0.316136309844817,0.474204464767226,0,1.42261339430168,0.316136309844817,0.316136309844817,0.158068154922409,0,0.158068154922409,0,0.158068154922409,1.26454523937927,0.316136309844817,0,0.316136309844817,0,0.790340774612043,0.474204464767226,0.316136309844817,0.316136309844817,1.26454523937927,0.474204464767226,0.158068154922409,0.158068154922409,0.316136309844817
"animate",0,0,1.63321900440564,0,0,0,0.816609502202819,0,0,0,0.816609502202819,0,0,0.816609502202819,0.816609502202819,0,0.816609502202819,1.63321900440564,0,0,0,0,0.816609502202819,0,0,0,0,0.816609502202819,0,0,0,0,0,0,0,0,0,0,0,0,0,0,0,0,0,0,0,0,0,0,0,0,0,0,0,0,0,0,0
"debate",0,0,0.816609502202819,0,0,0,0,0,0,0.816609502202819,0,0,0,0,0,0,0,0,0,0,0,0,0,0.816609502202819,0,0,0,0,0,0,0,0,0,0,0,0,0,0,0,0,0,0.816609502202819,0,0,0,0,0.816609502202819,0,0,0,0,0,0.816609502202819,0.816609502202819,0,0,2.44982850660846,0.816609502202819,0
"head",0,0,0.770852011642144,0,0,0,0,0,0,0,0,0.770852011642144,0,1.54170402328429,0.770852011642144,0,0,0,0,0,0,0,0,0,0,2.31255603492643,0,0,0,0,0,0,0,0,0,0,0,0.770852011642144,0,0,0,1.54170402328429,0,0,0.770852011642144,0,0,0,0.770852011642144,0,1.54170402328429,0,0,0,0,0,0,0,0
"prompt",0,0,0.867762024650201,0,0,0,0,0,0,0,0.867762024650201,0,0,0,0.867762024650201,0,0.867762024650201,0,0,0,0,0,0,0.867762024650201,0,0.867762024650201,1.7355240493004,2.6032860739506,0,0,0,0,0,0,0,0,0,0,0,0,0,0,0,0,0,0,0,0,0,0,0,0,0,0,0,0,0,0,0
"heart",0,0,0.382136830050668,0.191068415025334,0,0.191068415025334,0,0.191068415025334,0,0.191068415025334,0,0.191068415025334,0,0,0.191068415025334,0.191068415025334,0.573205245076002,0.191068415025334,0.191068415025334,0,0,0,0,0.191068415025334,0,0.191068415025334,0,0,0.191068415025334,0,0.191068415025334,0.573205245076002,0.191068415025334,0.382136830050668,0.382136830050668,0,0.191068415025334,0.191068415025334,0,0.382136830050668,0,0.382136830050668,0.382136830050668,0,0.382136830050668,0.95534207512667,0.191068415025334,0,0.191068415025334,0.95534207512667,1.33747890517734,0.191068415025334,0.764273660101336,0.191068415025334,0.382136830050668,0.191068415025334,0.191068415025334,0.764273660101336,0.95534207512667
"adapt",0,0,0.925753971627887,0,0,0,0,0,2.77726191488366,0,0,0,0.925753971627887,1.85150794325577,0,0,0,0,0,0,0,0,0,0,0,0,0,0,0.925753971627887,0,0,0.925753971627887,0,0,0,2.77726191488366,0,0,0,0,0,0,0,0,0,0,0,0,0,0,0,0,0,0,0,0,0,0,0
"genius",0,0,0.656908659335307,0,0,0,0,0,0,0,0,0,0.656908659335307,0,0.656908659335307,0.656908659335307,0,0,0,0,0,0,0,0,0.656908659335307,0,0,0.656908659335307,0,0,0,1.31381731867061,0.656908659335307,1.97072597800592,0,0.656908659335307,0,0,0,0,0,1.31381731867061,0,0,0,0,0,0,0.656908659335307,0.656908659335307,0,0,0,0,0,0,0,0,0
"situation",0,0,0.729459326483919,0,0,0.729459326483919,0.729459326483919,0,2.18837797945176,0,0.729459326483919,0,0,1.45891865296784,0,0,0,0,0,0,0,0,0.729459326483919,0,0,0,0.729459326483919,2.18837797945176,0,0,0,0,0,0,0,0.729459326483919,0.729459326483919,0,0,0,0,0,0,0,0,0,0,0,0,0,0,0,0,0,0,0,0,0,0
"relation",0,0,0.339488247483157,0,0.339488247483157,0,0,0.339488247483157,1.35795298993263,1.35795298993263,0.339488247483157,0,0.678976494966314,3.05539422734841,0.339488247483157,0.678976494966314,0.678976494966314,0,0,0,0,0.678976494966314,0.678976494966314,0.678976494966314,0.678976494966314,0.339488247483157,0.339488247483157,1.01846474244947,1.35795298993263,1.01846474244947,0,0,0,0.339488247483157,1.35795298993263,1.01846474244947,0.678976494966314,0,0,0,0.339488247483157,0,0,0,0,0,0,0,0.339488247483157,0,0,0,0,0,0.339488247483157,0,0,0,0
"propose",0,0,0.691670765594519,0,0,0,0,0,0.691670765594519,0,0,0,0,2.76668306237808,0,0,0,0,0.691670765594519,0,0,0,0,0,0,0.691670765594519,0,0.691670765594519,0,0,2.76668306237808,0,0,0,0.691670765594519,2.07501229678356,1.38334153118904,0.691670765594519,0,0,0,0,0,0,0,0,0,0,0.691670765594519,0,0,0,0,0,0,0,0,0,0
"suggest",0,0,0.594760752586463,0,0,0,0,0,0.594760752586463,0,0,0.594760752586463,0,0.594760752586463,0,0,0.594760752586463,0,0.594760752586463,0,0,0,0.594760752586463,0.594760752586463,0.594760752586463,1.18952150517293,0.594760752586463,0,0,0,0.594760752586463,0,0,1.18952150517293,0,0,0,0,0,0,0,0.594760752586463,0,0,0,0,0,0,0,0,0,0,0,0,0,0.594760752586463,0,0,0
"native",0,0,0.867762024650201,0,1.7355240493004,0,0.867762024650201,0,0,0,0,0,0,0,1.7355240493004,0,0,0,0,0,0.867762024650201,0,0,0,0,0,0,0,1.7355240493004,0,0.867762024650201,0,0.867762024650201,0,0,0,0,0,0,0,0,0,0,0,0,0,0,0,0,0,0,0,0,0,0,0,0,0,0
"contribute",0,0,0.816609502202819,0,0,0,0,1.63321900440564,1.63321900440564,1.63321900440564,0,0.816609502202819,1.63321900440564,0,0,0,0,0,0,0,0,0,0,0,0,0,0,0,0,0,0,0,0,0,3.26643800881128,3.26643800881128,0,0,0,0,1.63321900440564,0,0,0,0,0,0,0,0,0,0,0,0,0,0,0,0,0,0
"suffrage",0,0,1.18952150517293,0.594760752586463,0.594760752586463,0.594760752586463,0,0.594760752586463,0.594760752586463,0,0,0.594760752586463,0.594760752586463,0,1.18952150517293,0,0,0,0,0,1.18952150517293,0,1.78428225775939,3.56856451551878,0.594760752586463,0.594760752586463,0,0,0,0,0.594760752586463,0,0,0,0,0,0,0,0,0,0,0,0,0,0,0,0,0,0,0,0,0,0,0,0,0,0,0,0
"adoption",0,0,0.729459326483919,0,0,0,0,0,0,0.729459326483919,0,0,0,2.91783730593568,2.18837797945176,0,0,0,0,0,0,0,0,1.45891865296784,0.729459326483919,1.45891865296784,0,0,0,0,1.45891865296784,0,0,0,0.729459326483919,0.729459326483919,0.729459326483919,0,0,0,0,0,0,0,0,0,0,0,0,0,0,0,0,0,0,0,0,0,0
"posterity",0,0,1.7355240493004,0,0,0.867762024650201,0,0,0.867762024650201,0.867762024650201,0,0.867762024650201,0,0,0,0,0,0,0,0,0.867762024650201,0,0,0,0,0,0,0,0,0,0,0,0,0,0,0,0,0,0,0,0,0,0,0,0,0,0,0,0,0,0,2.6032860739506,0,0,0,0,0.867762024650201,0,0
"accord",0,0,0.624723975963906,0.624723975963906,0.624723975963906,0,0,0.624723975963906,1.87417192789172,0,0,0,0,0.624723975963906,0.624723975963906,0,1.87417192789172,0,1.87417192789172,0,0.624723975963906,0,0.624723975963906,0,0.624723975963906,0,0,1.24944795192781,0,0,0,0,0,1.24944795192781,0,0,0,0,0,0,0,0,0,0,0,0,0,0,0,0,0,0,0,0,0,0,0,0,0
"ten",0,0,0.691670765594519,0,0,0,0,0,0.691670765594519,0.691670765594519,0,0,0,0,0,0,0,0,0,0,0.691670765594519,0,0,0,0,0,0,0,0,0,0,0,0,0,0,0,0,0.691670765594519,0.691670765594519,0,0,0,0,0,0,0,0,0,0.691670765594519,1.38334153118904,0.691670765594519,0,0.691670765594519,0,0.691670765594519,0,0,0.691670765594519,0
"elect",0,0,0.56673202898622,0,0,0,0,0,1.13346405797244,0,0,0,0,1.13346405797244,0.56673202898622,0.56673202898622,0,0,0.56673202898622,0,0.56673202898622,0,0,0,0,0.56673202898622,0,0,0.56673202898622,0,1.70019608695866,0,0,0.56673202898622,1.13346405797244,1.13346405797244,0,0,0,0,0,0.56673202898622,0,0,0,0,0,0,0,0.56673202898622,0,0,0,0,0,0,0,0,0.56673202898622
"thing",0,0,0.279490317807872,0.558980635615743,0.558980635615743,0,0,0,0,0,0,0,0.279490317807872,0.838470953423615,0,0,0.838470953423615,0,0,0,0,0.279490317807872,0.558980635615743,0.279490317807872,0,0.558980635615743,0,0,0.279490317807872,0.558980635615743,0.558980635615743,2.23592254246297,1.67694190684723,1.11796127123149,0.558980635615743,0.558980635615743,0.838470953423615,1.11796127123149,0.838470953423615,0.279490317807872,0,0,0.279490317807872,0,0,1.39745158903936,0,0,0,0.558980635615743,2.79490317807872,0,0.279490317807872,0.558980635615743,0,0.838470953423615,0.558980635615743,0,1.39745158903936
"serious",0,0,1.31381731867061,0,0,0,0,0.656908659335307,1.31381731867061,0,0,0,0,0,0.656908659335307,0,0,0,0,0,0,0,0,0.656908659335307,0,0.656908659335307,0.656908659335307,0,0,0,1.31381731867061,0,0,0,0,0,0.656908659335307,0,0,0,0,0,0,0.656908659335307,0,0,0,0.656908659335307,0,0,0,0,0,0.656908659335307,0,0.656908659335307,0,0,0
"obligation",0,0,0.558980635615743,0,0,0.279490317807872,0.558980635615743,0,0.279490317807872,0.838470953423615,0,0.279490317807872,0.558980635615743,0.279490317807872,0.558980635615743,0.279490317807872,1.11796127123149,0,0.279490317807872,0,0.279490317807872,0.558980635615743,0.279490317807872,0.279490317807872,0.558980635615743,0.558980635615743,0,1.11796127123149,1.67694190684723,0,0.838470953423615,0,0,0.558980635615743,0.838470953423615,0.558980635615743,0.838470953423615,0.279490317807872,0,0,0,0,0,0,0,0,0,0.279490317807872,0,0,0,0,0.279490317807872,0,0.279490317807872,0,0.558980635615743,0,0.279490317807872
"support",0,0,0.764273660101336,0.573205245076002,0.382136830050668,0.382136830050668,0.382136830050668,0.764273660101336,1.146410490152,0.191068415025334,0.191068415025334,0.764273660101336,0.573205245076002,0.95534207512667,0.95534207512667,0.191068415025334,0.191068415025334,0.382136830050668,0.382136830050668,0,0,0.764273660101336,0.382136830050668,0.382136830050668,0,0.382136830050668,1.33747890517734,1.146410490152,0.382136830050668,0,0.382136830050668,0,0.191068415025334,0,1.91068415025334,1.146410490152,0.382136830050668,0.191068415025334,0,0,0.573205245076002,0,0,0.764273660101336,0,0,0.191068415025334,0,0.573205245076002,0.382136830050668,0,0,0,0,0.382136830050668,0,0.191068415025334,0,0.573205245076002
"operation",0,0,0.729459326483919,0,0,0,0,0,0,1.45891865296784,0.729459326483919,0,1.45891865296784,5.10621528538743,1.45891865296784,0,0,0,0,0,0,0,0,0,1.45891865296784,0.729459326483919,0.729459326483919,0,0,0,0.729459326483919,0,0,0,0,0.729459326483919,0,0,0,0,0,0,0,0,0,0,0,0,0,0,0,0,0,0,0,0,0,0,0
"friend",0,0,0.390640769930538,0.390640769930538,0.781281539861076,0,0,0,0,0.390640769930538,0,0,1.17192230979161,0.390640769930538,0,0,0,0,1.17192230979161,0,0,0,0,0,0,0,0,0.390640769930538,0.390640769930538,0,0,0,0,0,0,0,0,0,0,0.781281539861076,0,1.56256307972215,0.781281539861076,1.17192230979161,0.390640769930538,0.390640769930538,0.390640769930538,0,0,1.56256307972215,3.51576692937484,1.17192230979161,0,0.390640769930538,0.390640769930538,1.17192230979161,0.390640769930538,0,0.781281539861076
"effect",0,0,0.818248351249103,0.409124175624551,0.409124175624551,0,0.409124175624551,1.6364967024982,2.45474505374731,0.409124175624551,0,0,0.409124175624551,5.72773845874372,0.409124175624551,0,0.409124175624551,0,1.22737252687365,0.409124175624551,0.409124175624551,1.22737252687365,0,0.409124175624551,0,0.818248351249103,0,1.6364967024982,0,0,1.22737252687365,0,0,0,0.818248351249103,0.818248351249103,0,0,0,0,0,0,0,0,0,0,0,0,0,0,0.409124175624551,0,0,0,0,0.409124175624551,0,0,0
"peace",0,0,0.493770768532134,0.493770768532134,0.395016614825707,0.395016614825707,0,0.59252492223856,0.987541537064267,0.88878738335784,0.197508307412853,0.29626246111928,0.197508307412853,0.0987541537064267,0.987541537064267,0,0.29626246111928,0.493770768532134,0.197508307412853,0.0987541537064267,0,0.0987541537064267,0.493770768532134,0.197508307412853,0.29626246111928,0.493770768532134,0,0.493770768532134,0.691279075944987,0.29626246111928,0.395016614825707,0,0.59252492223856,0.691279075944987,1.28380399818355,1.4813123055964,0,0.395016614825707,0,0.59252492223856,1.38255815188997,1.18504984447712,1.08629569077069,0.395016614825707,0,1.18504984447712,1.87632892042211,0.0987541537064267,0.197508307412853,0.790033229651414,0.29626246111928,0,0.0987541537064267,0.0987541537064267,0.0987541537064267,0.395016614825707,0.29626246111928,0,0.395016614825707
"indeed",0,0,0.656908659335307,1.97072597800592,0.656908659335307,0.656908659335307,0,0,0,0,0,0.656908659335307,1.97072597800592,4.59836061534715,0,0,0.656908659335307,0,0.656908659335307,0,0,0,0,0,0,0,0,0,0,0,0.656908659335307,0.656908659335307,0,0,0,0,0,0,0,0,0,0.656908659335307,0,0,0,0,0,0,0,0,0,0.656908659335307,0,0,0,0,0,0,0
"deserve",0,0,0.492098410689315,0,0,0,0,0.492098410689315,0,0.492098410689315,0,0.492098410689315,0,0,0.492098410689315,0.492098410689315,0,0,0,0,0.492098410689315,0,0.492098410689315,0.98419682137863,0.492098410689315,0,0.492098410689315,0.492098410689315,0,0,0,0,0,0,0,0,0,0,0,0,0,0,0,0,0,0,0,0,0,0.492098410689315,0,0.492098410689315,0.98419682137863,0.492098410689315,0.98419682137863,0.492098410689315,0.492098410689315,0,0
"ancient",0,0,0.448632716908225,0.448632716908225,0,0,0,0.448632716908225,0.448632716908225,0.448632716908225,0,0,0.448632716908225,0.448632716908225,0,0,0,0.89726543381645,0,0,0,0,0,0,0,0,0,0,0,0,0,0,0,0,0,0,0.448632716908225,0.448632716908225,0.448632716908225,0,0.448632716908225,0,0,0.448632716908225,0.448632716908225,0,0,0.448632716908225,0,0.448632716908225,0.448632716908225,0.448632716908225,0.448632716908225,0,0.448632716908225,0,0.448632716908225,0,0
"idea",0,0,1.70019608695866,0,0,0,0,0,0,0,0,0,0,2.26692811594488,0,0,0.56673202898622,0,0.56673202898622,0,0,0,0,0,0,0,0.56673202898622,0,0,0,0,0,0,0,0,0,0,0,0,0,0,0.56673202898622,0,0,0,0.56673202898622,0.56673202898622,0.56673202898622,0.56673202898622,0.56673202898622,1.70019608695866,3.40039217391732,0.56673202898622,0,0,0.56673202898622,1.13346405797244,0,0
"city",0,0,0.54040309026387,0,0,0,0,0.54040309026387,1.62120927079161,0.54040309026387,0,0,0,0,0,0,0,0,0,0.54040309026387,0,0,0,0,0,0,0,0,0,0,1.08080618052774,0,0,0.54040309026387,0,0,0.54040309026387,0.54040309026387,0.54040309026387,0,0,0.54040309026387,0.54040309026387,0,0.54040309026387,0.54040309026387,0,0,0,0,0,0.54040309026387,0,0,0,0.54040309026387,0,1.62120927079161,0
"sight",0,0,1.54170402328429,0,0,0,0,0,0,0,0,0,0,0,0,0,0,0,0,0,0,0,0,0,0,0,0,0,0,0,0,0,0,0,0,0,0.770852011642144,0,0,0,0,1.54170402328429,0.770852011642144,0,0,0.770852011642144,0,0,0,0,0,0.770852011642144,0.770852011642144,0,0,0.770852011642144,0,0.770852011642144,0.770852011642144
"certain",0,0,0.372912002970107,0,0,0,0,0.372912002970107,0.745824005940213,0,0,0,0.745824005940213,1.11873600891032,0.372912002970107,0,0.372912002970107,0.372912002970107,0.372912002970107,0,0,0,0.745824005940213,0.372912002970107,0,0,0.372912002970107,0.745824005940213,0,0.372912002970107,1.86456001485053,0,0.745824005940213,0,0.372912002970107,0,0.372912002970107,0,0,0,0,0.372912002970107,0.372912002970107,0.372912002970107,0,0,0,0,0,0,0.372912002970107,0,0.745824005940213,0,0,0,0.372912002970107,0,0.372912002970107
"noble",0,0,0.56673202898622,0,0,0,0.56673202898622,0,0,0,0,0,0,0.56673202898622,0.56673202898622,0,1.13346405797244,1.13346405797244,0,0,0,0,0,0,0,0,0,0,0.56673202898622,0,0,0.56673202898622,0,0.56673202898622,0,0,0.56673202898622,0,0,0,0,0.56673202898622,0,0,0,0,0.56673202898622,0.56673202898622,0,0.56673202898622,0,0,0.56673202898622,0,0,0.56673202898622,0,0,0
"like",0,0,0.323693980299925,0,0,0.323693980299925,0.323693980299925,0,1.94216388179955,0,0,0,0,1.2947759211997,0.323693980299925,0.323693980299925,1.94216388179955,0,0,0,0,0.323693980299925,0,0,0,0.323693980299925,0,0.971081940899775,0,0.323693980299925,1.2947759211997,0.323693980299925,0,1.61846990149962,0,0.323693980299925,0,0,0.971081940899775,0,0,0.323693980299925,0.323693980299925,0,0.971081940899775,0,0,0,0,0,1.61846990149962,0.323693980299925,0.64738796059985,0,0.323693980299925,0.64738796059985,0.64738796059985,0.971081940899775,1.2947759211997
"often",0,0,0.89726543381645,0.89726543381645,0,0,0,0,0.448632716908225,0.89726543381645,0,0,0.448632716908225,1.34589815072467,0.448632716908225,0.448632716908225,0,0,0,0,0,0,0,0.448632716908225,0,0.89726543381645,0,0.448632716908225,0.448632716908225,0,0,0.89726543381645,0,0,0.448632716908225,0,0.89726543381645,0,0.448632716908225,0,0,0.448632716908225,0,0,0,0,0.448632716908225,0,0,0,0.448632716908225,0.448632716908225,0,0,0,0.89726543381645,0,0,0
"branch",0,0,0.492098410689315,0,0,0,0,1.47629523206795,0.98419682137863,0,0.98419682137863,0,0.492098410689315,2.46049205344658,1.47629523206795,0.98419682137863,0.492098410689315,0.492098410689315,0.492098410689315,0,0,0,0,0,0.98419682137863,0,0.98419682137863,0.492098410689315,0.492098410689315,0,0.492098410689315,0,0,0,0,0.492098410689315,0,0,0.492098410689315,0,0,0.492098410689315,0,0,0,0,0,0,0,0,0,0,0,0,0,0,0,0,0
"period",0,0,0.372912002970107,0,0,0.372912002970107,0.745824005940213,0.745824005940213,0.745824005940213,1.49164801188043,0.372912002970107,0.372912002970107,0.745824005940213,2.23747201782064,1.86456001485053,0,1.11873600891032,0.372912002970107,0.372912002970107,0,0,0,0.372912002970107,0,0,0,0,0.372912002970107,0,0,0,0,0.372912002970107,0,0,0.372912002970107,0,0,0,0.372912002970107,0.745824005940213,0,0,0.372912002970107,0,0.372912002970107,0.372912002970107,0,0.372912002970107,0,0,0,0,0,0,0,0,0,0.745824005940213
"neighbor",0,0,0.428429330819938,0,0,0.428429330819938,0,0,1.28528799245981,0,0,0,0,0.428429330819938,0,0,0.428429330819938,0,0,0,0,0.428429330819938,0,0,0,0.428429330819938,0,0,0.428429330819938,0,0.428429330819938,0,0,0,0,0,1.71371732327975,0.428429330819938,0.428429330819938,0,0,0.428429330819938,0,0.428429330819938,0.856858661639876,0.856858661639876,0,0,0.856858661639876,0,0.856858661639876,0,0.428429330819938,0.428429330819938,0.428429330819938,0,0,0,0.856858661639876
"law",0,0,0.235278995733601,0.470557991467202,0.705836987200803,0.117639497866801,0,0.235278995733601,0.705836987200803,0.352918493600402,0.235278995733601,0.117639497866801,0.352918493600402,0.823476485067604,1.29403447653481,0.235278995733601,0.588197489334003,0.470557991467202,2.58806895306961,0,0.823476485067604,0.117639497866801,0.941115982934404,1.76459246800201,0.470557991467202,2.82334794880321,0.705836987200803,1.76459246800201,0.588197489334003,0,2.35278995733601,0.470557991467202,0,0.823476485067604,1.29403447653481,2.35278995733601,0,0,0,0,0.117639497866801,0.588197489334003,0.705836987200803,0.117639497866801,0,0.352918493600402,0.117639497866801,0.352918493600402,0,0.117639497866801,0,0.117639497866801,0.117639497866801,0.235278995733601,0.235278995733601,0.117639497866801,0.235278995733601,0.117639497866801,0
"anything",0,0,2.77726191488366,0,0,0,0,0,0,0,0,0,0,2.77726191488366,0,0,0,0,0,0,0,0.925753971627887,0,0,0,0.925753971627887,0,0,0,0,0.925753971627887,0,0,0,0,0,0,0,0,0,0,0,0,0,0,0,0,0,0,0,0,0,0,0.925753971627887,0,0,0,0.925753971627887,0
"mere",0,0,0.656908659335307,0,0,0,0,0,0,0,0,0,0,0,1.31381731867061,0,0,1.97072597800592,1.31381731867061,0,0,0,0,0,0,0,0,1.31381731867061,0,0,3.28454329667654,1.97072597800592,0,0,1.31381731867061,1.31381731867061,1.31381731867061,0.656908659335307,0.656908659335307,0,0,0,0,0,0,0,0,0,0,0,0,0,0,0,0,0,0.656908659335307,0,0
"institution",0,0,0.64738796059985,0,0.323693980299925,0.323693980299925,0.323693980299925,0.64738796059985,0.323693980299925,0,0,0.323693980299925,5.50279766509872,3.23693980299925,3.23693980299925,0.323693980299925,0.971081940899775,0.971081940899775,1.2947759211997,0,0,0,0.323693980299925,0.64738796059985,0.323693980299925,1.2947759211997,1.2947759211997,1.61846990149962,0.64738796059985,0,0.323693980299925,0,0,0,0.323693980299925,1.2947759211997,0,0,0.323693980299925,0,0,0.323693980299925,0,0,0,0,0,0,0,0,0,0,0,0,0.971081940899775,0,0.323693980299925,0,0
"spring",0,0,1.54170402328429,0,0,0.770852011642144,0,0,0,0,0,0,1.54170402328429,0,0,0,0.770852011642144,0,0.770852011642144,0,0,0,0,0,0,0,0,0.770852011642144,0,0,0,0,0.770852011642144,0,0,0,0,0,0.770852011642144,0,0,0,0,0,0,0,0,0,0,0.770852011642144,0,2.31255603492643,0,0,0,0,0,0,0
"enlighten",0,0,0.515579506538838,0.515579506538838,1.03115901307768,0,0.515579506538838,1.03115901307768,1.54673851961651,0.515579506538838,0,0.515579506538838,0.515579506538838,1.54673851961651,0.515579506538838,0.515579506538838,0,0,0,0,0,0,0.515579506538838,0,0,0,0.515579506538838,0.515579506538838,0,0,0,0,0,0,1.54673851961651,0,0,0,0.515579506538838,0,0,0.515579506538838,0,0,0,0,0,0,0,0,0,0,0,0,0,0,0,0,0
"represent",0,0,0.925753971627887,0,0,0.925753971627887,0,0,0.925753971627887,0,0,0,0,0,0,0,0,0,0,0,0,0.925753971627887,0,0,0,0,0.925753971627887,0,0,0,0,0,0,0,5.55452382976732,0,0,0,0,0,0,0,0,0,0,0,0,0,0,0,0,0,0,0,0,0,0.925753971627887,0,0
"legitimate",0,0,0.691670765594519,0,0,0,0,0,0,0.691670765594519,0,0,0.691670765594519,1.38334153118904,1.38334153118904,0,2.07501229678356,0.691670765594519,0,0,0,0,2.07501229678356,0,0,0,0.691670765594519,0,0,0,2.07501229678356,0,0,0,0.691670765594519,0,0,0.691670765594519,0,0,0,0,0,0,0,0,0,0,0,0,0,0,0,0,0,0,0,0,0
"whatever",0,0,0.818248351249103,0.409124175624551,0,0,0,0.409124175624551,0.818248351249103,0.409124175624551,0,0.409124175624551,0,0.409124175624551,0.818248351249103,0.409124175624551,0.409124175624551,0.409124175624551,0.409124175624551,0,0,0,0.409124175624551,0.409124175624551,0,0,0,0.818248351249103,0.409124175624551,0,0.409124175624551,0,0,0.409124175624551,0,0,0,0,0,0,0,1.22737252687365,0,0.409124175624551,0,0,0,0,0.409124175624551,0,0.409124175624551,0,0,0.409124175624551,0,0,0,0,0
"existence",0,0,0.390640769930538,0,0.390640769930538,0,0,0,0.390640769930538,0.390640769930538,0,0,0.781281539861076,1.17192230979161,0.781281539861076,0.390640769930538,0.390640769930538,0.390640769930538,0.390640769930538,0,0,0.781281539861076,0,0.781281539861076,0,0.390640769930538,0.781281539861076,0.390640769930538,0,0.781281539861076,1.17192230979161,0.390640769930538,0,0.390640769930538,0.390640769930538,0,0.390640769930538,0,0,0,0,0,0,0,0.390640769930538,0,0,0,0,0,0,0,0,0,0.390640769930538,0,0,0,0
"full",0,0,0.252338071764257,0.252338071764257,0.504676143528513,0.75701421529277,0,1.00935228705703,1.00935228705703,0,0,0.252338071764257,0,1.00935228705703,0.252338071764257,0,0,0,0.252338071764257,0,0,0,0.252338071764257,0.75701421529277,0.504676143528513,1.00935228705703,0,0.252338071764257,0.75701421529277,0.252338071764257,1.00935228705703,0,0.504676143528513,1.00935228705703,0.504676143528513,1.00935228705703,0,0,0.252338071764257,0,0.252338071764257,1.00935228705703,1.00935228705703,0,0,0.252338071764257,0.252338071764257,0.252338071764257,0.252338071764257,0,0,0,0.252338071764257,0,0,0.252338071764257,0,0,0.252338071764257
"knowledge",0,0,1.6364967024982,0,0.409124175624551,0,0,0,0.818248351249103,0,0.409124175624551,0,0.409124175624551,0,0,0,0,0,0.409124175624551,0,0,0,0,0,0,2.04562087812276,0,0.409124175624551,0,0,0,0.818248351249103,0,0.409124175624551,0.409124175624551,1.22737252687365,0,0,0.409124175624551,0,1.6364967024982,0.818248351249103,0.818248351249103,0,0.818248351249103,0,0,0,0,0,0,0.409124175624551,0.409124175624551,0.409124175624551,0,0.818248351249103,0.409124175624551,0.409124175624551,0
"throughout",0,0,0.745824005940213,0,0,0,0,0,0,0.372912002970107,0,0,0.745824005940213,0,0.372912002970107,0,0.372912002970107,1.49164801188043,0,0,0.372912002970107,1.11873600891032,0.745824005940213,0.372912002970107,0,0,0,0.745824005940213,0.745824005940213,0.372912002970107,0.372912002970107,0,0.745824005940213,0,0.372912002970107,0.745824005940213,0,0,0,0.372912002970107,0,0,0,0,0,0,0,0,0.372912002970107,0.372912002970107,0.745824005940213,0,0.372912002970107,0,0.372912002970107,0.745824005940213,0,0.372912002970107,0
"body",0,0,0.428429330819938,0,0.428429330819938,0,0,0.856858661639876,0.856858661639876,0.428429330819938,0,0,0.428429330819938,4.28429330819938,0,0.856858661639876,0,0,0.428429330819938,0,0,0,0,0,0,2.14214665409969,0,0.856858661639876,0,0.428429330819938,0,1.28528799245981,0,0.428429330819938,0.428429330819938,0,0,0,2.14214665409969,0,0,0,0.428429330819938,0,0.428429330819938,0,0,0,0.428429330819938,0,0.428429330819938,0,0,0,0,0.428429330819938,0,0.428429330819938,0
"pride",0,0,0.56673202898622,0,1.13346405797244,0,0,0,0.56673202898622,0,0,0,0,0,0,0,0,0,0,0,1.13346405797244,0,0,0,0,0,0.56673202898622,0.56673202898622,0,0,0,0.56673202898622,0.56673202898622,0.56673202898622,0.56673202898622,0,0.56673202898622,0,0,0,0,0.56673202898622,0.56673202898622,0,0,0,0,0,0,0,0,0,0,0,0.56673202898622,0,1.13346405797244,0.56673202898622,0
"rich",0,0,0.409124175624551,0.409124175624551,0,0.409124175624551,0,0,0,0,0,0,0.409124175624551,0.409124175624551,0,0,0.409124175624551,0.818248351249103,0,0,0.409124175624551,0,0,0.409124175624551,0,0.409124175624551,0,0,0,0,0,0.818248351249103,0,0.409124175624551,0.409124175624551,0.409124175624551,0,0,0,0,0,0,0,0.409124175624551,0.409124175624551,0.818248351249103,0,0.409124175624551,0,1.22737252687365,0.409124175624551,0,0.409124175624551,0,0,0.409124175624551,0,0.409124175624551,0
"glory",0,0,1.38334153118904,0,0,0.691670765594519,0,0.691670765594519,0,0.691670765594519,0,0,0,0.691670765594519,0,0,0,0.691670765594519,0,0,0,0,0,0,0,0.691670765594519,0,0,0,0,0,0,0,0.691670765594519,0,0,0,0,0,0,0,0.691670765594519,0,0,0,0.691670765594519,0,0.691670765594519,0,0.691670765594519,0,0,0,0,0,0,0,0,0
"conviction",0,0,0.390640769930538,0,0.390640769930538,0.390640769930538,0.390640769930538,0,0,0,0,0,0.390640769930538,0.390640769930538,0,0,0.781281539861076,0,0,0,0,0.390640769930538,0,0.390640769930538,0,0.390640769930538,0,0,0,0,0.390640769930538,0.390640769930538,0,0,0.390640769930538,0,0,0.390640769930538,0,0.390640769930538,0.390640769930538,0.781281539861076,0,0,0.390640769930538,0,0,0,0,0,0,0.390640769930538,0.781281539861076,0.390640769930538,0,0.390640769930538,0,0.390640769930538,0.390640769930538
"information",0,0,0.770852011642144,0.770852011642144,0,0.770852011642144,0,0,0,0,0,0,0,0.770852011642144,0,0.770852011642144,0,0,0,0,0,0,0,0,0,0,0,0,0.770852011642144,0,1.54170402328429,0,0,0,0,0,0,0.770852011642144,0,0,0.770852011642144,0,0,0,0,0,0,0,0,0,0,0,1.54170402328429,0,0,0,0,0,0
"lose",0,0,0.428429330819938,0,0,0,0.428429330819938,0.428429330819938,0,0,0,0,0.428429330819938,0,0.428429330819938,0,0.428429330819938,0,0.856858661639876,0,0,0,0.428429330819938,0,0,0,0.428429330819938,0,0.428429330819938,0,0,0.428429330819938,0,0,0,0,0,0,0.428429330819938,0,0.428429330819938,0.428429330819938,0,0,0,0.428429330819938,0,0,0,0,0.428429330819938,0,0.428429330819938,0.428429330819938,0.428429330819938,0.856858661639876,0.428429330819938,0,1.71371732327975
"fair",0,0,0.339488247483157,0.339488247483157,0.339488247483157,0.339488247483157,0,1.01846474244947,1.01846474244947,0,0.339488247483157,0,0.339488247483157,0.678976494966314,0.339488247483157,0,0.339488247483157,1.35795298993263,0.339488247483157,0,0,0.339488247483157,0,0,0.339488247483157,0,0.678976494966314,1.01846474244947,0,0,0,0.339488247483157,0.339488247483157,0,0.339488247483157,0,0,0,0,0,0.339488247483157,0,0,0,0,0,0,0.339488247483157,0.678976494966314,0.678976494966314,0,0,0,0.339488247483157,0,0.339488247483157,0.339488247483157,0,0
"election",0,0,0.98419682137863,0.492098410689315,0,0,0,0,0.492098410689315,0.98419682137863,0.492098410689315,0,0.98419682137863,0.492098410689315,0,0,0,0.492098410689315,0,0,0,0,1.96839364275726,0,0,3.44468887482521,0,2.95259046413589,0.492098410689315,0,0.98419682137863,0,0,0,0.98419682137863,1.96839364275726,0,0.492098410689315,0.492098410689315,0,0,0,0,0,0,0,0,0,0,0.492098410689315,0.492098410689315,0,0,0,0,0,0,0,0
"majority",0,0,0.656908659335307,1.31381731867061,0,0,0,0,0,0,0,0,0.656908659335307,3.28454329667654,2.62763463734123,0,0,1.31381731867061,3.94145195601184,0,0,0,0,0,0,0.656908659335307,0,0,0,0,0.656908659335307,0.656908659335307,0,0,1.31381731867061,0,0,0,0.656908659335307,0,0,0,0,0,0,0,0,0,0,0,1.31381731867061,0,0,0,0,0,0,0,0
"vote",0,0,0.691670765594519,0,0,0,0,0,0,0,0,0,0,2.07501229678356,0,0,0,0.691670765594519,0,0,0,0,0.691670765594519,1.38334153118904,0,0.691670765594519,0,1.38334153118904,0,0,2.76668306237808,0,0,0,0,0,0,0,0,0,0,0,0,0.691670765594519,0,0,0,0,0,0,0,0.691670765594519,0,0,0,0,1.38334153118904,0,0.691670765594519
"choice",0,0,2.37904301034585,0.594760752586463,0,0,0,0,0,0,0.594760752586463,0,0,0,0,0,0,0,0,0,0,0,0,0,0.594760752586463,0.594760752586463,0,0,0,0,0,0,0,0,0,0.594760752586463,0,0,0,0,0,1.18952150517293,0,0,0.594760752586463,0.594760752586463,0,0,0,0,0.594760752586463,0,1.78428225775939,1.18952150517293,2.97380376293231,1.18952150517293,0.594760752586463,0,0
"end",0,0,0.405300575150298,0,0,0,0,0,0.202650287575149,0.202650287575149,0.202650287575149,0.202650287575149,0.405300575150298,0.202650287575149,0.202650287575149,0,0,0.202650287575149,0,0,0.202650287575149,0.405300575150298,0.607950862725448,0.202650287575149,0.202650287575149,0.607950862725448,0,0.202650287575149,0.202650287575149,0,0,0,0,0.202650287575149,0,0.405300575150298,0.607950862725448,0.202650287575149,0.202650287575149,0,0.607950862725448,0,0,0.405300575150298,0.202650287575149,0,0.607950862725448,0.405300575150298,0.607950862725448,0.202650287575149,0.607950862725448,0.202650287575149,0.810601150300597,0.405300575150298,0.607950862725448,0.810601150300597,0.202650287575149,0,0.202650287575149
"obtain",0,0,1.85150794325577,0,0,0,0,0.925753971627887,0,0,0,0,0,0.925753971627887,0,0,0.925753971627887,1.85150794325577,0,0,0,0,0,0,0,2.77726191488366,0,0,0,0,0,0,0,0,0,0,0,0.925753971627887,0,0,0,0,0,0,0,0,0,0,0,0,0,0,0,0,0,0,0,0,0
"menace",0,0,0.770852011642144,0,0,0,0,0.770852011642144,1.54170402328429,0,0,0,0,0,0,0,0.770852011642144,0,1.54170402328429,0,0,0,0,0,0,0,0.770852011642144,0.770852011642144,0,0,0,0,0,1.54170402328429,0.770852011642144,0,0,0,0,0,0,0,0.770852011642144,0,0,0,0,0,0,0,0,0,0,0,0,0,0,0,0
"violence",0,0,0.729459326483919,0,0,0.729459326483919,0,0,0,0,0,0,2.91783730593568,1.45891865296784,0.729459326483919,0,0,0,1.45891865296784,0,0,0,0,0,0,0,0.729459326483919,0,0,0,0,0,0,0,0,0,0,0,0,0,0.729459326483919,0,0,0,0,0,0,0,0,0,0,0,0,0,0.729459326483919,0.729459326483919,0,0,2.18837797945176
"govern",0,0,0.939644031956326,0.469822015978163,0,0,0,0.469822015978163,0.939644031956326,0.469822015978163,0,0.469822015978163,0.939644031956326,3.28875411184714,0,0,0,0.939644031956326,0,0,0.469822015978163,0,0,0,0,0,0.469822015978163,0,0,0.469822015978163,0,0,0.469822015978163,0,0,0,0,0.469822015978163,0.469822015978163,0,1.40946604793449,0.939644031956326,0,0,0,0,0,0,1.40946604793449,0,0,0,0,0,0.939644031956326,0,0,0.469822015978163,0
"case",0,0,0.624723975963906,0.624723975963906,0,0.624723975963906,0,1.24944795192781,1.24944795192781,0,0,0,1.24944795192781,4.37306783174734,0,0,0,0.624723975963906,9.37085963945859,0,0,0,0.624723975963906,0,0,2.49889590385562,0,0.624723975963906,0,0,0.624723975963906,0,0,0,0,0,0,0,0,0,0,0,0,0,0,0,0,0,0,0,0.624723975963906,0,0,0,0,0,0,0,0
"lot",0,0,0.770852011642144,0.770852011642144,0,0,0,0,0,1.54170402328429,0,0,0,0,0,0,0,0.770852011642144,0,0,0,0,0,0,0,0,0.770852011642144,0,0,0,0,0,0,0,0.770852011642144,0,0,1.54170402328429,0,0,0.770852011642144,0,0.770852011642144,0,0,0,0,0,0,0,0,0,0,0,0,0,0,0,0.770852011642144
"chance",0,0,0.594760752586463,0,0,0,0,0,0,0,0,0,0,0,0.594760752586463,0,0,0,0.594760752586463,0,0,0.594760752586463,0,0,0,0,0,0,0,0,0,0.594760752586463,0,0,1.78428225775939,0,0,0.594760752586463,0,0,0,0,0,0,0,0.594760752586463,1.18952150517293,0,0.594760752586463,1.18952150517293,0,0,1.78428225775939,0.594760752586463,0,0.594760752586463,0.594760752586463,0,0
"abuse",0,0,0.624723975963906,1.24944795192781,1.24944795192781,0,0,0,0,0.624723975963906,0.624723975963906,0,0,0,0.624723975963906,0,0,0,0,0,0,1.24944795192781,0.624723975963906,0,0,0,0,0,0,0,1.87417192789172,0,0.624723975963906,0,0,1.87417192789172,0,0.624723975963906,0,0,0,0,0,0,0,0,0,0,0,0.624723975963906,0,0,0,0.624723975963906,0,0,0,0,0
"exhibit",0,0,0.816609502202819,0,0,0,0,1.63321900440564,0.816609502202819,0,0.816609502202819,0,0,1.63321900440564,0,0,0.816609502202819,0.816609502202819,0,0,0,0,0,0,0,0,0,0,0,0,0,0.816609502202819,0,0,1.63321900440564,0,0,0,0,0,0,0,0,0,0,0,0,0,0,0,0,0,0,0,0,0,0,0,0
"long",0,0,0.268832322799671,0.089610774266557,0,0.179221548533114,0.358443097066228,0.179221548533114,0.268832322799671,0,0.268832322799671,0.089610774266557,0.268832322799671,0.537664645599342,0.268832322799671,0,0.089610774266557,0.179221548533114,0,0,0.089610774266557,0.179221548533114,0.089610774266557,0.358443097066228,0,0.448053871332785,0.089610774266557,0.448053871332785,0.268832322799671,0,0.179221548533114,0.268832322799671,0.089610774266557,0.179221548533114,0.268832322799671,0.268832322799671,0.089610774266557,0.089610774266557,0,0,0.268832322799671,0.268832322799671,0.448053871332785,0.179221548533114,0.179221548533114,0.179221548533114,0.448053871332785,0.089610774266557,0.268832322799671,0.089610774266557,0.268832322799671,0.268832322799671,0.358443097066228,0.179221548533114,0.448053871332785,0.537664645599342,0.268832322799671,0.358443097066228,0.179221548533114
"action",0,0,0.226783967291869,0.226783967291869,0.226783967291869,0,0,0.226783967291869,0,0.680351901875606,0.226783967291869,0.226783967291869,1.13391983645934,0.453567934583737,0.453567934583737,0.226783967291869,0.453567934583737,0,0.680351901875606,0,0,0,0,0,0.226783967291869,0,0.226783967291869,1.58748777104308,0.226783967291869,0,0.453567934583737,0.226783967291869,1.58748777104308,0.226783967291869,2.04105570562682,0.226783967291869,1.36070380375121,0.453567934583737,0.226783967291869,0,0.907135869167474,0.226783967291869,0,0,0.226783967291869,0.226783967291869,0,0,0.226783967291869,0,0.453567934583737,0,0,0,0,0.226783967291869,0.226783967291869,0.453567934583737,0
"regulate",0,0,0.770852011642144,0.770852011642144,0,0.770852011642144,0,1.54170402328429,0.770852011642144,0,0.770852011642144,0,0,0,0,0.770852011642144,0,0.770852011642144,0,0,0,1.54170402328429,0,0.770852011642144,0,0,0,0,0,0,0,0,0,0,0,0,0,0,0,0,0,0,0,0,0,0,0,0,0,0,0,0,0,0,0,0,0,0,0
"increase",0,0,0.711757327342652,0,1.06763599101398,0.355878663671326,0,0.711757327342652,0.711757327342652,0.355878663671326,0.355878663671326,0.355878663671326,0.711757327342652,1.77939331835663,2.84702930937061,0,0.711757327342652,0.711757327342652,0,0,0,0.355878663671326,0,0.355878663671326,0,2.13527198202796,0,2.13527198202796,0.355878663671326,0,4.27054396405591,0,0.355878663671326,0,0,1.77939331835663,0,0.711757327342652,0,0,1.4235146546853,0,0,0,0.355878663671326,0,0,0,0,1.4235146546853,0,0.355878663671326,0,0,0,0,0,0,0
"wealth",0,0,0.428429330819938,0,0,0,0,0,0,0,0,0,0.856858661639876,0.856858661639876,0,0,1.28528799245981,0,0,0.428429330819938,0,0,0,0,0,1.71371732327975,0,0,0,0.856858661639876,0,0.428429330819938,0,0.428429330819938,0,0.428429330819938,0.428429330819938,0.856858661639876,0.428429330819938,0,0,0.856858661639876,0.428429330819938,0,0.428429330819938,0.856858661639876,0,0,0.428429330819938,0,0,0,0.428429330819938,0,0.428429330819938,0.856858661639876,0,1.71371732327975,0
"live",0,0,0.226783967291869,0,0.226783967291869,0,0,0.226783967291869,0,0.226783967291869,0,0,0.453567934583737,0.226783967291869,0,0,0,0.226783967291869,0.453567934583737,0.226783967291869,0,0.226783967291869,0,0.226783967291869,0,0,0,0,0,0,0.226783967291869,0.226783967291869,0.226783967291869,0.453567934583737,0.680351901875606,0,0.226783967291869,0.453567934583737,1.13391983645934,0.453567934583737,1.81427173833495,0.907135869167474,0.907135869167474,0,0.453567934583737,1.13391983645934,1.13391983645934,0,0.453567934583737,0.453567934583737,0.680351901875606,0,0.680351901875606,0.907135869167474,0.680351901875606,0.226783967291869,0.453567934583737,0.453567934583737,0
"enjoy",0,0,0.469822015978163,0,0,0.939644031956326,0,1.87928806391265,1.40946604793449,0.469822015978163,0,0,1.40946604793449,0.469822015978163,0.939644031956326,0,0.469822015978163,1.87928806391265,0,0,0,0,0.469822015978163,1.40946604793449,0,0,0.469822015978163,0.939644031956326,0,0.469822015978163,0,0,0,0,0,0,0,0,0,0,0.469822015978163,0.469822015978163,0,0,0,0,0,0,0,0.469822015978163,0,0,0,0,0,0.469822015978163,0,0.469822015978163,0
"mankind",0,0,0.409124175624551,0.409124175624551,0,0,0,0,0,0,0,0.409124175624551,0.818248351249103,0,0.409124175624551,0,1.22737252687365,0,0,0,0,0,0,0.409124175624551,0,0,0,0.818248351249103,0.409124175624551,0.409124175624551,0,0,1.22737252687365,1.6364967024982,0.818248351249103,0.409124175624551,0,0.409124175624551,0,0,1.6364967024982,0.409124175624551,1.22737252687365,0.409124175624551,0.409124175624551,1.22737252687365,0,0,0,0.409124175624551,0,0,0,0,0.409124175624551,0,0,0,0
"open",0,0,0.745824005940213,0,0.372912002970107,0,0.372912002970107,0,0.745824005940213,0,0,0,0.372912002970107,0.372912002970107,0.372912002970107,0,1.49164801188043,0,0.372912002970107,0,0,0,0,0.745824005940213,0,0.372912002970107,0.372912002970107,0.372912002970107,0.745824005940213,0,0.372912002970107,0,0,0.372912002970107,0.372912002970107,0.372912002970107,0,0,0,0,0,0,0,0,0,1.49164801188043,0,0.372912002970107,0.745824005940213,0.372912002970107,0,0,0.745824005940213,0,0,0,0,0.372912002970107,0.372912002970107
"name",0,0,0.515579506538838,0.515579506538838,0,0,0.515579506538838,0,0.515579506538838,0.515579506538838,0,0,0,1.03115901307768,0,0,0,0,0,0,0,0,0,0,0,0,0,0.515579506538838,0.515579506538838,0,1.03115901307768,0,0.515579506538838,0,0.515579506538838,0,0,0,0,0,0,0,1.03115901307768,0,0,0,0,0,0,1.03115901307768,0.515579506538838,0,0.515579506538838,0,0.515579506538838,0,0.515579506538838,0,0.515579506538838
"enemy",0,0,1.03115901307768,0,0,0,1.03115901307768,0,1.54673851961651,0,0,0,0.515579506538838,0,0,0,0,0,1.03115901307768,0,0,0,0,0,0,0,0,0,0,0,0,0,0,0.515579506538838,0,0,0,0,0,0,0.515579506538838,0.515579506538838,0,1.03115901307768,1.54673851961651,0.515579506538838,0,0.515579506538838,0.515579506538838,0,0,0.515579506538838,0,0.515579506538838,1.54673851961651,0.515579506538838,0.515579506538838,0,0
"country's",0,0,0.770852011642144,0.770852011642144,0,0,0,0,0,0.770852011642144,0,0,1.54170402328429,1.54170402328429,0.770852011642144,0,0,0,0,0,0,0,0,0,0.770852011642144,0,2.31255603492643,0,0,0,0,0,0,0,0,0,0,0.770852011642144,0,0,0,0,0,0,0,0,0,0,0,0,0,0,0,0,0,0,0.770852011642144,0,0
"become",0,0,0.147602721244244,0.147602721244244,0.147602721244244,0.147602721244244,0,0.590410884976975,0.295205442488487,0.147602721244244,0.147602721244244,0.295205442488487,0,2.06643809741941,0.590410884976975,0.147602721244244,0.442808163732731,0.442808163732731,0.147602721244244,0,0,0.295205442488487,0.147602721244244,0,0,0.738013606221218,0,0.295205442488487,0.295205442488487,0.147602721244244,0.147602721244244,0.147602721244244,0.147602721244244,0,0.442808163732731,0.590410884976975,0.147602721244244,0.295205442488487,0.147602721244244,0.147602721244244,0.147602721244244,0.147602721244244,0,0.295205442488487,0.738013606221218,0,0.147602721244244,0,0.147602721244244,0.147602721244244,0.295205442488487,0,0.295205442488487,0.295205442488487,0,0,0,0.295205442488487,0.147602721244244
"speak",0,0,0.239373094599889,0.239373094599889,0,0.239373094599889,0,0.239373094599889,0,0,0,0.239373094599889,0,0.957492378399556,0,0,0.718119283799667,0.239373094599889,0.957492378399556,0,0,0.239373094599889,0.239373094599889,0.239373094599889,0,0.239373094599889,0,0.239373094599889,0,0,0.239373094599889,0,0.478746189199778,0.478746189199778,0,0.239373094599889,0.239373094599889,0.239373094599889,1.43623856759933,0,0,0,0.718119283799667,0,0,0.957492378399556,0,0,0.718119283799667,0.718119283799667,0.718119283799667,0.239373094599889,0.478746189199778,0.478746189199778,0.718119283799667,0.239373094599889,0.239373094599889,0.239373094599889,0.718119283799667
"something",0,0,0.594760752586463,0,0.594760752586463,0,0,0,0,0,0,0,0,1.78428225775939,0,0,0,0,0,0,0,0,0,0,0,0.594760752586463,0,0,1.18952150517293,0,1.18952150517293,0.594760752586463,0,1.18952150517293,0.594760752586463,0,0,0,2.37904301034585,0,0,0,0,0,0,0,0,0,0,0,0.594760752586463,0.594760752586463,0,0,1.18952150517293,1.18952150517293,0,0,0.594760752586463
"admit",0,0,0.624723975963906,0,0,0,0,1.24944795192781,0.624723975963906,1.87417192789172,0,0,0,0.624723975963906,0.624723975963906,0,1.24944795192781,0.624723975963906,0.624723975963906,0,0,0,0.624723975963906,0.624723975963906,0,0,0,0,0,0,0.624723975963906,0,0,0,0,0,0.624723975963906,0.624723975963906,0,0,0,0,0,0,0,0,0,0,0,0,0,0,0,0,0,0,0,0,0
"say",0,0,0.252338071764257,0.252338071764257,0.252338071764257,0,0,0.252338071764257,0,0.252338071764257,0,0,0,1.26169035882128,0.504676143528513,0,0.504676143528513,0,1.26169035882128,0.504676143528513,0,0.252338071764257,0.504676143528513,0.75701421529277,0,0,0,0,0,0.252338071764257,0.75701421529277,0.252338071764257,0,0,0.252338071764257,0,0,0.504676143528513,0,0.504676143528513,0.252338071764257,0,0,0,0.75701421529277,0.504676143528513,0,0.75701421529277,0.75701421529277,0.75701421529277,1.51402843058554,0.504676143528513,0.504676143528513,0.252338071764257,0.252338071764257,1.00935228705703,0.252338071764257,0,1.51402843058554
"determination",0,0,1.08080618052774,0,0,0,0,0,0,0,0,0,1.62120927079161,0.54040309026387,0,0.54040309026387,0,0.54040309026387,0,0,1.62120927079161,0,0,0,0.54040309026387,0,0,0,0,0.54040309026387,0.54040309026387,0,0,0,1.08080618052774,1.08080618052774,0,0,0,0,0.54040309026387,0,0,0,0,0,0.54040309026387,0,0.54040309026387,0,0,0.54040309026387,0,0,0,0.54040309026387,0.54040309026387,0,0
"wish",0,0,1.11873600891032,0.372912002970107,0.372912002970107,0,0,0.372912002970107,0.372912002970107,0,0,0,1.11873600891032,1.11873600891032,0,0,0.372912002970107,0,0.372912002970107,0,0,0,0.372912002970107,0,0,0.372912002970107,0,0,0,1.11873600891032,1.86456001485053,0,2.23747201782064,0.745824005940213,2.23747201782064,0.745824005940213,0.372912002970107,0,0,0.372912002970107,0.372912002970107,0.372912002970107,0.372912002970107,0.372912002970107,0,0.372912002970107,0,0,0,0,0.372912002970107,0,0,0,0,0,0,0,0
"mode",0,0,0.867762024650201,0,0,0,0.867762024650201,0.867762024650201,0,0.867762024650201,0,0,0,4.338810123251,0,0,0,1.7355240493004,1.7355240493004,0,0,0,0,0,0,0,0.867762024650201,0,0,0,0,0,0,0,0,0,0,0,0,0,0,0,0,0,0,0,0,0,0,0,0,0,0,0,0,0,0,0,0
"prescribe",0,0,0.594760752586463,0,0.594760752586463,0,0,0,0,0.594760752586463,0.594760752586463,0,0,3.56856451551878,1.18952150517293,0.594760752586463,0,2.37904301034585,1.18952150517293,0,0.594760752586463,0,1.18952150517293,0.594760752586463,0.594760752586463,0,0,0,0,0,0,0,0,0,0,0,0,0,0,0,0,0,0,0.594760752586463,0,0,0,0,0,0,0,0,0,0,0.594760752586463,0,0,0,0
"constant",0,0,0.515579506538838,0,0,0,0,0.515579506538838,0.515579506538838,0,0.515579506538838,0,0,1.54673851961651,0.515579506538838,0,0,0.515579506538838,0,0,0,0,0,0,0.515579506538838,0,1.03115901307768,3.09347703923303,0.515579506538838,0,0,0,0,0,1.54673851961651,0.515579506538838,0,0.515579506538838,0,0,0,0,0.515579506538838,0,0,0,0,0,0,0,0,0,0.515579506538838,0,0,0,1.03115901307768,0,0.515579506538838
"toward",0,0,0.797106099966715,0.265702033322238,0,0.265702033322238,0,0,0.265702033322238,0.265702033322238,0.265702033322238,0,0.265702033322238,0,0,0,0,0.531404066644476,0,0.265702033322238,1.06280813328895,0.797106099966715,0,0,0,0.265702033322238,0,0.265702033322238,0,0.531404066644476,0.531404066644476,0,0,0,0.265702033322238,2.12561626657791,0.265702033322238,0.265702033322238,0.265702033322238,0.265702033322238,0.531404066644476,0.531404066644476,0,0,0.531404066644476,0.797106099966715,0.531404066644476,0.265702033322238,0,0.531404066644476,0.531404066644476,0,0.531404066644476,0.265702033322238,0.531404066644476,0,0,0,0
"southern",0,0,0.867762024650201,0,0,0,0,0,0,0.867762024650201,0,0,0,0,0,0,0,0,0.867762024650201,0.867762024650201,0,0,2.6032860739506,0.867762024650201,0,0,0,0,0,0,4.338810123251,0,0,0,0,0,0,0,0,0,0,0.867762024650201,0,0,0,0,0,0,0,0,0,0,0,0,0,0,0,0,0
"western",0,0,0.816609502202819,0,0,0,0,0,2.44982850660846,0,0,0,0,0,0,0,0,0,0,0,0,0,0,0,0,0.816609502202819,0,0,0,0,2.44982850660846,0,0,0,0.816609502202819,1.63321900440564,0,0,0,0,0.816609502202819,1.63321900440564,0,0,0,0,0,0,0.816609502202819,0,0,0,0,0,0,0,0,0,0
"position",0,0,0.54040309026387,0.54040309026387,0,0,0,0,1.08080618052774,0,0,0,1.08080618052774,0.54040309026387,0.54040309026387,1.08080618052774,3.24241854158322,0,0.54040309026387,0,0.54040309026387,0.54040309026387,0,0.54040309026387,0.54040309026387,0,0,0,0,0,2.16161236105548,0,0,0,2.70201545131935,0,0.54040309026387,0,0,0,0,0,0,0,0,0,0,0,0,0,0,0.54040309026387,0,0,0,0,0,0,0
"various",0,0,0.656908659335307,0.656908659335307,0,0.656908659335307,0,0,0.656908659335307,1.31381731867061,0.656908659335307,0.656908659335307,2.62763463734123,1.31381731867061,0,0,0,0,0,0,0,0,0,0.656908659335307,0,0,0,0,0,0,0,0,0,0,1.31381731867061,0,0.656908659335307,0,0,0,0,0,0,0,0,0,0,0,0.656908659335307,0,0,0,0,0,0,0,0,0,0
"political",0,0,0.179787404615645,0.539362213846935,0.179787404615645,0,0.539362213846935,0.179787404615645,0,1.07872442769387,0.179787404615645,0.35957480923129,0.898937023078225,1.43829923692516,0.179787404615645,0.179787404615645,0.179787404615645,0.898937023078225,0.35957480923129,0,0.35957480923129,0.179787404615645,1.79787404615645,0.35957480923129,0.35957480923129,0.539362213846935,0.71914961846258,0.179787404615645,0.35957480923129,0.179787404615645,0.898937023078225,0,0.35957480923129,0.539362213846935,1.07872442769387,0.71914961846258,0.35957480923129,0.35957480923129,0,0,0,0.71914961846258,0,0,0,0,0,0,0.539362213846935,0.35957480923129,0,0.179787404615645,0.35957480923129,0,0,0.179787404615645,0,0,0.179787404615645
"opinion",0,0,0.781281539861076,1.95320384965269,1.95320384965269,0,0,0.781281539861076,1.17192230979161,2.34384461958323,0,0.781281539861076,2.34384461958323,3.90640769930538,3.12512615944431,0.390640769930538,1.17192230979161,1.56256307972215,0.781281539861076,0,0.390640769930538,0,0.781281539861076,1.56256307972215,0,0.390640769930538,0.781281539861076,0.781281539861076,0,0,0,0,0,0.390640769930538,0,1.17192230979161,0.390640769930538,0,0,0,0,0,0,0,0.390640769930538,0,0,0,0,0,0,0,0,0,0,0,0,0,0
"point",0,0,0.409124175624551,0,0.409124175624551,0,0,0.409124175624551,1.6364967024982,0.409124175624551,0,0.409124175624551,0.818248351249103,1.22737252687365,0,0,0.818248351249103,1.22737252687365,0.818248351249103,0.409124175624551,0,0,0.818248351249103,0,0,0.409124175624551,0,0,0.409124175624551,0,0.409124175624551,0.409124175624551,0,0,0.409124175624551,0,0.409124175624551,0,0,0,0.409124175624551,0.409124175624551,0,0,0,0,0,0,0,0.409124175624551,0.818248351249103,0,0,0,0,0,0,0,0
"science",0,0,0.54040309026387,0,0.54040309026387,0.54040309026387,0,0.54040309026387,0,0.54040309026387,0.54040309026387,0,0,0,0,0,0.54040309026387,0,0,0,0,0,0,0.54040309026387,0,0,0,0,0,0,0,1.08080618052774,0,0,0.54040309026387,1.62120927079161,0,1.62120927079161,0,0,0,0.54040309026387,0,1.08080618052774,0,0.54040309026387,0,0,0,0,0,0,0,0,0,0.54040309026387,1.08080618052774,0,0
"effort",0,0,0.158068154922409,0.158068154922409,0.158068154922409,0,0,0.316136309844817,0.316136309844817,0.158068154922409,0,0.158068154922409,0.158068154922409,0.158068154922409,0,0.158068154922409,0.158068154922409,0,0.158068154922409,0,0.316136309844817,0.790340774612043,0.790340774612043,0.158068154922409,0.474204464767226,0,0.474204464767226,0.158068154922409,0.474204464767226,0.158068154922409,0.632272619689635,0.158068154922409,0,0,1.10647708445686,0.158068154922409,0.948408929534452,0.158068154922409,0,0,1.26454523937927,0.316136309844817,0,0.316136309844817,0,0.158068154922409,0.158068154922409,0.158068154922409,0.158068154922409,0.316136309844817,0,0,0.316136309844817,0.158068154922409,0.316136309844817,0.158068154922409,0.474204464767226,0.158068154922409,0
"encourage",0,0,0.339488247483157,0,0.339488247483157,0.339488247483157,0,0,0,0,0.339488247483157,0.339488247483157,0.339488247483157,0.678976494966314,0,0,0.339488247483157,0,0,0.339488247483157,0.339488247483157,0,0,0,0.339488247483157,1.35795298993263,0.339488247483157,1.01846474244947,0.678976494966314,0,0.678976494966314,0,0.339488247483157,0.678976494966314,1.35795298993263,0.678976494966314,0,0,0,0,0.339488247483157,0.339488247483157,0,0.339488247483157,0,0,0.339488247483157,0,0,0,0.339488247483157,0,0,0.339488247483157,0.339488247483157,0,0,0,0
"school",0,0,0.54040309026387,0,0,0,0,0,0,0.54040309026387,0,0,0,0,0,0.54040309026387,0,0,0,0,0,0.54040309026387,0.54040309026387,0,0,0,0,0.54040309026387,0,0,0.54040309026387,0,0,0,0,0,0,0,0,0,0,0.54040309026387,0,0,0,0,0,0.54040309026387,0,0,0.54040309026387,0,1.08080618052774,1.62120927079161,0.54040309026387,1.08080618052774,1.08080618052774,0.54040309026387,0.54040309026387
"religion",0,0,1.24944795192781,1.24944795192781,0.624723975963906,0.624723975963906,0,0,0,0,0,0,0,1.24944795192781,0,0.624723975963906,0.624723975963906,0,0,0,0,0,0.624723975963906,0.624723975963906,0,0.624723975963906,0,0,0,0,0.624723975963906,0,0,0,0.624723975963906,0,0,0,0,0,0.624723975963906,0,0,0,0,0,0,0.624723975963906,0,0,0,0,0,0,0,0,0,0,0
"class",0,0,0.98419682137863,0,0,0,0.98419682137863,0,0,0,0,0.492098410689315,0,0.492098410689315,1.96839364275726,0,0,0,0.492098410689315,0,0.492098410689315,0,0,0.492098410689315,0.492098410689315,1.96839364275726,0,0,0,0,0.492098410689315,0,0,0.492098410689315,0.98419682137863,1.47629523206795,0,0,0,0,0.492098410689315,0,0,0,0,0,0,0,0,0,0,0,1.47629523206795,0,0,0,0.492098410689315,0.492098410689315,0.492098410689315
"preserve",0,0,0.643648532624571,0.214549510874857,0.214549510874857,0.214549510874857,0.214549510874857,1.71639608699886,0.429099021749714,0.643648532624571,0.214549510874857,0.643648532624571,1.28729706524914,1.28729706524914,1.93094559787371,0.214549510874857,0.214549510874857,0.858198043499428,0.214549510874857,0,0,0,0,0.429099021749714,0.214549510874857,0.214549510874857,0.429099021749714,0.858198043499428,0.214549510874857,0.429099021749714,0,0,0.214549510874857,0.429099021749714,0,0,0,0.214549510874857,0.214549510874857,0,0,0,0,0.214549510874857,0,0,0.858198043499428,0.214549510874857,0.643648532624571,0.858198043499428,0,0.429099021749714,0.214549510874857,0,0,0,0.429099021749714,0,0
"natural",0,0,0.691670765594519,0,0,0,0,0,0,0,0.691670765594519,0,0.691670765594519,0,0,0,0,1.38334153118904,0,0,0,0,0,0,0,0,0,0,0,0,0,0.691670765594519,0,0,2.07501229678356,0,0.691670765594519,0.691670765594519,0,0,0.691670765594519,0.691670765594519,0,0,0,0,0,0.691670765594519,0,0,0,0,0.691670765594519,0,0,0,0,0,0
"spirit",0,0,0.885616327465462,0,0.295205442488487,0.295205442488487,0.590410884976975,0,0.885616327465462,0.147602721244244,0.147602721244244,0.147602721244244,1.03321904870971,2.95205442488487,0.442808163732731,0.147602721244244,0.590410884976975,0.590410884976975,0,0,0,0.147602721244244,0.147602721244244,0,0.442808163732731,0.442808163732731,0.147602721244244,0.442808163732731,0.442808163732731,0.442808163732731,0,0.147602721244244,0.738013606221218,0.590410884976975,0,0.295205442488487,0.442808163732731,0.442808163732731,1.32842449119819,0,0,0.147602721244244,0.147602721244244,0,0.147602721244244,0.885616327465462,0.295205442488487,0.885616327465462,0,0.295205442488487,0,0.147602721244244,0.738013606221218,0.442808163732731,0,0.738013606221218,0.147602721244244,0.147602721244244,0
"destruction",0,0,0.624723975963906,0,0,0,0,0,1.24944795192781,0,0,0.624723975963906,0.624723975963906,1.87417192789172,1.87417192789172,0,0,0,1.24944795192781,0,0,0,0,0,0,0,0,0,0,0,0,0,0,1.87417192789172,0,0,0,0,0,0,0,0,0,0.624723975963906,0.624723975963906,0.624723975963906,0,0,0,1.24944795192781,0,0,0.624723975963906,0.624723975963906,0,0,0,0,0
"humanity",0,0,0.939644031956326,0,0.469822015978163,0,0.469822015978163,0,0.469822015978163,0.469822015978163,0,0,0.469822015978163,0,0,0,0.469822015978163,0,0,0,0,0,0.469822015978163,0,0,0,0.469822015978163,0,0.469822015978163,0,0,0.939644031956326,0,0.469822015978163,2.34911007989082,0.469822015978163,0,0,0,0,0.469822015978163,0.469822015978163,0,0.469822015978163,0,0.939644031956326,0,0,0,0,0,0,0,0.939644031956326,0,0.469822015978163,0,0,0
"improve",0,0,0.594760752586463,0,0.594760752586463,0,0,0.594760752586463,0,0.594760752586463,0,0,1.18952150517293,0.594760752586463,0.594760752586463,0.594760752586463,0,0.594760752586463,0,0,0,0,0,0,0,0.594760752586463,0,0.594760752586463,0,0,0,0,0,0,0.594760752586463,0,0,0.594760752586463,0,0,0.594760752586463,0,0,0,0,0.594760752586463,0,0,0,0,0,0,0,0,0,0,0,0,0
"agriculture",0,0,0.54040309026387,0.54040309026387,0.54040309026387,1.08080618052774,0,0.54040309026387,0.54040309026387,0,0.54040309026387,0,0,0,0.54040309026387,0.54040309026387,0,0,0,0,0,0,0,0.54040309026387,0,0.54040309026387,0,0.54040309026387,0,0,1.62120927079161,0,0,0,0.54040309026387,0,0,0,0,0,0.54040309026387,0,0.54040309026387,0,0,0.54040309026387,0,0,0,0,0,0,0,0,0,0,0,0,0
"necessity",0,0,0.339488247483157,0,0.339488247483157,0,0.339488247483157,0.339488247483157,0,0,0,0.339488247483157,0,0.678976494966314,0.678976494966314,0,0.678976494966314,0,0.339488247483157,0,0,0,1.35795298993263,0.678976494966314,0.339488247483157,1.35795298993263,0.678976494966314,1.35795298993263,0.339488247483157,0,1.01846474244947,0.339488247483157,0.678976494966314,1.01846474244947,0.339488247483157,0.339488247483157,0.339488247483157,0.339488247483157,0,0,0,0.339488247483157,0,0,0,0,0.339488247483157,0,0,0,0,0,0,0,0,0.339488247483157,0,0,0
"condition",0,0,0.308454013743188,0,0.308454013743188,0.308454013743188,0,0.925362041229564,0.925362041229564,1.23381605497275,0,0,1.23381605497275,0.925362041229564,0.616908027486376,0.308454013743188,0,0.925362041229564,0,0,0,0.308454013743188,1.54227006871594,0.616908027486376,0,1.85072408245913,0.616908027486376,2.15917809620232,0.925362041229564,0.925362041229564,3.08454013743188,0.308454013743188,0,0.616908027486376,1.85072408245913,0.308454013743188,0.308454013743188,0.616908027486376,0,0,0.616908027486376,0.308454013743188,0,0,0,0,0,0.308454013743188,0,0,0,0,0,0,0,0,0,0,0
"friendly",0,0,1.38334153118904,0,0.691670765594519,1.38334153118904,0,0.691670765594519,0,1.38334153118904,0,0,0,0.691670765594519,0,0.691670765594519,0.691670765594519,0,0,0,0,0.691670765594519,0,0,0,4.84169535916164,0,0.691670765594519,0,0,0,0,0,0.691670765594519,0,0,0,0,0,0,0,0,0,0,0,0,0,0,0,0,0,0,0,0,0,0,0,0,0
"maintain",0,0,0.478746189199778,0,0.957492378399556,0.239373094599889,0.239373094599889,0.957492378399556,1.19686547299945,0.239373094599889,0,0.478746189199778,0.718119283799667,0.478746189199778,0.239373094599889,0.239373094599889,0.718119283799667,0.239373094599889,0.478746189199778,0,0.239373094599889,0.718119283799667,0.239373094599889,0.478746189199778,0,0.478746189199778,0.478746189199778,0.478746189199778,0,0,1.91498475679911,0,0,0.957492378399556,1.91498475679911,0.478746189199778,0,0.478746189199778,0.478746189199778,0,0.718119283799667,0,0,0,0,0,0.239373094599889,0.239373094599889,0.957492378399556,0,0,0,0.478746189199778,0,0,0,0.239373094599889,0,0
"europe",0,0,0.729459326483919,0,0,0,0,1.45891865296784,1.45891865296784,2.18837797945176,0,0,0,0.729459326483919,0,0,0,0,0,0,0,0,0.729459326483919,0,0,0,0,0,0,0,1.45891865296784,0,0,0,0.729459326483919,0,0,0,0,0,1.45891865296784,2.18837797945176,0.729459326483919,0,0,0,0,0,0,0,0,0,0,0,0,0,0,0,0
"sanction",0,0,0.56673202898622,0,0,0.56673202898622,0,0.56673202898622,0.56673202898622,0.56673202898622,0,0,0.56673202898622,1.13346405797244,0.56673202898622,0,0,0.56673202898622,0,0,0,0,0.56673202898622,1.13346405797244,0.56673202898622,0,0.56673202898622,0,0.56673202898622,0,0,0,0,1.13346405797244,1.13346405797244,0,0,0,0,0,0,0,0,0,0,0,0,0,0,0,0,0,0,0,0,0,0,0,0
"sincere",0,0,0.691670765594519,0.691670765594519,0.691670765594519,0.691670765594519,0,0.691670765594519,0,0,0.691670765594519,0,0,0,0,0,0,0,0,0,0,0,0,0,0,0,1.38334153118904,0,0,0.691670765594519,0.691670765594519,0,0.691670765594519,0,0,1.38334153118904,0,0,0,0,0,0,0,0,0,0,0,0,0,0.691670765594519,0,0,0,0,0,0,0,0,0
"desire",0,0,0.428429330819938,0,1.28528799245981,0,0,0.428429330819938,0.856858661639876,0,0.428429330819938,0.428429330819938,2.14214665409969,0.856858661639876,0.856858661639876,0,1.28528799245981,0.856858661639876,0,0,0.856858661639876,0.428429330819938,1.28528799245981,0,0,0,0.428429330819938,0.428429330819938,0,0,0.856858661639876,0,1.28528799245981,0,1.28528799245981,1.28528799245981,0,0,0,0,2.14214665409969,0,0,0,0,0,0,0,0,0.428429330819938,0,0,0,0,0,0,0,0,0
"friendship",0,0,1.03115901307768,0.515579506538838,1.03115901307768,0,0,0.515579506538838,0.515579506538838,0.515579506538838,0.515579506538838,0,1.03115901307768,0,0,0,0,1.03115901307768,0,0,0,0,0,0,0.515579506538838,0,0,0,0,0.515579506538838,0,0,0,0.515579506538838,0,0,0,0,0,0,0,0,1.03115901307768,0,0,0,0.515579506538838,0,0.515579506538838,0,1.03115901307768,0,0,0,0.515579506538838,0,0,0.515579506538838,0
"internal",0,0,0.691670765594519,0,0.691670765594519,0.691670765594519,0,0,3.4583538279726,2.76668306237808,0.691670765594519,0.691670765594519,1.38334153118904,0,0,0,0.691670765594519,0,0,0,0,0.691670765594519,0,0,0,0,0,1.38334153118904,0,0,0,0,0,0,0,0,0.691670765594519,0,0,0,0,0,0,0,0,0,0,0,0,0,0,0,0,0,0,0,0,0,0
"energy",0,0,0.818248351249103,0.409124175624551,0,0.409124175624551,0,0,0.409124175624551,0.409124175624551,0,0,0.818248351249103,0,0,0,1.22737252687365,0,0,0.409124175624551,0,0,0,0.409124175624551,0,0,0,0,0,0.409124175624551,0.409124175624551,1.22737252687365,0.409124175624551,0,0,0,0,0,0,0,0.409124175624551,0.409124175624551,0,0.409124175624551,0,0.818248351249103,0,0,0.818248351249103,0,0.409124175624551,0.409124175624551,0,0,0,0.409124175624551,0.409124175624551,0.409124175624551,0
"earnest",0,0,0.729459326483919,0,0,0,0,0.729459326483919,2.18837797945176,0,0,0,0,1.45891865296784,0,0,2.18837797945176,0,0,0,0,0.729459326483919,2.18837797945176,0.729459326483919,0,0,0,0.729459326483919,0,0,0,0,0,0,0.729459326483919,0,0,0,0,0,0,0,0,0,0,0,0,0,0,0,0.729459326483919,0,0,0,0,0,0,0,0
"remove",0,0,0.624723975963906,0,0,0,0,0,0,0.624723975963906,0,0,1.24944795192781,1.24944795192781,0,0,0,0,0.624723975963906,0.624723975963906,0,0,0.624723975963906,0.624723975963906,0,0,0.624723975963906,0,0,0,0.624723975963906,0,0,0,1.24944795192781,0.624723975963906,0,0,0,0,0,1.24944795192781,0,0,0,0,0,0,0.624723975963906,0,0,0,0,0,0,0,0,0,0
"negotiation",0,0,0.770852011642144,0,0,0,0,0,1.54170402328429,0,0,0,0,0.770852011642144,0,0.770852011642144,0,0,0,0.770852011642144,0,0,0,0,0,0,0,0.770852011642144,0,0,0.770852011642144,0,0,0,0,0,0,0,0,0,0,0,0,0,0,0.770852011642144,0.770852011642144,0,0,0.770852011642144,0,0,0,0,0,0,0,0,0
"injury",0,0,0.691670765594519,0,0,0,0,1.38334153118904,0.691670765594519,0.691670765594519,0.691670765594519,0,0.691670765594519,2.76668306237808,0.691670765594519,0,0,1.38334153118904,0,0,0,0,0,0,0,0,0,0.691670765594519,0,0,2.76668306237808,0,0.691670765594519,0,0,0,0,0,0,0,0,0,0,0,0,0,0,0,0,0,0,0,0,0,0,0,0,0,0
"lie",0,0,0.818248351249103,0,0.409124175624551,0,0,0.409124175624551,0,0,0,0,0,0.409124175624551,0.818248351249103,0,0,0,0,0,0,0.409124175624551,0.818248351249103,0,0,0.409124175624551,0,0,0,0.409124175624551,0,0,0.818248351249103,0.818248351249103,0.818248351249103,0.409124175624551,2.04562087812276,0.409124175624551,0,0,0.409124175624551,0.818248351249103,0.409124175624551,0,0,0.409124175624551,0.409124175624551,0,0.409124175624551,0,0,0,0,0,0,0.818248351249103,0,0,1.22737252687365
"fact",0,0,0.390640769930538,0,1.17192230979161,0,0,0,0,0,0,0,0,0.781281539861076,0,0,0.390640769930538,0,0.781281539861076,0,0,0,1.95320384965269,0.390640769930538,0.390640769930538,0.390640769930538,0,0.390640769930538,0.390640769930538,0.390640769930538,0.390640769930538,0.390640769930538,0,0,0.390640769930538,0.390640769930538,0.390640769930538,0.781281539861076,0.390640769930538,0.390640769930538,0,0.781281539861076,0,0,0,0,0,0,0.390640769930538,0,1.95320384965269,0,0,0,0,0,0,0,0.781281539861076
"demand",0,0,0.252338071764257,0,0,0,0,0.252338071764257,0.75701421529277,0,0.252338071764257,0,0,0.252338071764257,0.252338071764257,0,0.252338071764257,0,0.252338071764257,0,0.252338071764257,0,0.504676143528513,0.75701421529277,1.00935228705703,2.01870457411405,0.504676143528513,1.51402843058554,0.252338071764257,0,0.252338071764257,0,0.252338071764257,0.504676143528513,0,0.252338071764257,0.504676143528513,0.504676143528513,0,0,0,0,0.252338071764257,0,0.504676143528513,0,0,0.252338071764257,0.252338071764257,0.252338071764257,0,0.504676143528513,0.504676143528513,0.252338071764257,0,0.75701421529277,0.504676143528513,0.252338071764257,0
"resource",0,0,0.265702033322238,0.265702033322238,0.265702033322238,0.797106099966715,0.531404066644476,1.06280813328895,1.06280813328895,0.265702033322238,0,0,1.06280813328895,0.265702033322238,0.265702033322238,0,0.265702033322238,0,0,0,0,0,0.265702033322238,0,0.265702033322238,0.265702033322238,0.265702033322238,0.265702033322238,0,0,0.531404066644476,0.265702033322238,0,0.531404066644476,1.59421219993343,0.265702033322238,0.265702033322238,0.265702033322238,0.265702033322238,0,1.59421219993343,0.531404066644476,0.265702033322238,0,0.531404066644476,0,0,0,0,0,0.265702033322238,0.265702033322238,0,0,0,0.265702033322238,0,0,0
"found",0,0,0.515579506538838,0,0,0,0.515579506538838,0,1.03115901307768,1.54673851961651,0.515579506538838,0,0,0.515579506538838,0.515579506538838,0.515579506538838,0,0,0,0,0,0,0,0.515579506538838,0,0,0,0,0,1.03115901307768,0,0,0,0.515579506538838,0,0,0,0,0,0,0,0.515579506538838,0,0.515579506538838,0,0,0,0,0.515579506538838,0.515579506538838,0,0,0,0,0.515579506538838,1.03115901307768,2.06231802615535,0,0
"moral",0,0,0.355878663671326,0,1.4235146546853,0,0,0,0,0.355878663671326,0,0,0,0.355878663671326,1.06763599101398,0,0.711757327342652,0,0.711757327342652,0,0,0.355878663671326,0.711757327342652,1.06763599101398,0.355878663671326,0,0,0.355878663671326,0,0,0,0.711757327342652,0,0.355878663671326,0.711757327342652,1.06763599101398,0.711757327342652,1.77939331835663,0,0.355878663671326,0.355878663671326,1.06763599101398,0.355878663671326,0,0,0,0,1.06763599101398,0.355878663671326,0,0.711757327342652,0,0,0,0.355878663671326,0,0,0,0
"improvement",0,0,0.56673202898622,0.56673202898622,1.13346405797244,1.70019608695866,0,1.70019608695866,2.26692811594488,2.26692811594488,1.13346405797244,0,0,0,0,0,0,0.56673202898622,0,0,0,0,0.56673202898622,0.56673202898622,0.56673202898622,0,0,0.56673202898622,0,0,2.8336601449311,0,0,0,0,0,0,0,0.56673202898622,0,0.56673202898622,0,0,0,0,0,0,0,0,0,0,0,0,0,0,0,0,0,0
"exalt",0,0,0.691670765594519,0,0,0.691670765594519,0,0.691670765594519,0,0,0,0,0.691670765594519,1.38334153118904,0.691670765594519,0,0,0,0,0,0,0,0,0,0,0.691670765594519,0,0.691670765594519,0.691670765594519,0,0,0,0.691670765594519,1.38334153118904,0,0,0,0,0,0,0,0.691670765594519,0,0,0,0,0,0,0,0,0,0,0,0,0,0,0,0,0
"age",0,0,0.856858661639876,0.428429330819938,0,0,0,0,0,1.71371732327975,0,0,0.428429330819938,0.428429330819938,0.856858661639876,0,0,0,0,0,0.428429330819938,0,0,0.428429330819938,0,0,0,0,0,0.428429330819938,0,0.856858661639876,0,0,0,0,0,0.428429330819938,0.428429330819938,0,0,0.428429330819938,1.28528799245981,0.428429330819938,0,0,0.428429330819938,0,0,1.28528799245981,0.856858661639876,0,1.28528799245981,0,0.428429330819938,1.28528799245981,0,0,0.856858661639876
"fix",0,0,0.594760752586463,0,0,0,0,0,0.594760752586463,0,0,0.594760752586463,0.594760752586463,0,0,0.594760752586463,0,0,1.18952150517293,0,0,0.594760752586463,0,1.18952150517293,0,0,0.594760752586463,0,0,0.594760752586463,2.37904301034585,0,0,0,0.594760752586463,0,0,0,0,0,0,0.594760752586463,0.594760752586463,0,0,0,0,0,0,0,0,0,0,0,0,0.594760752586463,0,0,0
"decent",0,0,0.816609502202819,0,0,0,0,0,0,0,0,0,0,0.816609502202819,0,0,0,0,0,0,0,0,0,0,0,0,0,0,0,0,0,0,0,0,0,0,0,0,0,0,1.63321900440564,0,0,0,0,0.816609502202819,0,0,0,0.816609502202819,0.816609502202819,0,0,0.816609502202819,1.63321900440564,0.816609502202819,0,0,0
"two",0,0,0.308454013743188,0,0,0,0,0,0.616908027486376,0.308454013743188,0,0.308454013743188,0.308454013743188,1.85072408245913,0.616908027486376,0,0.308454013743188,0,0.308454013743188,0.308454013743188,0,0,0.616908027486376,0.308454013743188,0,0,0,1.23381605497275,0.308454013743188,0,0,0.308454013743188,0,0,0,0.308454013743188,0.616908027486376,0,0,0,0.308454013743188,0,0,0.308454013743188,0.308454013743188,0.308454013743188,0,0.308454013743188,0.308454013743188,1.23381605497275,0,0.308454013743188,0.616908027486376,0,0,0,0.308454013743188,0.308454013743188,0.308454013743188
"doubt",0,0,0.428429330819938,0,0.856858661639876,0,0,0.856858661639876,0,1.28528799245981,0,0,1.28528799245981,0.856858661639876,1.28528799245981,0,0,0,0,0,0.428429330819938,0,0,0.856858661639876,0,0.856858661639876,0.428429330819938,0.428429330819938,0,0,0.428429330819938,0,0,0,0.428429330819938,0,0,0,0.856858661639876,0,0.428429330819938,0,0,0.856858661639876,0,0.428429330819938,0,0,0,0.428429330819938,0,0,0,0.428429330819938,0.428429330819938,0.428429330819938,0,0,0
"supreme",0,0,0.624723975963906,0,0,0,0,0,0.624723975963906,0,0,0,0,0,0,0,0,0.624723975963906,1.24944795192781,0,0,0,1.24944795192781,3.12361987981953,0.624723975963906,0.624723975963906,0.624723975963906,0,0,0,0,0,0,3.74834385578344,0.624723975963906,0,0,0,0,0.624723975963906,0.624723975963906,1.24944795192781,0,0,0,0,0,0,0,0,0,0,0,0,0,0,0,0,0
"continue",0,0,0.191068415025334,0,0,0.191068415025334,0,0.191068415025334,0.764273660101336,0.191068415025334,0.382136830050668,0.764273660101336,0.191068415025334,1.146410490152,0.573205245076002,0,0.191068415025334,0.191068415025334,0.95534207512667,0.382136830050668,0,0.191068415025334,0.191068415025334,0.573205245076002,0,0.382136830050668,0,0.573205245076002,0.382136830050668,0,0.764273660101336,0,0,0.191068415025334,1.71961573522801,0.382136830050668,0,0.573205245076002,0.191068415025334,0,0.764273660101336,0.191068415025334,0,0,0,0.191068415025334,0.573205245076002,0.382136830050668,0.191068415025334,0.382136830050668,0.191068415025334,0.191068415025334,0,0.382136830050668,0,0.191068415025334,0.191068415025334,0,0
"portion",0,0,0,0.469822015978163,0,0,0.469822015978163,1.87928806391265,0.469822015978163,0.469822015978163,0,0.939644031956326,0.939644031956326,1.40946604793449,1.87928806391265,0,0.939644031956326,1.40946604793449,1.40946604793449,0,0.469822015978163,0,0.469822015978163,0,0,0.469822015978163,0.469822015978163,0.469822015978163,0.469822015978163,0,0,0,0,0.939644031956326,0.469822015978163,0,0,0,0,0,0,0,0,0,0,0,0,0,0,0,0,0,0,0,0,0,0,0,0
"thank",0,0,0,0.624723975963906,0,0,0,0,0,0,0.624723975963906,0,0,0,0,0,0,0,0,0,0,0,0,0,0,0,0,0,0,0,0,0,0,0,0,0,0.624723975963906,0,0,0,0,0,0,0,0,0.624723975963906,0,0.624723975963906,1.24944795192781,0.624723975963906,3.12361987981953,1.24944795192781,0,1.24944795192781,0,1.24944795192781,0.624723975963906,1.87417192789172,1.87417192789172
"look",0,0,0,0.531404066644476,0.265702033322238,0.531404066644476,0,0.797106099966715,0,0.531404066644476,0.265702033322238,0,2.39131829990014,0.797106099966715,0.265702033322238,0.531404066644476,0.797106099966715,0,0,0.265702033322238,0.265702033322238,0.531404066644476,0.265702033322238,0,0,1.06280813328895,0,0,0,0,1.06280813328895,1.59421219993343,0,0,0.265702033322238,0,0,0,0.265702033322238,0,0.265702033322238,0,0.265702033322238,0,0.797106099966715,0.265702033322238,0,0,0.531404066644476,1.06280813328895,0.531404066644476,0,0.265702033322238,0,0.265702033322238,0.265702033322238,0,0.531404066644476,1.06280813328895
"declare",0,0,0,0.428429330819938,0.428429330819938,0,0.428429330819938,0,0.856858661639876,0.428429330819938,0,0,1.28528799245981,1.28528799245981,0.856858661639876,0,0.428429330819938,0.428429330819938,1.28528799245981,0,0,0,0.856858661639876,0.856858661639876,0,0,0,0.428429330819938,0,0,0,0,0,0,0.428429330819938,0,0,0,0,0,0.428429330819938,0,0.428429330819938,0,0,0,0,0,0.428429330819938,0,0,0.428429330819938,0.428429330819938,0,0.428429330819938,0,0.856858661639876,0,0
"consciousness",0,0,0,0.867762024650201,0,0.867762024650201,0,0,0,0,0,0,1.7355240493004,0,0,0,1.7355240493004,0,0,0,0,0,0,0,0,0,0,0,0,0,0.867762024650201,0,1.7355240493004,0,1.7355240493004,0,0.867762024650201,0,0,0,0,0,0,0,0,0,0,0,0,0,0,0,0,0,0,0,0,0,0
"approach",0,0,0,0.594760752586463,0,0,0,1.78428225775939,0,0,0,0,0.594760752586463,0.594760752586463,0,0,0,0.594760752586463,0,0,0.594760752586463,0,0,0,0,0,0.594760752586463,0.594760752586463,0.594760752586463,0.594760752586463,0,0.594760752586463,0,0,0,0,0,0,0,0.594760752586463,0.594760752586463,0,0,0,0,1.18952150517293,0,0,0,0,0,0,0.594760752586463,0,0,0,0,0,0
"greatness",0,0,0,0.770852011642144,0,0,0,0,0,0,0,0,0,0,0,0,0,0,0,0,0,0,0,0,0,0,0.770852011642144,0.770852011642144,0,1.54170402328429,0,0,0,0,0,0,0,0,0,0,0,0,0,0,1.54170402328429,1.54170402328429,0,0,0.770852011642144,1.54170402328429,0,0,0,0,0,1.54170402328429,0,0,0.770852011642144
"weakness",0,0,0,0.816609502202819,0.816609502202819,0,0,0,0,0,0,0,0,0,0,0,1.63321900440564,0,0,0,0,0,0,0,0,0,0.816609502202819,0,0,0,0,0,0,0,0,0,0,0,0,0,0,0,0,1.63321900440564,0,1.63321900440564,0,1.63321900440564,0,0,0,0,0,0.816609502202819,0,0.816609502202819,0,0,0
"rise",0,0,0,0.515579506538838,0,0.515579506538838,0,0,0.515579506538838,0,0,0,0.515579506538838,0,0,0,0,0,0,0,0,0,0,0.515579506538838,0,0,0.515579506538838,0,0,0.515579506538838,0,0,0,0,0,0.515579506538838,0.515579506538838,0.515579506538838,0,0.515579506538838,0,0,1.03115901307768,0,0,0,0,0.515579506538838,0,0,1.03115901307768,0,0.515579506538838,0,0,0.515579506538838,0.515579506538838,0,1.54673851961651
"spread",0,0,0,0.770852011642144,0,0,0,0,0.770852011642144,0,0,0,0,0,0.770852011642144,0,0,0,0,0,0,0,0,0,0,0,0,0.770852011642144,0,0,0.770852011642144,0,0,0,0,0,0,0.770852011642144,0.770852011642144,0,0,0,0,0.770852011642144,0,0,0,0,0,0,0.770852011642144,0,2.31255603492643,0,0,0,0,0,0
"wide",0,0,0,1.54170402328429,0,0,0,0,0,0,0,0,0.770852011642144,0,0,0,0,0,0,0,0,0,0,0.770852011642144,0,0,0,0,0.770852011642144,0,0,0,0.770852011642144,0,0,0.770852011642144,0,0,0,0,0.770852011642144,0,0.770852011642144,0,0,0.770852011642144,0,0,0,0,0,0,0.770852011642144,0,0,0,0,0,0
"sea",0,0,0,0.624723975963906,0,0,0.624723975963906,0,1.87417192789172,1.87417192789172,0,0,0,0,0,0,1.24944795192781,0.624723975963906,0,0,0,0,0,1.24944795192781,0,0.624723975963906,0,0.624723975963906,0.624723975963906,0,0,0,1.24944795192781,0,1.24944795192781,0,0,0,0.624723975963906,0,0,0,0,0,0,0,0,0,0,0,0,0,0,0.624723975963906,0,0,0,0,0
"production",0,0,0,0.624723975963906,0,0,0,1.24944795192781,1.24944795192781,0,0,0,1.87417192789172,0.624723975963906,0,0,0,0,0,0,0,0,0,0,0,1.24944795192781,0.624723975963906,0.624723975963906,1.24944795192781,0,1.24944795192781,0.624723975963906,0,2.49889590385562,0.624723975963906,0,0,0,0,0,1.24944795192781,0,0,0,0,0,0,0,0,0,0,0,0,0,0,0,0,0,0
"industry",0,0,0,1.06763599101398,0.711757327342652,0,0,1.06763599101398,0.355878663671326,0.355878663671326,0,0,0.355878663671326,0.355878663671326,1.77939331835663,0,0,0,0,0,0.355878663671326,0.711757327342652,0.355878663671326,0,0.355878663671326,0.711757327342652,0,1.06763599101398,0.711757327342652,0,0.711757327342652,0.711757327342652,0.355878663671326,1.06763599101398,0.355878663671326,0,0,0,0,0,0,0.355878663671326,0.711757327342652,0,0,0.355878663671326,0,0,0.355878663671326,0,0,0,0,0,0,0,0.355878663671326,1.06763599101398,0
"engage",0,0,0,0.469822015978163,0,0.469822015978163,0.469822015978163,1.40946604793449,0.939644031956326,0,0,0,0,0,0.939644031956326,0,0,0,0.469822015978163,0,0,0.469822015978163,0.469822015978163,0.469822015978163,0.469822015978163,0,0,0.469822015978163,0,0,0,0,0,0,0.469822015978163,0,0.469822015978163,0,0,0,0,0.469822015978163,0,0,0,0,0.939644031956326,0.469822015978163,0,0,0.469822015978163,0,0,0.469822015978163,0,0,0,0,0.469822015978163
"forget",0,0,0,0.492098410689315,0,0,0,0,0,0,0,0,0.492098410689315,0.492098410689315,0,0,0,0.98419682137863,0.492098410689315,0,0,0,0.492098410689315,0.492098410689315,0,0.492098410689315,0,0.492098410689315,0,0,0,0.98419682137863,0.492098410689315,0.492098410689315,0,0,0.492098410689315,0,0,0,0,0,0,0.492098410689315,0.492098410689315,0,0,0,0,0,0,0.492098410689315,0.492098410689315,0,0,0.492098410689315,0,1.47629523206795,0
"beyond",0,0,0,0.323693980299925,0,0,0,0.64738796059985,0,0.323693980299925,0,0,1.2947759211997,0.64738796059985,0.971081940899775,0,0.64738796059985,0.64738796059985,0.64738796059985,0,0,0,0,0,0,0.971081940899775,0,0,0,0,0.323693980299925,0,0,0.323693980299925,1.2947759211997,0.971081940899775,0,0.64738796059985,0,0,0,1.2947759211997,0.64738796059985,0.64738796059985,0.323693980299925,0.323693980299925,0.323693980299925,0.323693980299925,1.61846990149962,0.323693980299925,0.323693980299925,0,0.323693980299925,1.2947759211997,0,0,0,0,0.323693980299925
"reach",0,0,0,0.678976494966314,0.339488247483157,0,0,0,0,0,0,0,0.678976494966314,0,0,0,0.339488247483157,1.01846474244947,0.678976494966314,0,0.339488247483157,0,0.339488247483157,0,0,0,0.339488247483157,0,0,0,0.678976494966314,0.339488247483157,0,0.339488247483157,0.678976494966314,0.678976494966314,0,0.339488247483157,0,0,0,0.678976494966314,0,0,0.339488247483157,2.3764177323821,0.678976494966314,0,0.339488247483157,1.01846474244947,0.339488247483157,0,1.01846474244947,0.339488247483157,0.339488247483157,0.339488247483157,0.339488247483157,0,0
"beloved",0,0,0,0.729459326483919,0,0.729459326483919,0,0,0,0,0.729459326483919,0,1.45891865296784,0.729459326483919,0.729459326483919,0.729459326483919,0,0,0,0,0,0,0,0,0,0,0,0.729459326483919,0.729459326483919,0,0,0,0,0,0,0,0,0,0,0,0,0.729459326483919,0,0,0,0,0,0,0,0,0,0,0.729459326483919,0,0,0,0,0,0
"shrink",0,0,0,0.691670765594519,0,0,0.691670765594519,0.691670765594519,0,0,0,0,0,0,0.691670765594519,0,0.691670765594519,0,0.691670765594519,0,0,0,0,0,0,0,0,0,0.691670765594519,0,0,0,0,0.691670765594519,0,0,1.38334153118904,0,0,0,0,0,0,0.691670765594519,0,0,0,0,0,0,0,0.691670765594519,0,0,0,0,0.691670765594519,0,0
"wisdom",0,0,0,0.587461513844963,0.587461513844963,0,0,0,0.293730756922482,0,0.293730756922482,0.293730756922482,0,0.293730756922482,0.587461513844963,0.293730756922482,1.76238454153489,0.587461513844963,0.293730756922482,0,0,0,0.293730756922482,0.587461513844963,0,0.293730756922482,0,0.881192270767445,0,0,0.587461513844963,0.293730756922482,0.293730756922482,0.293730756922482,0.293730756922482,0,0.293730756922482,0,0,0.293730756922482,0,0.587461513844963,0.293730756922482,0,0.293730756922482,0.293730756922482,0,0.587461513844963,0,0,0,0,0.293730756922482,0,0.293730756922482,0,0,0.293730756922482,0
"sovereign",0,0,0,0.816609502202819,0,0,0,0,0,0,0.816609502202819,0,0.816609502202819,2.44982850660846,0,0,0.816609502202819,0,0.816609502202819,0,0,0,0,1.63321900440564,0,0,0,0.816609502202819,0,0,0,0,0,0,0,0,0,0,0,0,0,0,0,0.816609502202819,0,0,0,0,0,0,0,0,0,0,0,0,0,0,0
"legislation",0,0,0,0.56673202898622,0,0,0,0,0,0.56673202898622,0,0,0.56673202898622,4.53385623188976,0.56673202898622,0,0,1.13346405797244,0,0,0.56673202898622,0,0.56673202898622,0,0.56673202898622,0,0.56673202898622,5.10058826087598,0.56673202898622,0,5.6673202898622,0,0.56673202898622,0.56673202898622,1.13346405797244,0,0,0,0,0,0,0,0,0,0,0,0,0,0,0,0,0,0,0,0,0,0,0,0
"encouragement",0,0,0,1.24944795192781,0,0,0,1.24944795192781,0,0.624723975963906,0.624723975963906,0,0,0,0,0.624723975963906,1.87417192789172,0,0,0,0,1.24944795192781,0,0.624723975963906,0,0,0.624723975963906,0.624723975963906,0,0,1.87417192789172,0,0,0,0.624723975963906,0,0,0,0,0,0.624723975963906,0,0,0,0,0,0,0,0,0.624723975963906,0,0,0,0,0,0,0,0,0
"guidance",0,0,0,0.594760752586463,0,0.594760752586463,0,0,0,0.594760752586463,0,0,0,0,0.594760752586463,0,0.594760752586463,0,0,0,0,0,0.594760752586463,0,0,0.594760752586463,0,0.594760752586463,0.594760752586463,0,0,0,0,0.594760752586463,0.594760752586463,1.18952150517293,0,0.594760752586463,0,0,0,0.594760752586463,0,0,0,0,0,0,0,0,0.594760752586463,0,0,0,0,0,0,0,0
"safety",0,0,0,1.86456001485053,0.745824005940213,0,0.372912002970107,0.372912002970107,0,0,0,0.372912002970107,0.372912002970107,0.745824005940213,1.86456001485053,0,0.372912002970107,0.372912002970107,0,0,0,0,0,0.372912002970107,0.745824005940213,0.372912002970107,0.372912002970107,0.745824005940213,0.745824005940213,0,0.745824005940213,0,0.372912002970107,0,0,0,0,0.372912002970107,0,0,0,0.372912002970107,0,0,0,0,0,0.372912002970107,0,0.372912002970107,0.372912002970107,0,0,0.372912002970107,0,0.372912002970107,0,0,0
"element",0,0,0,0.56673202898622,0,0,1.13346405797244,0.56673202898622,0,0.56673202898622,0,0,0.56673202898622,0.56673202898622,0,0,1.13346405797244,0,0.56673202898622,0,0,0,0,0.56673202898622,0,0.56673202898622,0.56673202898622,0,0.56673202898622,0,1.13346405797244,0,0,0,1.13346405797244,0.56673202898622,0.56673202898622,0,0,0,0,0,0,0,0,0,0,0,0,0,0,0,0,0,0,0,0,0,0
"pass",0,0,0,0.323693980299925,0,0,0,0.323693980299925,0.64738796059985,1.2947759211997,0,0.323693980299925,0.971081940899775,0.971081940899775,0,0,0,0.64738796059985,0.64738796059985,0.323693980299925,0,0,1.2947759211997,0.323693980299925,0,0,0,0.323693980299925,0,0,3.8843277635991,0,0.323693980299925,0,0.323693980299925,0,0,0,0,0.323693980299925,0,1.2947759211997,0.64738796059985,0.64738796059985,0,0.323693980299925,0.323693980299925,0,0,0.64738796059985,0.64738796059985,0.323693980299925,0,1.2947759211997,0,0.971081940899775,0,0,0.323693980299925
"sometimes",0,0,0,1.38334153118904,1.38334153118904,0,0,0,0,1.38334153118904,0,0.691670765594519,1.38334153118904,1.38334153118904,0,0,0,0,0,0,0,0,0,0,0,0,0,0,0,0,0,0,0,0,0,0,0,0,0.691670765594519,0.691670765594519,0,0,0.691670765594519,0,0,0,0,0,0,0,2.07501229678356,0,0,2.76668306237808,0,0,0.691670765594519,0,0
"impose",0,0,0,0.428429330819938,0,0,0.428429330819938,0,1.28528799245981,0.428429330819938,0,0,1.28528799245981,1.28528799245981,0.856858661639876,0.856858661639876,0.856858661639876,0,0,0,0,0,0,0,0,0,0.428429330819938,0.856858661639876,0.856858661639876,0,0.428429330819938,0,0.428429330819938,0,0.428429330819938,0.428429330819938,0,0,0,0,0.428429330819938,0,0,0,0,0,0.428429330819938,0.428429330819938,0.428429330819938,0,0,0,0,0,0.428429330819938,0,0,0.428429330819938,0
"write",0,0,0,0.54040309026387,0.54040309026387,0,0,0,0,0,0,0,0,1.08080618052774,0.54040309026387,0,0,0,2.16161236105548,0,0,0,0,0.54040309026387,0,0,0,0,0,0,0,0.54040309026387,0,1.08080618052774,0,0,0,0.54040309026387,1.08080618052774,0,0,0,0,0,1.08080618052774,0.54040309026387,0,0,0.54040309026387,0.54040309026387,1.08080618052774,0,0,0.54040309026387,0,0,0,0,1.62120927079161
"bear",0,0,0,0.382136830050668,0.191068415025334,0,0.191068415025334,0.191068415025334,0.573205245076002,0.191068415025334,0,0.382136830050668,0.764273660101336,0.382136830050668,0.191068415025334,0,0.382136830050668,0,0.191068415025334,0.191068415025334,0.191068415025334,0,0,0.382136830050668,0.191068415025334,0,0.191068415025334,0.191068415025334,0.382136830050668,0,0.764273660101336,0,0,0,0.573205245076002,0.191068415025334,0,0,0.191068415025334,0,0,0.191068415025334,0.382136830050668,0.764273660101336,0.191068415025334,0.382136830050668,0.382136830050668,0,0.573205245076002,0,0.191068415025334,0.382136830050668,0.191068415025334,0.382136830050668,0.191068415025334,0.382136830050668,0.382136830050668,0.382136830050668,0
"though",0,0,0,0.428429330819938,0,0,0.428429330819938,0,0,0.428429330819938,0,0,0.428429330819938,0,0,0.428429330819938,0,0.428429330819938,0.428429330819938,0,0.428429330819938,0,0,0.428429330819938,0.428429330819938,0,0,0,0,0.856858661639876,0,0,0,0.428429330819938,0,0,0.428429330819938,0,0.428429330819938,0,0,0,0.428429330819938,0.856858661639876,0.428429330819938,0,0,0,0,0.428429330819938,0.428429330819938,0.856858661639876,0,0.856858661639876,0.856858661639876,0,0,0,0
"prevail",0,0,0,0.594760752586463,0.594760752586463,0,0,0,0.594760752586463,0.594760752586463,0,0,1.18952150517293,0,1.78428225775939,0,0.594760752586463,0,0.594760752586463,0,0,0,0,0.594760752586463,0.594760752586463,0,0,1.18952150517293,0,0,0.594760752586463,0,0,0,0,0,0,0,0,0,0,0,0.594760752586463,0,0,0,0,0,0.594760752586463,0,0,0,0,0,0,0,0,0,1.78428225775939
"reasonable",0,0,0,0.656908659335307,0,0.656908659335307,0.656908659335307,0,1.31381731867061,0,0,0,0,0,1.31381731867061,0,1.97072597800592,0.656908659335307,1.31381731867061,0,0,0,0,0,0.656908659335307,0,0,0.656908659335307,0,0,0.656908659335307,0,0,0,0.656908659335307,0,0,0,0,0,0,0,0,0,0,0,0,0,0,0,0,0,0,0,0,0,0,0.656908659335307,0
"minority",0,0,0,0.867762024650201,0,0,0,0,0,0,0,0,0,1.7355240493004,2.6032860739506,0,0,0,6.9420961972016,0,0,0,0,0,0,0,0,0,0,0,0.867762024650201,0,0,0.867762024650201,0,0,0,0,0,0,0,0,0,0,0,0,0,0,0,0,0,0,0.867762024650201,0,0.867762024650201,0,0,0,0
"possess",0,0,0,1.08080618052774,0,0,0,0.54040309026387,1.08080618052774,0.54040309026387,0.54040309026387,0,1.62120927079161,4.32322472211096,1.08080618052774,0,0.54040309026387,0,0.54040309026387,0,0,0.54040309026387,0,0,0,0,0,0,0.54040309026387,0,0,0,0,0,0.54040309026387,0,0,0,0,0,0.54040309026387,0,0,0,0,0.54040309026387,0,0,0,0,0,0,0,0.54040309026387,0,0,0.54040309026387,0,0
"let",0,0,0,1.25851183230951,0.35957480923129,0,0.179787404615645,0.35957480923129,0,0,0,0.539362213846935,0,0.179787404615645,0.179787404615645,0.35957480923129,0.71914961846258,0.35957480923129,0,0.71914961846258,0.179787404615645,0.179787404615645,0.179787404615645,0.539362213846935,0.35957480923129,0.35957480923129,0,0.35957480923129,0,0,0,0.35957480923129,0.539362213846935,0.71914961846258,0.179787404615645,0,0.179787404615645,0.179787404615645,0.179787404615645,0,0,0,0,2.87659847385032,0.35957480923129,1.97766145077209,3.95532290154419,0.71914961846258,1.07872442769387,1.25851183230951,0.35957480923129,1.6180866415408,1.6180866415408,0,0,1.25851183230951,0.35957480923129,0.539362213846935,1.07872442769387
"restore",0,0,0,0.448632716908225,0,0,0,0,0,0,0,0,0,1.34589815072467,0,0,0,0.448632716908225,0,0,0.448632716908225,0.89726543381645,0.448632716908225,0.448632716908225,0,0,0,0.89726543381645,0.89726543381645,0,0.448632716908225,0.89726543381645,0,0,0,0,1.34589815072467,0.448632716908225,0,0,0.448632716908225,0,0.448632716908225,0,0,0,0.448632716908225,0,0.448632716908225,0.89726543381645,0,0,0,0,0,0.89726543381645,0,0.448632716908225,0.89726543381645
"social",0,0,0,0.428429330819938,0,0,0,0.428429330819938,0,0.856858661639876,0,0,0.856858661639876,0,0,0,0,0,0,0,0,0.856858661639876,0.856858661639876,0.428429330819938,0,1.28528799245981,0,0,0,0.428429330819938,0,0.428429330819938,0.428429330819938,1.71371732327975,0.428429330819938,0.856858661639876,0.428429330819938,0.428429330819938,0,0,0.856858661639876,0,0,0,0,0,0,0,0.428429330819938,0.856858661639876,0,0,0,0.428429330819938,0.428429330819938,0,0.428429330819938,0,0
"intercourse",0,0,0,0.656908659335307,1.31381731867061,0.656908659335307,0,0.656908659335307,0,1.31381731867061,0,0,1.97072597800592,1.97072597800592,2.62763463734123,0,1.31381731867061,0.656908659335307,1.97072597800592,0,0,0,0,0,0,0.656908659335307,0,0,0,0,0,0,0,0,0.656908659335307,0,0,0,0,0,0,0,0,0,0,0,0,0,0,0,0,0,0,0,0,0,0,0,0
"even",0,0,0,0.405300575150298,0,0.202650287575149,0,0.202650287575149,0.202650287575149,0.202650287575149,0,0.405300575150298,0.810601150300597,1.01325143787575,0.405300575150298,0,0.607950862725448,0.810601150300597,0,0.405300575150298,0.202650287575149,0.202650287575149,0,0.202650287575149,0,0.607950862725448,0.405300575150298,0.405300575150298,0,0,0.405300575150298,0,0.202650287575149,0,0.607950862725448,0,0,0,0.405300575150298,0,0.405300575150298,0.607950862725448,0.202650287575149,0.202650287575149,0.810601150300597,0.202650287575149,0,0.405300575150298,0,0,0.202650287575149,0.202650287575149,0.405300575150298,0.405300575150298,0.202650287575149,0.405300575150298,0,0.405300575150298,0.202650287575149
"religious",0,0,0,1.24944795192781,1.87417192789172,0,0,0,0,1.24944795192781,0,0,0.624723975963906,2.49889590385562,1.24944795192781,0,0,1.87417192789172,0,0,1.24944795192781,0,0,1.24944795192781,0,0,0,0.624723975963906,0,0,0,0,0,0.624723975963906,1.87417192789172,0.624723975963906,0,0,0,0,0,0,0,0,0,0,0,0,0,0,0,0,1.24944795192781,0,0,0,0,0,0
"suffer",0,0,0,0.339488247483157,0,0,0.339488247483157,0.339488247483157,1.01846474244947,0.339488247483157,0,0,0.339488247483157,0.339488247483157,0,0,0.339488247483157,0.678976494966314,0,0,0,0,0.339488247483157,0.339488247483157,0.339488247483157,0.339488247483157,0,0.678976494966314,0,0,0.339488247483157,0.339488247483157,0,0.678976494966314,1.01846474244947,0.678976494966314,0,0.678976494966314,0,0,0.339488247483157,0,0.339488247483157,0,0.339488247483157,1.01846474244947,0,0,0.678976494966314,0,0,0,0,0.678976494966314,0,0.339488247483157,0,0,0
"yet",0,0,0,0.453567934583737,0.453567934583737,0,0,0,0.226783967291869,0,0,0,1.81427173833495,1.13391983645934,0.680351901875606,0,0.226783967291869,0.907135869167474,0.680351901875606,0.226783967291869,0,0.226783967291869,0.226783967291869,0.453567934583737,0,0.680351901875606,0,0.226783967291869,0.226783967291869,0.907135869167474,0.226783967291869,0.680351901875606,0.453567934583737,0.453567934583737,0,0.680351901875606,0.226783967291869,0,0.226783967291869,0.226783967291869,0,0.226783967291869,0.680351901875606,0.453567934583737,0,0,0,0,0.453567934583737,0.907135869167474,0,0,0.680351901875606,0.907135869167474,0.680351901875606,0.453567934583737,0,0,0.680351901875606
"gain",0,0,0,0.624723975963906,0.624723975963906,0,0,0,0,0,0,0,0,0,0,0,0.624723975963906,0,0.624723975963906,0,0,0,0,0.624723975963906,0,0,1.24944795192781,0.624723975963906,0,0,0,0,0,1.24944795192781,0,0,0,0.624723975963906,0.624723975963906,1.24944795192781,0,0,0,0,0.624723975963906,0,0,0,0,0.624723975963906,0,0,0,0,0,0,0,0,0.624723975963906
"seek",0,0,0,0.0987541537064267,0.0987541537064267,0,0,0,0.0987541537064267,0,0.0987541537064267,0,0.197508307412853,0.197508307412853,0.29626246111928,0.0987541537064267,0.29626246111928,0.197508307412853,0.197508307412853,0.29626246111928,0,0.0987541537064267,0.0987541537064267,0.0987541537064267,0.197508307412853,0.395016614825707,0.197508307412853,0.0987541537064267,0.0987541537064267,0.0987541537064267,0.0987541537064267,0.395016614825707,0.0987541537064267,0.88878738335784,0.493770768532134,0.197508307412853,0.29626246111928,0.197508307412853,0.0987541537064267,0,0.0987541537064267,0.29626246111928,1.18504984447712,0.29626246111928,0.493770768532134,0.29626246111928,0.197508307412853,0.0987541537064267,0.0987541537064267,0.29626246111928,0.0987541537064267,0,0.0987541537064267,0.0987541537064267,0.0987541537064267,0.493770768532134,0,0.197508307412853,0.197508307412853
"blood",0,0,0,1.24944795192781,0,0,0.624723975963906,0,0,0,0,0.624723975963906,0,0,0,0,0,0,0,0.624723975963906,0,0,0,0.624723975963906,0,0,0,0,0,0,0,0,0.624723975963906,0.624723975963906,0.624723975963906,1.24944795192781,0,0,0,0,0,0,0,0,0,0,0,0,0,0.624723975963906,0,0,0,0.624723975963906,0,1.24944795192781,1.24944795192781,0.624723975963906,0
"agitation",0,0,0,0.992700761258501,0,0,0,0,0,0,0,0,1.985401522517,0.992700761258501,0.992700761258501,0,1.985401522517,3.970803045034,0,0,0,0,0,0,0,0,0,0,0,0,0,0,0,0,0,0,0,0,0,0,0,0,0,0,0,0,0,0,0,0,0,0,0,0,0,0,0,0,0
"distant",0,0,0,0.594760752586463,0,0,0,0.594760752586463,0.594760752586463,0.594760752586463,0.594760752586463,0.594760752586463,0,0,1.18952150517293,0,1.18952150517293,0,0,0,0.594760752586463,0.594760752586463,0,0,0,0,0,0,0.594760752586463,0,0,0,0,0,0.594760752586463,0,0,0,0,0,0,0.594760752586463,0,0,0,0,0,0,0,0,0,0,0,0,0.594760752586463,0.594760752586463,0,0,0
"peaceful",0,0,0,0.469822015978163,0,0,0,0,0,0,0,0,0,0,0.939644031956326,0.469822015978163,0,0,0.469822015978163,0,0,0,1.40946604793449,0,0,0.939644031956326,0,0,0.469822015978163,0,0,0,0,0,1.40946604793449,0.469822015978163,0,0,0,0,0.939644031956326,0,0,0.469822015978163,0,0.469822015978163,0,0.469822015978163,0,0,0.469822015978163,0.939644031956326,0,0.469822015978163,0.469822015978163,0,0.469822015978163,0.469822015978163,0.469822015978163
"shore",0,0,0,0.656908659335307,0.656908659335307,0,0,0,0,0,0,0,0,0,0.656908659335307,0,0.656908659335307,0.656908659335307,0,0,0,0,0,0,0,0,0,0,0,0,0.656908659335307,0,0,0,0.656908659335307,0,0,0,0,0,0,0.656908659335307,0.656908659335307,0,0,0,0,0,0.656908659335307,0,0,0,0,0,0,0.656908659335307,0.656908659335307,0.656908659335307,0
"fear",0,0,0,0.838470953423615,0.558980635615743,0,0,0,0,0,0,0,1.39745158903936,0.838470953423615,0.558980635615743,0,0.279490317807872,0,0,0,0.279490317807872,0,0,0.279490317807872,0.279490317807872,0,0,0.279490317807872,0.279490317807872,0.838470953423615,0.279490317807872,0,0,0,0,1.11796127123149,0.558980635615743,0.279490317807872,0.279490317807872,0.279490317807872,0.838470953423615,0.558980635615743,0.838470953423615,0.558980635615743,0,0.838470953423615,0,0,0,0,0.279490317807872,0.279490317807872,0.279490317807872,0,0.279490317807872,0.558980635615743,0.279490317807872,0.279490317807872,0.838470953423615
"divide",0,0,0,0.469822015978163,0,0,0,0,0,0.469822015978163,0,0.469822015978163,0,0,0,0,0,0.469822015978163,0.939644031956326,0.469822015978163,0.469822015978163,0,0,0.469822015978163,0,0.469822015978163,0,0.469822015978163,0,0,0,0,0,0,0.469822015978163,0,0,0.469822015978163,0,0,0.469822015978163,0,1.87928806391265,0.939644031956326,0.469822015978163,0.939644031956326,0.469822015978163,0,0,0,0,0,0.939644031956326,0,0,0,0,0,0.469822015978163
"different",0,0,0,0.390640769930538,0,0,0,0.390640769930538,0.390640769930538,0.390640769930538,0,0,0,1.56256307972215,0.390640769930538,0,0.781281539861076,0.390640769930538,1.17192230979161,0,0,0.390640769930538,0,0,0.390640769930538,0,0,0.390640769930538,0,0,0,0,0,0,0,0,0,0,0,0,0.390640769930538,0.781281539861076,0,0.390640769930538,0.781281539861076,0,0.390640769930538,0.390640769930538,0,0.390640769930538,0,0,0.781281539861076,0,0.390640769930538,0,0.781281539861076,0.390640769930538,0.390640769930538
"brother",0,0,0,0.867762024650201,1.7355240493004,0,0,0,0.867762024650201,0,0,0.867762024650201,0,0,0,0,0,0,0,0,0,0,0,0,0,0,0,0,0,0,0,0.867762024650201,0,0,0,0,0,0,0,0,0,0.867762024650201,0,0,0,2.6032860739506,0,0,0,0,0,0,0,0,0,0,0.867762024650201,0,0
"change",0,0,0,0.191068415025334,0.382136830050668,0.191068415025334,0,0,0.573205245076002,0,0,0,0.191068415025334,0.764273660101336,0,0,0.191068415025334,0,0.764273660101336,0,0,0.382136830050668,0.573205245076002,0.573205245076002,0,0.191068415025334,0,0.573205245076002,0,0.191068415025334,1.91068415025334,0.764273660101336,0.191068415025334,0.382136830050668,0.191068415025334,0.191068415025334,0.382136830050668,0.95534207512667,0,0,0.191068415025334,0.382136830050668,0.764273660101336,0.191068415025334,2.29282098030401,0.191068415025334,0,0.191068415025334,0,0.764273660101336,0.382136830050668,2.10175256527867,0.382136830050668,0.191068415025334,0,0.382136830050668,0.573205245076002,0.191068415025334,0.191068415025334
"stand",0,0,0,0.147602721244244,0,0.295205442488487,0,0.147602721244244,0,0.295205442488487,0.147602721244244,0.442808163732731,0.295205442488487,0.147602721244244,0.295205442488487,0,0.738013606221218,0,0.147602721244244,0,0,0.442808163732731,0,0.147602721244244,0,0,0.295205442488487,0,0.147602721244244,0,0.147602721244244,0.295205442488487,1.18082176995395,0.590410884976975,1.03321904870971,0,0.147602721244244,0.147602721244244,0.147602721244244,0.147602721244244,0.147602721244244,0.295205442488487,0.147602721244244,0,0.442808163732731,0.295205442488487,0.442808163732731,0.147602721244244,0.442808163732731,0.885616327465462,0.295205442488487,0.295205442488487,0.442808163732731,0.295205442488487,0.442808163732731,0.442808163732731,0.147602721244244,0.147602721244244,1.18082176995395
"reason",0,0,0,0.818248351249103,2.45474505374731,0.409124175624551,0,0,1.22737252687365,0,0,0,1.22737252687365,0.409124175624551,1.6364967024982,0,0,0.409124175624551,0.409124175624551,0,0,0.409124175624551,0,0,0,1.6364967024982,0,0.409124175624551,0,0.818248351249103,2.04562087812276,0,0,0.409124175624551,2.45474505374731,0.409124175624551,0,0.409124175624551,0.409124175624551,0,0.409124175624551,0,0,0,0.409124175624551,0,0,0,0,0,0,0,0,0,0,0,0.409124175624551,0,0.409124175624551
"know",0,0,0,0.0806559316136305,0.161311863227261,0,0.161311863227261,0.0806559316136305,0.322623726454522,0.161311863227261,0,0,0.322623726454522,0.322623726454522,0.0806559316136305,0.0806559316136305,0.161311863227261,0.0806559316136305,0.0806559316136305,0.161311863227261,0.0806559316136305,0,0.0806559316136305,0.0806559316136305,0.0806559316136305,0,0.161311863227261,0,0.0806559316136305,0.161311863227261,0.0806559316136305,0.0806559316136305,0.322623726454522,0.403279658068153,0.241967794840892,0.322623726454522,0.161311863227261,0.403279658068153,0.806559316136305,0.0806559316136305,0.0806559316136305,0.725903384522675,0.725903384522675,0.322623726454522,0.161311863227261,0.806559316136305,0.161311863227261,0.241967794840892,0.322623726454522,0.161311863227261,0.483935589681783,0.241967794840892,0.161311863227261,0.403279658068153,0.564591521295414,0.483935589681783,0.564591521295414,0,0.645247452909044
"strong",0,0,0,0.607950862725448,0,0,0.202650287575149,0.405300575150298,0.202650287575149,0,0,0,0,0.405300575150298,0.405300575150298,0,0.405300575150298,0.202650287575149,0,0,0.202650287575149,0,0,0.405300575150298,0,0,0.607950862725448,0,0.202650287575149,0.405300575150298,0.810601150300597,0,0,0.202650287575149,0,0.405300575150298,0.202650287575149,0.405300575150298,0.202650287575149,0.202650287575149,0.607950862725448,0.202650287575149,0.405300575150298,0.202650287575149,0,0.607950862725448,0.405300575150298,0.810601150300597,0.405300575150298,0.405300575150298,1.2159017254509,0.405300575150298,1.41855201302604,0.405300575150298,0,0.405300575150298,0.202650287575149,0.202650287575149,0.607950862725448
"enough",0,0,0,1.78428225775939,0,0,0,0,0,0,0,0,0.594760752586463,1.18952150517293,0,0,0,0,0,0,0,0,0,0,0,0,0,0.594760752586463,0,0,0,1.18952150517293,0,0,1.18952150517293,1.18952150517293,0,0.594760752586463,1.18952150517293,0,0,0,0,0,1.18952150517293,0.594760752586463,0,0,0.594760752586463,0,0,0.594760752586463,3.56856451551878,0,0,0,0,0,1.18952150517293
"patriot",0,0,0,0.770852011642144,0,0,0,0,0,0,0,0,2.31255603492643,4.62511206985287,0.770852011642144,0.770852011642144,0,0,0.770852011642144,0,0,0,0,0,0,0,0,0,0,0,0,0,0,0,0,0,0,0,0,0,0,0,0,0,0,0,0,0,0,0,0,0,0,0,0,0.770852011642144,0.770852011642144,0.770852011642144,0.770852011642144
"successful",0,0,0,0.729459326483919,0,0.729459326483919,0.729459326483919,0.729459326483919,0.729459326483919,0,0,0,0,0,1.45891865296784,0,0,1.45891865296784,0,0,0,0,0,0,0,0,0,0,0,0,0.729459326483919,0,0,0,1.45891865296784,0,0,0,0,0,0.729459326483919,0,0,0,0,0,0,0,0.729459326483919,0,0,0,0,0,0,0,0,0,0
"keep",0,0,0,0.279490317807872,0.558980635615743,0.279490317807872,0,0.279490317807872,0.279490317807872,0.558980635615743,0.279490317807872,0.279490317807872,0,1.9564322246551,0,0,0.279490317807872,0,0.558980635615743,0,0,0,0,0.558980635615743,0.279490317807872,0,0,1.11796127123149,0.279490317807872,0,0.558980635615743,0.279490317807872,0.279490317807872,0,0.279490317807872,0.558980635615743,0,0.279490317807872,0.279490317807872,0,0.558980635615743,0,0,0,0.558980635615743,0.279490317807872,0,0,0.838470953423615,0,0.558980635615743,0.279490317807872,0.279490317807872,0.279490317807872,0,0,0.558980635615743,0,0
"firm",0,0,0,0.390640769930538,0,0.390640769930538,0,0,0.390640769930538,0.390640769930538,0.390640769930538,0,1.17192230979161,0,0.390640769930538,0,0.390640769930538,0,0.390640769930538,0,0,0.390640769930538,0,0,0.390640769930538,0,0,0.781281539861076,0,0,0,0.390640769930538,0.390640769930538,0,0.390640769930538,0,0.390640769930538,0,0,0.390640769930538,0.390640769930538,0.390640769930538,0.390640769930538,0,0,0.390640769930538,0,0,0.390640769930538,0,0,0,0,0,0.390640769930538,0.390640769930538,0,0,0
"world's",0,0,0,0.594760752586463,0,0,0,0,0,0,0,0,0,0,0,0,0,0,0,0,0,0.594760752586463,0,0.594760752586463,0,0.594760752586463,0,0,0,0,0,0,0,1.18952150517293,0,0,0,0,0,0,0.594760752586463,1.18952150517293,1.18952150517293,0,0,0,1.18952150517293,0.594760752586463,0.594760752586463,0.594760752586463,0,1.18952150517293,2.97380376293231,0,0,0.594760752586463,0,0,0
"possibility",0,0,0,0.691670765594519,0,0,0,0,0,0,0,0,0,0,0.691670765594519,0,0,0,0.691670765594519,0,0,0,0,0.691670765594519,0,0,0,0,0,0,0.691670765594519,0,0,0.691670765594519,0,0,0,0,0,0,0,0,0,0,1.38334153118904,0,0,0,0,0.691670765594519,0,0,0.691670765594519,0,0.691670765594519,0,0.691670765594519,0,1.38334153118904
"want",0,0,0,0.428429330819938,0.428429330819938,0,0.428429330819938,1.28528799245981,0,0,0.428429330819938,0,1.28528799245981,3.4274346465595,0,0,0,0,0,0,0,0,0,0,0.428429330819938,0,0,0.428429330819938,0,0,0,0,0,1.71371732327975,1.71371732327975,0,0.428429330819938,0,0,0,0.428429330819938,0,2.14214665409969,0,0.428429330819938,1.71371732327975,0,0.428429330819938,0.428429330819938,0,0.856858661639876,0.428429330819938,0,0,0.856858661639876,0,0,0.428429330819938,0
"believe",0,0,0,0.337584040628364,0.337584040628364,0,0,0.168792020314182,0.337584040628364,0,0,0,0.675168081256727,0.843960101570909,0.675168081256727,0.168792020314182,0.506376060942546,0.168792020314182,0.506376060942546,0,0,0.337584040628364,0.168792020314182,0.506376060942546,0,0,0,0.337584040628364,0.168792020314182,0.168792020314182,0.506376060942546,0.168792020314182,0,0.337584040628364,0.506376060942546,0.506376060942546,0.168792020314182,0.168792020314182,0.337584040628364,0.168792020314182,1.35033616251345,0,0.168792020314182,0.168792020314182,0.843960101570909,0.337584040628364,0,0.168792020314182,1.68792020314182,0.675168081256727,0,0.168792020314182,0,0.337584040628364,0.337584040628364,0.168792020314182,0.843960101570909,0,0.506376060942546
"contrary",0,0,0,0.867762024650201,0,0.867762024650201,0,0,0,0,0,0,0.867762024650201,3.4710480986008,0,0,0,0,1.7355240493004,0,0,0,0,0,0,0.867762024650201,0,0,0,0,0,0,0,0.867762024650201,0,0,0,0,0,0,0.867762024650201,0,0,0,0,0,0,0,0,0,0,0,0,0,0,0,0,0,0
"earth",0,0,0,0.323693980299925,0,0,0,0,0,0.971081940899775,0,0.323693980299925,0,0,0.64738796059985,0.323693980299925,0,0,0,0,0.323693980299925,0.323693980299925,0,0,0,0.64738796059985,0,0,0,0.64738796059985,0,0,0,0.64738796059985,0.64738796059985,0,0,0,0,0.323693980299925,0.64738796059985,0.64738796059985,1.61846990149962,0.64738796059985,0.323693980299925,2.91324582269932,0,0.323693980299925,0.971081940899775,1.94216388179955,0.323693980299925,0.323693980299925,0.323693980299925,0,0.64738796059985,0.971081940899775,0.64738796059985,0.64738796059985,0
"standard",0,0,0,0.54040309026387,0,0,0,0,0,0.54040309026387,0,0,0.54040309026387,0,0,0,0.54040309026387,0,0,0,0,0.54040309026387,0.54040309026387,0.54040309026387,0,0,0,0,0,0,0,1.08080618052774,0,1.62120927079161,0,2.16161236105548,1.08080618052774,1.08080618052774,0,0,1.08080618052774,0,0,0.54040309026387,0,0,0,0.54040309026387,0,0,0,0,0.54040309026387,0,1.08080618052774,0,0,0,0
"invasion",0,0,0,0.925753971627887,0,0,0,5.55452382976732,1.85150794325577,0,0,0,0.925753971627887,0,0,0,0,3.70301588651155,1.85150794325577,0,0,0,0,0,0,0,0,0,0,0,1.85150794325577,0,0,0,0,0,0,0,0,0,0,0,0,0,0,0,0,0,0,0,0,0,0,0,0,0,0,0,0
"answer",0,0,0,0.594760752586463,0,0,0,0,0,0,0,0,0,0,0,0,0,0,0,1.18952150517293,0,0,0,0.594760752586463,0,0,0,0,0,0,0,0.594760752586463,0,0.594760752586463,0,0,0,0,0,0,0,0,0,0.594760752586463,0,1.78428225775939,0.594760752586463,0.594760752586463,1.18952150517293,0,0,0.594760752586463,0.594760752586463,0,0,1.18952150517293,0.594760752586463,0,1.18952150517293
"courage",0,0,0,0.409124175624551,0,0,0,0,0,0,0,0,0,0,0,0,0,0,0,0,0,0,0,0.409124175624551,0,1.6364967024982,0,0.409124175624551,0,0.409124175624551,0,0,0,0.409124175624551,0.818248351249103,0.409124175624551,0.818248351249103,0.409124175624551,0,0.818248351249103,0.409124175624551,0,0.409124175624551,0,0,0,0,0,0.818248351249103,0.409124175624551,0.409124175624551,0.409124175624551,0.409124175624551,2.04562087812276,0.818248351249103,1.22737252687365,0.818248351249103,0.409124175624551,0
"federal",0,0,0,0.469822015978163,0,0,0,0,0,1.87928806391265,1.40946604793449,0.939644031956326,1.87928806391265,1.40946604793449,3.7585761278253,0,1.40946604793449,0.469822015978163,1.40946604793449,0,0,0.469822015978163,0,0,1.87928806391265,0,1.40946604793449,0,0,0,4.69822015978163,0,0,0,0,4.22839814380347,0.469822015978163,0.469822015978163,0,0,0,0,0,0,0,0,0,0,1.87928806391265,2.34911007989082,0.469822015978163,0,0,0,0,0,0,0,0
"globe",0,0,0,0.729459326483919,0,0,0,0.729459326483919,0,0.729459326483919,0,0,0.729459326483919,0,0,0,0.729459326483919,0,0,0,0,0,0,0,0,0,0,0,0,0,0,0,0,0,0,0,0,0,0,0,0,0,0.729459326483919,2.18837797945176,0.729459326483919,0,0,0,0,0,0,0,0.729459326483919,0,0,0.729459326483919,0.729459326483919,0,0
"endure",0,0,0,0.448632716908225,0,0,0,0,0,0,0,0,0,0,0.448632716908225,0,0,0,0.448632716908225,0,0,0,0,0,0,0,0,0.448632716908225,0.448632716908225,0,0,0.448632716908225,0,0,0,0,1.7945308676329,0.89726543381645,0.448632716908225,0,0,0,0,0,0.89726543381645,0.448632716908225,0.448632716908225,0.448632716908225,0.448632716908225,0.448632716908225,0,0.448632716908225,0.448632716908225,0.448632716908225,0,1.7945308676329,1.7945308676329,0,0.89726543381645
"generation",0,0,0,0.308454013743188,0.308454013743188,0,0,0,0,1.85072408245913,0,0,0.616908027486376,0,0.308454013743188,0,0,0.308454013743188,0,0,0,0,0.308454013743188,0.925362041229564,0,0,0,0,0,0.308454013743188,0.308454013743188,0.308454013743188,0,0,0.925362041229564,0,0.308454013743188,0.308454013743188,0.308454013743188,0,0,0,0.308454013743188,1.23381605497275,1.54227006871594,0.616908027486376,0.925362041229564,0,0,0.308454013743188,1.23381605497275,1.23381605497275,0.308454013743188,0.925362041229564,1.23381605497275,2.4676321099455,1.54227006871594,0,0.308454013743188
"use",0,0,0,0.293730756922482,0.293730756922482,0.293730756922482,0,0,0,0,0,0,0,2.64357681230234,0,0,0,0,0.881192270767445,0,0.293730756922482,0,0.293730756922482,0.587461513844963,0,2.05611529845737,0.293730756922482,0,0.293730756922482,0,1.46865378461241,1.76238454153489,0.587461513844963,0,0.293730756922482,0.587461513844963,0.881192270767445,0.881192270767445,0,0,0.587461513844963,0.587461513844963,0.587461513844963,0,0,0.587461513844963,0.587461513844963,0.587461513844963,0.881192270767445,0.293730756922482,0.881192270767445,0,0,0,0.587461513844963,0.587461513844963,0,0,0.293730756922482
"faculty",0,0,0,0.770852011642144,1.54170402328429,0.770852011642144,0.770852011642144,0,0.770852011642144,0.770852011642144,0,0.770852011642144,0,0,0.770852011642144,0,0,0,0,0,0,0,0,0,0.770852011642144,0,0,0,0,0,0,0,0,0,0,0,0,0,0,0,0,0.770852011642144,0,0,0,0,0,0,0,0,0,0,0,0,0,0,0,0,0
"practice",0,0,0,0.492098410689315,0,0,0.98419682137863,0.492098410689315,0.492098410689315,0,0,0,0.492098410689315,0,0,0.98419682137863,0,0.492098410689315,0.492098410689315,0,0,0,0.98419682137863,0.492098410689315,0,1.96839364275726,0,1.47629523206795,0,0,0.492098410689315,0,0,0.98419682137863,0.98419682137863,0,0.492098410689315,0,0,0,0,0.98419682137863,0.98419682137863,0,0,0,0,0,0.492098410689315,0,0,0,0,0,0,0,0,0,0
"prove",0,0,0,0.428429330819938,0.428429330819938,0,0.428429330819938,0,0,0.856858661639876,0,0,0.856858661639876,0.428429330819938,0.428429330819938,0,1.28528799245981,0.856858661639876,0,0,0,0,0.428429330819938,0,0,0,0,0.428429330819938,0,0.428429330819938,0.428429330819938,0,0.428429330819938,2.99900531573957,0,0,0.428429330819938,0,0.428429330819938,0,0.428429330819938,1.28528799245981,0.428429330819938,0,0,0,0,0.428429330819938,0,0,0,0,0,0,0,0,0.428429330819938,0,0
"prosperous",0,0,0,0.594760752586463,0,0.594760752586463,0,1.78428225775939,0,0,0,0,0,0,0.594760752586463,0,0,0.594760752586463,0,0,0,0,1.18952150517293,0,0,1.18952150517293,0,0,0,0,0,0,0,0,1.18952150517293,0,0,0,0,0,0.594760752586463,0,0,0,0.594760752586463,0,0,0,0.594760752586463,0,1.18952150517293,0,0,0,0.594760752586463,1.18952150517293,0,0,0.594760752586463
"labor",0,0,0,0.587461513844963,0,0,0,0,0,0.293730756922482,0,0,0.293730756922482,0.881192270767445,0.587461513844963,0,0.293730756922482,0,1.46865378461241,0,0,0.293730756922482,0.587461513844963,0.587461513844963,1.17492302768993,0.587461513844963,0.587461513844963,1.17492302768993,0.881192270767445,0,1.76238454153489,0.587461513844963,0,0.293730756922482,0.293730756922482,0.293730756922482,0,0,0,0,0.881192270767445,0.881192270767445,0.587461513844963,0,0,0,0,0,0.293730756922482,0.293730756922482,0,0,0.587461513844963,0,0.293730756922482,0.293730756922482,0.293730756922482,0.293730756922482,0
"close",0,0,0,0.448632716908225,0,0,0,0.448632716908225,0,0.448632716908225,0,0,0,0,0,0,0,0.448632716908225,0.448632716908225,0,0,0.448632716908225,0.448632716908225,0.89726543381645,0.448632716908225,0,0,0.448632716908225,0.89726543381645,0,0,0,0.448632716908225,1.34589815072467,0,0,0,0,0,0,0,0.448632716908225,0,0,0.448632716908225,0.448632716908225,0,0.448632716908225,0,0.448632716908225,0,0,0.448632716908225,0,0,0,0,0.448632716908225,0.89726543381645
"everything",0,0,0,0.691670765594519,0,0,0,1.38334153118904,0,0,0,0,0,0,0,0,0.691670765594519,0.691670765594519,0,0,0,0,0,0,0,1.38334153118904,0,0.691670765594519,0,0,0,0.691670765594519,0,0.691670765594519,0,0,0,0,0,0,0,0,0,0,0,0.691670765594519,0.691670765594519,0.691670765594519,0,0,0,0,0,0,0,0,0,0,0.691670765594519
"understand",0,0,0,0.323693980299925,0.64738796059985,0,0,0,0,0,0,0,0.64738796059985,1.2947759211997,0.323693980299925,0,0.323693980299925,0.323693980299925,0.323693980299925,0,0.323693980299925,0,0.323693980299925,0,0,0,0,0.323693980299925,0,0,0.971081940899775,0.323693980299925,0,2.5895518423994,0,0.323693980299925,0.323693980299925,0.971081940899775,0.971081940899775,0.64738796059985,0,0.323693980299925,0,0,0,0.323693980299925,0.971081940899775,0,0.64738796059985,0,0,0,0.323693980299925,0,0,1.61846990149962,0.971081940899775,0.64738796059985,0.64738796059985
"deem",0,0,0,0.691670765594519,0,0,0,0,0,0,0,0,0.691670765594519,0.691670765594519,0.691670765594519,0.691670765594519,0,0,1.38334153118904,0,0,0,0.691670765594519,0,0,0,1.38334153118904,1.38334153118904,0.691670765594519,0,0.691670765594519,0,0,0,0,0,0,0,0,0,0,0.691670765594519,0,0,0,0,0,0,0,0,0,0,0,0,0,0,0,0,0
"shape",0,0,0,0.729459326483919,0,0,0,0,0,0,0,0,0,0.729459326483919,0,0,0,0,0,0,0,0,0.729459326483919,0,0,0,0,0,0,0,0.729459326483919,0,0,0,0,0,0,0,0,0,0,0,0,0,0,2.18837797945176,0,0.729459326483919,0,0,0,0.729459326483919,1.45891865296784,0.729459326483919,0,1.45891865296784,0.729459326483919,0,0
"within",0,0,0,0.214549510874857,0.858198043499428,0.214549510874857,0,1.07274755437428,1.07274755437428,0.643648532624571,0.214549510874857,0.429099021749714,0,1.07274755437428,2.78914364137314,0,1.28729706524914,0,0.429099021749714,0,0,0.429099021749714,0.214549510874857,0.858198043499428,0.214549510874857,0.214549510874857,0.429099021749714,0,0.214549510874857,0,1.07274755437428,0,0,0.643648532624571,0.429099021749714,0.429099021749714,0.214549510874857,0.643648532624571,0.643648532624571,0,0.214549510874857,0.429099021749714,0,0,0.214549510874857,0.643648532624571,0,0.429099021749714,0.214549510874857,0.214549510874857,0.214549510874857,0,0.429099021749714,0,0,0,0,0,0.214549510874857
"narrow",0,0,0,0.624723975963906,0.624723975963906,0,0,0,0,0.624723975963906,0,0,0.624723975963906,0,1.24944795192781,0,0,0.624723975963906,0,0,0,0,0,0.624723975963906,0,0,0,0,0,0,0.624723975963906,0,0,0,2.49889590385562,0.624723975963906,0,0,0.624723975963906,0,0,0,0,0,0,0,0,0,0,0,0,0,0.624723975963906,0,0.624723975963906,0.624723975963906,0,0,0
"limitation",0,0,0,0.54040309026387,0,0.54040309026387,0,0,0,0.54040309026387,0.54040309026387,0,0,0,0,0,0,0,0.54040309026387,0,0,0,0,0.54040309026387,0.54040309026387,1.08080618052774,0.54040309026387,0,0,0,1.08080618052774,0,0,0,1.08080618052774,1.62120927079161,0,0,0,0,0.54040309026387,0,0,0,0,0,1.08080618052774,0,0.54040309026387,0.54040309026387,0.54040309026387,0,0,0,0,0,0,0,0
"exact",0,0,0,0.867762024650201,0,0,0,0,0,0.867762024650201,0,0,0,0,1.7355240493004,0,0,0,0.867762024650201,0,0,0,0,0,1.7355240493004,0.867762024650201,1.7355240493004,0,0,0.867762024650201,0,0,0,0,0,0,0,0,0,0,0,0,0,0,0,0,0,0,0,0,0,0,0,0,0,0,0,0,0
"alliance",0,0,0,0.56673202898622,0,0,0,0,0,0,0,0,0.56673202898622,0.56673202898622,0.56673202898622,0.56673202898622,0,0.56673202898622,0,0,0,0,0,0,0.56673202898622,0,0,0,0,0,0,0,0,0.56673202898622,0,0,0,0,0,0,0,0,0.56673202898622,1.13346405797244,0,0,0,0,0,0.56673202898622,0.56673202898622,0,0,0,0,0.56673202898622,0.56673202898622,0.56673202898622,0.56673202898622
"competent",0,0,0,0.816609502202819,0,0,0,0.816609502202819,1.63321900440564,0.816609502202819,0,0,0,0,1.63321900440564,0,0,0,1.63321900440564,0,0,0,0,0,0,0,0,0,0,0,0.816609502202819,0,0,0,0,0,0,0.816609502202819,0,0,0,0,0,0,0,0,0,0.816609502202819,0,0,0,0,0,0,0,0,0,0,0
"tendency",0,0,0,0.925753971627887,0,0,0,0,0,0,0.925753971627887,0,0,7.4060317730231,1.85150794325577,0,0,0,0,0,0,0,0,0,0,0,1.85150794325577,0,0,0,0.925753971627887,0,0,0.925753971627887,0,0,0,0,0,0,0,0,0,0,0,0,0,0,0,0,0,0,0,0,0,0,0,0,0
"vigor",0,0,0,0.729459326483919,0,0,0,0.729459326483919,0,0,0,0,0,0.729459326483919,0.729459326483919,0,0.729459326483919,0,0,0,0,0,0,0,0,0.729459326483919,0.729459326483919,0,0,0.729459326483919,0,0,0,0,0,0.729459326483919,0.729459326483919,0,0,0,0,0.729459326483919,0,0,0,0,0,0,0,0,0,0,0,0,0,0,0,0,0
"home",0,0,0,0.191068415025334,0.191068415025334,0,0,0.382136830050668,0,0.191068415025334,0,0,0.573205245076002,0.382136830050668,1.52854732020267,0,0.95534207512667,0.191068415025334,0,0,0,0.191068415025334,0,0.382136830050668,0.191068415025334,0.764273660101336,0.191068415025334,0.191068415025334,0.382136830050668,0,0,0.191068415025334,0.191068415025334,0.764273660101336,0.573205245076002,1.52854732020267,0.382136830050668,0,0.191068415025334,0,0,0.382136830050668,0.191068415025334,0.191068415025334,0,0.573205245076002,1.71961573522801,0.382136830050668,0.191068415025334,0,0.382136830050668,0.382136830050668,0.382136830050668,0,0.382136830050668,0.191068415025334,0.191068415025334,0.382136830050668,0.191068415025334
"safe",0,0,0,0.469822015978163,0,0.469822015978163,0,0.469822015978163,0,0,0,0,0,0.939644031956326,0.469822015978163,0,0.469822015978163,0.469822015978163,0.939644031956326,0,0,0,0.469822015978163,0.939644031956326,0,1.87928806391265,0,1.87928806391265,0,0,0,0,0.469822015978163,0,0,0,0,0,0,0,0,0,0.469822015978163,0,0,0.469822015978163,0.469822015978163,0,0,0,0,0,0.469822015978163,0,0,0,0.939644031956326,0.939644031956326,0.469822015978163
"remedy",0,0,0,0.624723975963906,0,0,0,1.24944795192781,0.624723975963906,0,0,0,0,1.24944795192781,0,0,0.624723975963906,0.624723975963906,0,0,0,0,0.624723975963906,1.24944795192781,0,1.24944795192781,0,1.24944795192781,0,0,2.49889590385562,0,0,0.624723975963906,1.87417192789172,1.24944795192781,0,0,0,0,0,0,0,0,0,0,0,0,0,0,0,0,0,0,0,0,0,0,0
"vital",0,0,0,1.13346405797244,0,0,0,0,0.56673202898622,0,0,0,0,0.56673202898622,0,0,0.56673202898622,1.13346405797244,2.26692811594488,0,0,0,0,0,0,0,0.56673202898622,0,0,0,0,0.56673202898622,1.13346405797244,0,0,0.56673202898622,0,0,0.56673202898622,0,0,0.56673202898622,0,0,0,0,1.13346405797244,0,0,0,0,0.56673202898622,0,0,0.56673202898622,0.56673202898622,0,0,0
"republic",0,0,0,0.293730756922482,0,0.587461513844963,0.293730756922482,0,0.293730756922482,0.293730756922482,0,0.587461513844963,1.46865378461241,2.34984605537985,0.587461513844963,0.587461513844963,1.46865378461241,0.587461513844963,0,0,0,0.587461513844963,0,1.17492302768993,0.881192270767445,0.293730756922482,0,0.587461513844963,1.17492302768993,1.17492302768993,0.293730756922482,0,0,2.93730756922482,0.881192270767445,0.587461513844963,0,1.17492302768993,0.587461513844963,0,0,0,0,0.293730756922482,0,0,0,0,0.293730756922482,0.293730756922482,0,0,0,0,0,0,0.293730756922482,0,0.293730756922482
"appeal",0,0,0,0.594760752586463,0,0.594760752586463,0.594760752586463,0,1.18952150517293,0,0,0,0,0,0.594760752586463,0.594760752586463,1.18952150517293,0,0,0,0,0,0,1.18952150517293,0,0.594760752586463,0.594760752586463,0.594760752586463,0,0,0,0,0,0,1.18952150517293,0.594760752586463,0,0,0,0,0,0,0,0,0,0,0,0.594760752586463,0,0,0,0,0,0,0.594760752586463,0,0,0,0
"immediate",0,0,0,0.691670765594519,0,0.691670765594519,0,0.691670765594519,0,1.38334153118904,0,0,0,1.38334153118904,0,0,0,0,0.691670765594519,0,0,0,0.691670765594519,0,0,0,0,1.38334153118904,0,0,1.38334153118904,0,2.07501229678356,0.691670765594519,0,0,1.38334153118904,0,0,0,0,0,0,0,0,0,0,0,0,0,0,0,0,0,0,0,0,0,0
"discipline",0,0,0,0.816609502202819,0.816609502202819,0,0.816609502202819,0,0,0.816609502202819,0.816609502202819,0,0,0,0,0,0.816609502202819,0,0,0,0,0,0,0,0,0,0,0,0,0,0,0,0,0,0,0,4.0830475110141,0,0,0,0,0,0,0.816609502202819,0,0,0,0,0,0,0,0.816609502202819,0,0,0,0,0,0,0
"militia",0,0,0,0.816609502202819,0,0.816609502202819,0,2.44982850660846,0.816609502202819,0,1.63321900440564,0,0,0,0,0,0.816609502202819,0.816609502202819,0,0,0,0,0,0,0,0,0,0,0,0,0.816609502202819,0,0,0,0,0,0,0,0,0,0,0,0,0,0,0,0,0,0,0,0,0,0,0,0,0,0.816609502202819,0,0
"moment",0,0,0,0.818248351249103,0,0.409124175624551,0,0,0,0.409124175624551,0,0,0,0.409124175624551,0,0,0.409124175624551,0,0,0,0,0,0.409124175624551,0.409124175624551,0,0,0,0.409124175624551,0.409124175624551,0,0,0,0,0,0,0,0.409124175624551,0.409124175624551,0.409124175624551,0,0,1.22737252687365,0.409124175624551,0,1.22737252687365,2.86386922937186,0,0,0,1.22737252687365,1.22737252687365,0,0.409124175624551,0,0,1.6364967024982,0.818248351249103,0.818248351249103,2.45474505374731
"military",0,0,0,0.492098410689315,0,0.492098410689315,0.492098410689315,0,0,1.96839364275726,0.98419682137863,0.98419682137863,0.492098410689315,0,0.492098410689315,0.492098410689315,0.98419682137863,1.47629523206795,0,0,0,0,0,0,0,0,0,0,0.98419682137863,0,0,0,0,1.47629523206795,0.98419682137863,0,0,0,0,0,0.492098410689315,0.98419682137863,0.98419682137863,0,0,0,0,0,0,0.492098410689315,0,0,0,0,0,0,0,0.98419682137863,0
"expense",0,0,0,0.656908659335307,1.97072597800592,0,0,1.31381731867061,0.656908659335307,0,0,0,0.656908659335307,0.656908659335307,0.656908659335307,0,0,0.656908659335307,0,0,0,0,0,0,0,0.656908659335307,0,0,0.656908659335307,0,0.656908659335307,0,0,0,0.656908659335307,0,0,0,0,0,0,0,0,0,0,0,0,0,0,0,0,0,0,0,0,0,0,0.656908659335307,0
"debt",0,0,0,0.515579506538838,1.03115901307768,1.03115901307768,0,0.515579506538838,1.03115901307768,1.03115901307768,0.515579506538838,0,0.515579506538838,0,2.57789753269419,0.515579506538838,0,0.515579506538838,0,0,2.57789753269419,0,0,0.515579506538838,0,1.03115901307768,0,1.54673851961651,0,0,0,0,0,0.515579506538838,0,0,0,0,0,0,0,0,0,0,0,0,0,0,0,0.515579506538838,0,0.515579506538838,0,0,0,0,0,0,0
"freedom",0,0,0,0.810601150300597,0.405300575150298,0.202650287575149,0,0,0,1.01325143787575,0.202650287575149,0,0,1.2159017254509,0.405300575150298,0,0.607950862725448,0,0,0,0,0,0,1.41855201302604,0,0.405300575150298,0,0.202650287575149,0.810601150300597,0,0.405300575150298,0,0.405300575150298,1.01325143787575,1.2159017254509,1.01325143787575,0,0,1.2159017254509,0.202650287575149,2.43180345090179,2.02650287575149,2.22915316332664,0.810601150300597,0.405300575150298,0.405300575150298,0.810601150300597,0.810601150300597,1.62120230060119,2.63445373847694,1.2159017254509,0.607950862725448,0.405300575150298,1.01325143787575,5.06625718937873,0.607950862725448,1.41855201302604,0.202650287575149,0
"press",0,0,0,0.594760752586463,2.37904301034585,0.594760752586463,0,0,0,0.594760752586463,0.594760752586463,0,0.594760752586463,1.78428225775939,0,0,0,0.594760752586463,0.594760752586463,0,0,0,0,0,0,0.594760752586463,0,0.594760752586463,0,0,0.594760752586463,0,0,0,0,0.594760752586463,0,0,0,0,0,0.594760752586463,0,0,0,0,0,0,0,0,0,0,0,0,0,0,0,0,0.594760752586463
"person",0,0,0,0.469822015978163,0.469822015978163,0,0.469822015978163,0.469822015978163,1.40946604793449,0,0.469822015978163,0,0,1.87928806391265,0.939644031956326,0,0.469822015978163,0,1.40946604793449,0,0.469822015978163,0.469822015978163,0,0,0,1.40946604793449,0,0,0,0,0,0,0,0,0.469822015978163,0,0,0,1.40946604793449,0,0,0.469822015978163,0,0,0,0,0.469822015978163,0.469822015978163,0,0,0,0,0,0.469822015978163,0,0,0.939644031956326,0,0
"protection",0,0,0,0.355878663671326,0.355878663671326,0,0.355878663671326,0.711757327342652,1.06763599101398,0.355878663671326,0,0,0.355878663671326,0.355878663671326,4.27054396405591,0.355878663671326,1.06763599101398,1.06763599101398,0.355878663671326,0,0,0,0.355878663671326,1.77939331835663,0.711757327342652,0.355878663671326,0.355878663671326,0.711757327342652,0.355878663671326,0,2.49115064569928,0,0,0,0.355878663671326,0.355878663671326,0.355878663671326,0,0,0,0,0,0,0,0,0,0,0,0,0,0,0,0,0,0.355878663671326,0,0,0.355878663671326,0
"trial",0,0,0,0.729459326483919,0,0,0,2.18837797945176,0,0.729459326483919,0,0,0,0.729459326483919,0,0,0.729459326483919,0,0,0,0,0,0,1.45891865296784,0,0,0,3.6472966324196,0,0,0,0,0,0,0.729459326483919,0,0,0,0,0,0.729459326483919,2.18837797945176,0.729459326483919,0,0,0,0,0,0,0,0,0,0,0,0,0,0,0,0
"hero",0,0,0,0.925753971627887,0,0,0.925753971627887,0,0,0,0,0,0,0,0,0,0,0,0,0,0,0,0,0,0,0,0,0,0,0,0,0,0,0,0,0,0,0,0,0,0,0,0.925753971627887,0,0,0,0,0,5.55452382976732,0.925753971627887,0,0,0,0,0,0.925753971627887,0,0,0.925753971627887
"devote",0,0,0,0.594760752586463,0,0.594760752586463,0.594760752586463,0,0,1.18952150517293,0,0,0.594760752586463,2.37904301034585,1.18952150517293,0.594760752586463,0.594760752586463,0,0,0.594760752586463,0,0,0,0,0,0,0.594760752586463,1.18952150517293,0,0,0.594760752586463,0,0,0,0,0,0,0,0,0,0.594760752586463,0,0,0,0,0,0,0,0,0,0,0,0,0,0,0,0,0,0.594760752586463
"creed",0,0,0,0.729459326483919,0,0,0,0,0,0.729459326483919,0,0,0,0,0.729459326483919,0,0,0,0,0,0,0,0.729459326483919,0,0,0,0,0,0,0,0,0,0,0,0,0,0,0,0,0.729459326483919,0,0.729459326483919,0,0,0,0,0,0,0,0.729459326483919,0,0,0.729459326483919,0.729459326483919,0,0.729459326483919,3.6472966324196,0,0
"try",0,0,0,0.448632716908225,0.448632716908225,0.448632716908225,0,0,0,0,0,0,0.89726543381645,0,0,0,0,0,0,0,0,0.448632716908225,0,0,0,0.448632716908225,0,0,0,0.448632716908225,0,0.89726543381645,0,0.448632716908225,0,0,0.448632716908225,0.448632716908225,0,0,0,0.89726543381645,0,0,1.34589815072467,0.89726543381645,0,0,0.448632716908225,0.448632716908225,0.448632716908225,0,0.89726543381645,0.448632716908225,0,0,0.448632716908225,0,0.448632716908225
"road",0,0,0,0.656908659335307,0.656908659335307,0,0,0.656908659335307,0,1.31381731867061,0,0,0,0,0,0,0,1.97072597800592,0,0,0,0,0,0,0,0,0,0,0,0,0,0,0,0,0,0.656908659335307,0,2.62763463734123,0,0,0,0,0,0,0.656908659335307,0,0,0,0,0.656908659335307,0,0,0,0.656908659335307,0,1.31381731867061,0.656908659335307,0.656908659335307,0
"alone",0,0,0,0.252338071764257,0.504676143528513,0.252338071764257,0.252338071764257,0.252338071764257,0,0.252338071764257,0,0,0.504676143528513,0.504676143528513,0.252338071764257,0,0.504676143528513,0.252338071764257,0,0,0,0,0.252338071764257,0.252338071764257,0.252338071764257,0,0,0.252338071764257,0,0,0,0,0,0.504676143528513,0.252338071764257,1.00935228705703,0.252338071764257,0,0.75701421529277,0.252338071764257,0.504676143528513,0.252338071764257,0.504676143528513,0,0.252338071764257,0.252338071764257,0,0,0.252338071764257,0.252338071764257,0.252338071764257,0.252338071764257,0.504676143528513,0,0,0.252338071764257,0.75701421529277,0,0
"lead",0,0,0,0.382136830050668,0.382136830050668,0,0,0,0.191068415025334,0,0,0.382136830050668,0.382136830050668,0.764273660101336,0.191068415025334,0.191068415025334,0.191068415025334,0,0,0,0.191068415025334,0,0.191068415025334,0.573205245076002,0,0.191068415025334,0.764273660101336,0.191068415025334,0.382136830050668,0,0.764273660101336,0.191068415025334,0,0,1.146410490152,0.191068415025334,0,0.191068415025334,0,0.191068415025334,0.191068415025334,0,0,0.191068415025334,0.382136830050668,0.191068415025334,0.573205245076002,0,0.191068415025334,0.382136830050668,0.573205245076002,0.382136830050668,0.382136830050668,0.764273660101336,0.191068415025334,0.191068415025334,0.191068415025334,0.191068415025334,0.573205245076002
"assign",0,0,0,0.925753971627887,0,0.925753971627887,0,0,0,0,0,0,0,4.62876985813944,1.85150794325577,0,0.925753971627887,0,0,0,0,0,0,0,0.925753971627887,0,0,0,0.925753971627887,0,0,0,0,0,0,0,0,0,0,0,0,0,0,0,0,0,0,0,0,0,0,0,0,0,0,0,0,0,0
"learn",0,0,0,0.469822015978163,0,0,0,0,0,0.469822015978163,0,0.469822015978163,0.469822015978163,0.469822015978163,0,0,0,0,0,0,0,0,0,0,0,0.469822015978163,0,0,0,0,0,0,0,0.469822015978163,0.469822015978163,0.469822015978163,0,0,0,2.34911007989082,0.939644031956326,0,0,0,1.87928806391265,1.40946604793449,0.939644031956326,0.939644031956326,0,0,0.469822015978163,0,0.939644031956326,0,0.469822015978163,0,0.939644031956326,0,0.469822015978163
"entitle",0,0,0,0.656908659335307,0,0.656908659335307,0,0,0.656908659335307,0,0,0,0,0.656908659335307,2.62763463734123,0,0.656908659335307,0.656908659335307,1.31381731867061,0,0,0,1.31381731867061,0,0.656908659335307,0,0.656908659335307,0.656908659335307,0,0,0,0,0,0,0,0,0,0,0,0,0,0,0,0,0,0,0,0,0,0,0,0,0,0,0,0.656908659335307,0,0,0
"ask",0,0,0,0.587461513844963,0.587461513844963,0,0,0.293730756922482,0,0,0,0,0,0.293730756922482,0,0,0,0.293730756922482,0,0.293730756922482,0.587461513844963,1.17492302768993,0.587461513844963,0.293730756922482,0,0.293730756922482,0,0,0,0,0,0,0,0.293730756922482,0,0.293730756922482,1.17492302768993,0.587461513844963,0,0,0.587461513844963,0.587461513844963,0.293730756922482,1.76238454153489,0.587461513844963,0.587461513844963,1.17492302768993,0,0,0.587461513844963,1.17492302768993,0.293730756922482,0.587461513844963,0.587461513844963,0.587461513844963,0.293730756922482,0,0,0.587461513844963
"legal",0,0,0,0.770852011642144,0.770852011642144,0,0,0,0,0,0,0,0.770852011642144,0.770852011642144,0.770852011642144,0,0.770852011642144,0,2.31255603492643,0,0,0,0,0.770852011642144,0,1.54170402328429,0,0,0,0,0,0.770852011642144,0,0,0,0,0,0,0,0,0,0,0,0,0,0,0,0,0,0,0,0,0,0,0,0,0,0,0
"wrong",0,0,0,0.745824005940213,0,0,0.372912002970107,0,0,0.372912002970107,0,0.372912002970107,0,0,0.372912002970107,0,0.372912002970107,0,0.372912002970107,0,0,0.745824005940213,0.372912002970107,0.745824005940213,0,0,0.372912002970107,0,0,0.372912002970107,0,0.745824005940213,1.11873600891032,0.372912002970107,0.372912002970107,0,0,0,0,0,0.372912002970107,0.372912002970107,0,0,0,0,0.372912002970107,0,0,0,0,0.372912002970107,0.372912002970107,0.372912002970107,0.372912002970107,0.372912002970107,0,0,0.372912002970107
"grind",0,0,0,0.656908659335307,0.656908659335307,0,0,0,0,0,0,0,0.656908659335307,1.31381731867061,0,0,0,0,0,0,0,0,0,0.656908659335307,0,0,0,0,0,0,0,0,0,0,0.656908659335307,0.656908659335307,0,0,0,0,0,0,0.656908659335307,0,0.656908659335307,0.656908659335307,0,0,0,0,0.656908659335307,0,0,0,0,0.656908659335307,0,0,1.31381731867061
"bestow",0,0,0,0.691670765594519,0,0.691670765594519,0,0,0,0.691670765594519,0,0,0,0,0,0.691670765594519,0.691670765594519,0.691670765594519,0,0,0.691670765594519,0,0,0,0.691670765594519,0,0,0,0,0,0,0,0,0,1.38334153118904,0,0,0,0,0,0,0,0,0,0,0.691670765594519,0,0,0,0.691670765594519,0,0,0,0,0,0.691670765594519,0,0,0
"work",0,0,0,0.10809417996057,0.10809417996057,0.10809417996057,0.10809417996057,0.32428253988171,0.21618835992114,0.21618835992114,0,0,0.10809417996057,0.10809417996057,0,0,0.10809417996057,0.10809417996057,0,0.10809417996057,0,0,0.10809417996057,0.10809417996057,0.10809417996057,0.32428253988171,0.21618835992114,0.21618835992114,0.21618835992114,0.21618835992114,0.756659259723991,0.21618835992114,0,0.54047089980285,0.32428253988171,0.21618835992114,0.32428253988171,0.32428253988171,0,0.21618835992114,0.756659259723991,0.648565079763421,0.21618835992114,0.10809417996057,0.43237671984228,0,0.43237671984228,0.21618835992114,0.756659259723991,0.864753439684561,1.0809417996057,0.756659259723991,0.864753439684561,0.54047089980285,0.648565079763421,0.864753439684561,0.43237671984228,0.10809417996057,0.648565079763421
"ready",0,0,0,0.492098410689315,0,0,0,0,0,0,0,0.98419682137863,0,0,0.98419682137863,0,0.98419682137863,0,0,0,0,0,0,0,0,0.492098410689315,0,0,0.492098410689315,0,0,0,0.98419682137863,1.47629523206795,0,0,0.492098410689315,0,0,0,0.492098410689315,1.47629523206795,0.492098410689315,0,0,0.492098410689315,0,0,0.98419682137863,0,0.492098410689315,0,0,0,0.492098410689315,0.492098410689315,0,0.492098410689315,0.492098410689315
"whenever",0,0,0,0.867762024650201,0,0,0,0,0,0,0,0,0,0,0,0,0,0.867762024650201,1.7355240493004,0,0,0,0,0,0,0,0,0.867762024650201,0,0,0.867762024650201,0,0,0,2.6032860739506,0,0,0,0,0,0,0,0,0,0,0,0,0,0,0,0,0.867762024650201,0,0,0.867762024650201,0,0,0,0
"proceed",0,0,0,0,1.78428225775939,0.594760752586463,0.594760752586463,0.594760752586463,1.18952150517293,0.594760752586463,0,0,0,1.18952150517293,0,0,0,0.594760752586463,0,0,0,0,0.594760752586463,0,0,0.594760752586463,0,0,0,0,0.594760752586463,0,0.594760752586463,0.594760752586463,0.594760752586463,0,0,0,0,0.594760752586463,0,0,0,0,0,0,0,0,0,0,0,0,0,0,0,0,0,0,0
"confer",0,0,0,0,0.770852011642144,0,0,0,0,0,0.770852011642144,0,2.31255603492643,1.54170402328429,0.770852011642144,0,1.54170402328429,0,0,0,0,0.770852011642144,0,0,0,0,0,0,0,0,0,0,0,0,0,0,0,0,0,0,0.770852011642144,1.54170402328429,0,0,0,0,0,0,0,0,0,0,0,0,0,0,0.770852011642144,0,0
"deep",0,0,0,0,0.390640769930538,0.390640769930538,0,0,0,0,0,0,0.781281539861076,0.390640769930538,0.781281539861076,0,0,0.390640769930538,0,0,0,0,0,0,0,0,0,0,0.390640769930538,0.390640769930538,0.390640769930538,0.390640769930538,0,0,0,0.781281539861076,0,0.390640769930538,0.390640769930538,0,0.390640769930538,0,0.781281539861076,0,0.390640769930538,0.781281539861076,0,0,0.390640769930538,0.390640769930538,0.390640769930538,0.781281539861076,0,1.56256307972215,1.17192230979161,0,0,0,0.390640769930538
"satisfy",0,0,0,0,1.54170402328429,0,0,0,3.08340804656858,0,0,0,0.770852011642144,0.770852011642144,0,0.770852011642144,0,0,0,0,0,0,0.770852011642144,0,0,0,0,0,0,0,0,0,0,0,1.54170402328429,0,0,0,0,0,1.54170402328429,0,0.770852011642144,0,0,0,0,0,0,0,0,0,0,0,0,0.770852011642144,0,0,0
"administer",0,0,0,0,0.56673202898622,0,0,0.56673202898622,0,0.56673202898622,1.13346405797244,0.56673202898622,0.56673202898622,1.13346405797244,1.13346405797244,0,0,1.13346405797244,1.13346405797244,0,0,0,0,0,1.70019608695866,0.56673202898622,0,0.56673202898622,1.13346405797244,0.56673202898622,0,0,0,0,0,0.56673202898622,0,0,0,0,0,0,0,0,0,0,0,0,0,0,0,0,0,0,0,0,0,0,0
"conscience",0,0,0,0,0.448632716908225,0.448632716908225,0,0,0,0,0.448632716908225,0,0,0,0.448632716908225,0,0,0,0,0,0,0.448632716908225,0,0,0.448632716908225,0,0,0,0.89726543381645,0,0,0.448632716908225,0,0.89726543381645,0.89726543381645,0.448632716908225,0,0.448632716908225,0,0,0,0.448632716908225,0,0.448632716908225,0,0.89726543381645,0.448632716908225,0,0,0,0,0.448632716908225,0.448632716908225,0.89726543381645,0.448632716908225,0,0.448632716908225,0,0
"tell",0,0,0,0,0.624723975963906,0,0,0,0,0,0,0,0,0.624723975963906,0,0,0,0,0,0,0,0,0,0,0,0,0,0,0,0.624723975963906,0,0.624723975963906,0,0,0,0,0,0,0,0,0,0,0,0,0,0.624723975963906,0.624723975963906,0,1.87417192789172,0.624723975963906,0.624723975963906,0,0.624723975963906,0,0,1.24944795192781,0.624723975963906,1.24944795192781,1.87417192789172
"declaration",0,0,0,0,0.515579506538838,0,0.515579506538838,0,0,0.515579506538838,0,0,0,1.03115901307768,0,0.515579506538838,0,0,1.03115901307768,0.515579506538838,0,0,0,0,0,0.515579506538838,0,0.515579506538838,0.515579506538838,0,1.03115901307768,0,0,0,0,0.515579506538838,0,0,0.515579506538838,0,0,0,0,0,0,0,0,0,0.515579506538838,0.515579506538838,0,0,0,0.515579506538838,0.515579506538838,0,0.515579506538838,0,0
"obvious",0,0,0,0,0.770852011642144,0,0,0,2.31255603492643,0.770852011642144,0,0,1.54170402328429,0.770852011642144,0,0,2.31255603492643,0,0,0,0,0,0,0,0,1.54170402328429,0,0,0,0,0,0,0,0,0,0,0,0.770852011642144,0.770852011642144,0,0,0,0,0,0,0,0,0,0,0,0.770852011642144,0,0,0,0,0,0,0,0
"cultivate",0,0,0,0,1.31381731867061,0.656908659335307,0,1.31381731867061,0.656908659335307,0,0.656908659335307,0,0.656908659335307,0.656908659335307,0.656908659335307,0,0.656908659335307,0.656908659335307,0,0,0,0,0,0,0,0,0,1.31381731867061,0.656908659335307,0,0,0,0,0,0.656908659335307,0,0,0,0,0,0,0,0,0,0,0,0,0,0,0,0,0,0,0,0,0,0,0,0
"especially",0,0,0,0,0.56673202898622,0,0,0,3.40039217391732,0,0,0.56673202898622,0,0,0.56673202898622,0.56673202898622,0,0.56673202898622,1.13346405797244,0,0,0,0,0.56673202898622,0.56673202898622,0,0.56673202898622,0.56673202898622,0,0,0.56673202898622,0,0,0,0.56673202898622,0,0,0,0,0,0,1.13346405797244,0.56673202898622,0,0,0,0,0,0,0,0,0,0,0,0,0,0,0,0.56673202898622
"cherish",0,0,0,0,0.939644031956326,0.469822015978163,0.469822015978163,0.939644031956326,0,0.939644031956326,0,0,0,0.469822015978163,0.939644031956326,0,0.469822015978163,0.469822015978163,0.469822015978163,0.469822015978163,0,0,0.939644031956326,0,0,0.469822015978163,0,0.469822015978163,0,0,0,0,0,0.939644031956326,0.939644031956326,0,0,0,0,0,0,0.939644031956326,0.469822015978163,0,0,0,0.469822015978163,0,0,0,0,0,0,0,0,0,0.469822015978163,0,0
"mutual",0,0,0,0,0.594760752586463,0,0,0,0,0.594760752586463,0,0,2.37904301034585,0.594760752586463,0.594760752586463,0,0.594760752586463,0,0,0,0,0,1.18952150517293,0,1.18952150517293,1.78428225775939,0,0,0,0,0.594760752586463,0,0,0,1.18952150517293,0,0,0,0,0,0,1.18952150517293,0.594760752586463,0,0,0,0,0,0,0.594760752586463,0,0,0,0,0,1.18952150517293,0,0,0
"term",0,0,0,0,0.428429330819938,0,0.428429330819938,0.428429330819938,2.99900531573957,0,0.428429330819938,0.856858661639876,0.428429330819938,1.71371732327975,2.14214665409969,0,0,0.428429330819938,1.71371732327975,0,0,0.428429330819938,1.28528799245981,0.428429330819938,0,0.428429330819938,0.428429330819938,0,0.428429330819938,0,0,0,0.428429330819938,0,0.428429330819938,0,0,0,0,0,0.428429330819938,0,0,0,0.428429330819938,0,0,0.428429330819938,0,0,0,0,0,0,0,0,0,0,0
"calculate",0,0,0,0,0.729459326483919,0,0,0.729459326483919,0.729459326483919,0,0.729459326483919,0,0.729459326483919,1.45891865296784,0,0.729459326483919,0.729459326483919,1.45891865296784,0,0,0.729459326483919,0,0,0,0,0,0,0,0,0,0,0,0,0,0,0,0,0,0,0,0,0.729459326483919,0,0,0,0,0,0,0,0,0,0,0,0,0,0,0,0,0
"inseparable",0,0,0,0,0.816609502202819,0,0.816609502202819,0,0.816609502202819,0.816609502202819,0,0,1.63321900440564,0,0,0,0,0,0,0,0,0,0.816609502202819,0,0,0,0,0,0,0.816609502202819,0,0,0,1.63321900440564,0.816609502202819,0,0,0,0,0,0,0,0,0,0,0,0,0,0,0,0,0,0,0,0,0,0,0,0
"word",0,0,0,0,0.372912002970107,0,0,0,0,0.372912002970107,0,0,0,1.49164801188043,0,0,0.745824005940213,0,0.372912002970107,0,0,0,0,0,0,0,0,0.372912002970107,0,0.372912002970107,0.372912002970107,0,0,0,0,0,0,0,1.11873600891032,0.372912002970107,0,0.372912002970107,0,1.11873600891032,0.372912002970107,1.11873600891032,0,0.372912002970107,0.745824005940213,0.372912002970107,2.61038402079075,0.372912002970107,0.372912002970107,0,0.745824005940213,1.49164801188043,1.49164801188043,0.372912002970107,0.745824005940213
"whether",0,0,0,0,1.11873600891032,0,0,0.372912002970107,0.372912002970107,0.372912002970107,0,0,0.745824005940213,0.372912002970107,1.86456001485053,0,0.745824005940213,1.11873600891032,0.372912002970107,0,0.745824005940213,0,0,0.372912002970107,0,0,0,0.372912002970107,0,0,1.86456001485053,1.11873600891032,0.745824005940213,0,0,0.372912002970107,0,0.745824005940213,0,0,0,0,0.372912002970107,0.745824005940213,0,0.372912002970107,0,0,0,0,0.372912002970107,0.372912002970107,0,0,0,1.49164801188043,0,1.11873600891032,0
"ill",0,0,0,0,0.867762024650201,0,0,0,0,0,0,0,0,0,0,0,0,0,1.7355240493004,0,0,0,0,0,0,0,0,0,0,0,0,0,0,0.867762024650201,0,1.7355240493004,0,0,0,0,0,0,0,0.867762024650201,0,0,0,0,0.867762024650201,0,0,0,0,0,0,1.7355240493004,0.867762024650201,0,0
"establishment",0,0,0,0,0.515579506538838,0.515579506538838,0,0.515579506538838,1.03115901307768,0.515579506538838,0.515579506538838,0,0,0,0,0,0,0,0,0,0,0,0,0.515579506538838,0,1.03115901307768,0,0,0.515579506538838,0,0.515579506538838,0,0,0.515579506538838,0.515579506538838,1.03115901307768,0.515579506538838,0.515579506538838,0,0,0,0,0,0,0,0,0,0,0.515579506538838,0.515579506538838,0,0,0,0,0,0,0,0.515579506538838,0
"tax",0,0,0,0,1.08080618052774,0,0,0.54040309026387,1.62120927079161,0.54040309026387,0,0.54040309026387,0,0,3.24241854158322,0,0,0,0,0,0,0,0,0,0,0,1.08080618052774,0.54040309026387,0,0,1.08080618052774,0,0,0.54040309026387,4.86362781237483,0,0.54040309026387,0,0,0,0,0,0,0,0,0,0,0,2.16161236105548,3.24241854158322,0,0,0,0.54040309026387,0,0,0.54040309026387,0.54040309026387,0
"officer",0,0,0,0,1.24944795192781,0,0.624723975963906,0,0.624723975963906,0,1.24944795192781,0,0,4.37306783174734,1.87417192789172,1.24944795192781,0.624723975963906,0,0,0,0,0,1.87417192789172,0.624723975963906,0,4.99779180771125,0,0,0.624723975963906,0,1.24944795192781,0,0,0,0,0.624723975963906,0,0,0,0,0,0,0,0,0,0,0,0,0,0,0,0,0,0,0,0,0,0,0
"already",0,0,0,0,0.428429330819938,0,0.428429330819938,0.856858661639876,0.428429330819938,0,0,0,1.28528799245981,0.428429330819938,0.856858661639876,0,0,0,0,0.428429330819938,0,0,0,0.856858661639876,0,0.428429330819938,0.428429330819938,0.428429330819938,2.14214665409969,0,0.428429330819938,0,0,0,1.71371732327975,0,0,0.856858661639876,0,0,0.428429330819938,0,0,0,0,0,0,0.428429330819938,0,0.428429330819938,0,0.428429330819938,0.428429330819938,0,0,0.428429330819938,0,0,0
"begin",0,0,0,0,0.279490317807872,0,0,0,0,0,0,0,0.279490317807872,0.279490317807872,0,0,0,0.279490317807872,0,0,0,0.558980635615743,0.558980635615743,0.279490317807872,0,0.558980635615743,0.279490317807872,0.279490317807872,0.279490317807872,0,0,0.838470953423615,0,0.558980635615743,0.558980635615743,0.279490317807872,0,0.838470953423615,0,0,0.558980635615743,0.558980635615743,0,1.11796127123149,0,0.838470953423615,0.279490317807872,0.558980635615743,1.39745158903936,1.67694190684723,1.11796127123149,0.558980635615743,0.558980635615743,0.558980635615743,0,0.838470953423615,0.558980635615743,0,0.279490317807872
"process",0,0,0,0,0.729459326483919,0,0,0,0,0.729459326483919,0,0,0,1.45891865296784,0,0,0,0,0,0,0,0,0,0,0,0,0,0,0,0,1.45891865296784,2.91783730593568,1.45891865296784,0,0,1.45891865296784,0,1.45891865296784,0.729459326483919,0,0,0,0,0,0,0,0,0,0.729459326483919,0,0,0.729459326483919,0,0,0,0,0,0,0
"scarcely",0,0,0,0,0.729459326483919,0,0.729459326483919,0.729459326483919,0.729459326483919,0,0,0,1.45891865296784,1.45891865296784,0,0,0,0.729459326483919,0.729459326483919,0,0,1.45891865296784,0,0,0,0.729459326483919,0,0,0,0,0,0,0,0,0,0,0,0,0,0,0,0,0,0,0,0,0,0,0,0,0,0,0,0,0,0.729459326483919,0,0,0
"property",0,0,0,0,1.24944795192781,0,0,2.49889590385562,1.24944795192781,0,0.624723975963906,0,0,0.624723975963906,0,0,0,0,1.87417192789172,0,0.624723975963906,0,0,0,1.24944795192781,0,0,0,1.24944795192781,0,1.24944795192781,0.624723975963906,0,0,4.37306783174734,0.624723975963906,0.624723975963906,0,0,0,0,0,0,0,0,0,0,0,0,0,0,0,0,0,0,0,0,0,0
"amount",0,0,0,0,0.867762024650201,0,0,1.7355240493004,0,0,0,0,0.867762024650201,3.4710480986008,1.7355240493004,0,0,0.867762024650201,0,0,0,0,0,0,0,0,0,0.867762024650201,0,0,0,0,0,0,0,0,0,1.7355240493004,0,0,0,0,0,0,0,0,0,0,0,0,0,0,0,0,0,0,0,0,0
"pay",0,0,0,0,1.28528799245981,0,0,0.428429330819938,0,0,0,0,0.856858661639876,0,1.28528799245981,0,0,0,0,0.428429330819938,3.4274346465595,0.428429330819938,0,0.428429330819938,0,0,0.856858661639876,1.28528799245981,0.428429330819938,0.428429330819938,1.28528799245981,0,0,0,0.428429330819938,0.428429330819938,0.428429330819938,0.428429330819938,0,0,0,0,0.856858661639876,0.428429330819938,0,0,0,0,1.28528799245981,0.428429330819938,0,0,0,0,0,0,0.428429330819938,0,0
"approve",0,0,0,0,2.6032860739506,0,0,0,0,0,0,0,0.867762024650201,1.7355240493004,0,0,0,0.867762024650201,0,0,0,0,0,0,0,0.867762024650201,0,0.867762024650201,0,0,0.867762024650201,0,0,0,0,0,0,0,0,0,0,0,0,0,0,0,0,0,0,0.867762024650201,0,0,0,0,0,0,0,0,0
"revenue",0,0,0,0,1.62120927079161,0.54040309026387,0,1.08080618052774,4.86362781237483,0.54040309026387,1.62120927079161,0,0,2.70201545131935,7.56564326369418,0,0,1.08080618052774,0,0,1.08080618052774,0,0,0,0.54040309026387,3.24241854158322,0.54040309026387,8.10604635395805,0.54040309026387,0,2.16161236105548,0,0,0,1.62120927079161,0,0,0,0,0,0,0,0,0,0,0,0,0,0,0,0,0,0,0,0,0,0,0,0
"afford",0,0,0,0,0.448632716908225,0,0,1.34589815072467,3.5890617352658,0.448632716908225,0,0,0,1.34589815072467,1.34589815072467,0,0.448632716908225,0.448632716908225,0.448632716908225,0,0,0.448632716908225,0,0.89726543381645,0,0,0,0,0.448632716908225,0,0.89726543381645,0.448632716908225,0,0,0,0,0,0,0,0,0.448632716908225,0,0,0,0,0.448632716908225,0,1.34589815072467,0,0,0.448632716908225,0,0,0.448632716908225,0,0.89726543381645,0.448632716908225,0,0
"comfort",0,0,0,0,2.07501229678356,0,0.691670765594519,0.691670765594519,0,0.691670765594519,0,0,0,0,0,0,0,0,0,0,0,0,0,0,0,1.38334153118904,0.691670765594519,0,0,0,0.691670765594519,0,0,0,0,1.38334153118904,0,2.07501229678356,0,0,0,0.691670765594519,0,0.691670765594519,0,0,0,0,0,0,0,0,0,0.691670765594519,0,0,0,0,0
"current",0,0,0,0,1.54170402328429,0,0,0,0.770852011642144,0,0,0,0,0,0,0,0,0,0.770852011642144,0,0,0,0,0,0,0,0,0.770852011642144,0.770852011642144,0,0.770852011642144,0,2.31255603492643,0,0.770852011642144,0,0.770852011642144,0,0,0,0,0,0,0,0,0,0,0,0,0,0,0,0,0,0,0.770852011642144,0,0,0
"fulfill",0,0,0,0,0.656908659335307,0.656908659335307,0,0,0,0,0,0.656908659335307,0.656908659335307,0.656908659335307,0,0,1.97072597800592,0,0,0,0,0,0,0.656908659335307,0,0,0,0,0,0,0.656908659335307,0,0,0,0,0,0,0,0,0,0,0,0.656908659335307,0,0,0,0,0,0,0.656908659335307,0.656908659335307,0,0,0.656908659335307,1.97072597800592,0,0,0,0
"contract",0,0,0,0,1.07188200730613,0,0,0,0,0,0,0,0,1.07188200730613,3.21564602191838,0,0,0,3.21564602191838,0,3.21564602191838,0,0,0,0,0,0,0,0,0,0,0,0,0,0,0,0,0,0,0,0,0,0,0,0,0,0,0,0,0,0,0,0,0,0,0,0,0,0
"soil",0,0,0,0,0.624723975963906,0,0,1.24944795192781,0.624723975963906,1.87417192789172,0,0,0,0.624723975963906,2.49889590385562,0,0.624723975963906,0,0.624723975963906,0,0,0,0,0.624723975963906,0,0,0,0,0,0,0,0,0,0.624723975963906,0,0,0,0,0,0,0,0.624723975963906,0.624723975963906,0,0,0,0,0,0,0,0,0,0,0.624723975963906,0,0.624723975963906,0,0,0
"extend",0,0,0,0,0.781281539861076,0,0,1.95320384965269,1.17192230979161,1.56256307972215,0,0,1.17192230979161,0,4.68768923916646,0.390640769930538,0.390640769930538,1.17192230979161,0.781281539861076,0.781281539861076,0,0,0.390640769930538,0.781281539861076,0,0,0,0.390640769930538,0,0,0.390640769930538,0,0,0,0.781281539861076,1.56256307972215,0,0.390640769930538,0,0,0.390640769930538,0,0,0,0,0.390640769930538,0,0,0,0,0,0,0.781281539861076,0,0.390640769930538,0.781281539861076,0.390640769930538,0,0
"apply",0,0,0,0,1.45891865296784,0.729459326483919,0,0,0.729459326483919,0,0,0,0,4.37675595890351,0,0,0,0.729459326483919,0,0,0,0,0,0,0,2.18837797945176,0,0,0,0,0,0,0,0,2.18837797945176,0,0.729459326483919,0,0,0,0.729459326483919,0.729459326483919,0,0,0,0,0,0,0,0,0,0,0,0,0,0.729459326483919,0,0,0
"surplus",0,0,0,0,0.867762024650201,0,0,1.7355240493004,0,0,0,0,0,0,0,0,0,1.7355240493004,0,0,0,0,0,0,0.867762024650201,1.7355240493004,0,3.4710480986008,0.867762024650201,0,0,0,0,0,0,0,0,0,0,0,0,0.867762024650201,0,0,0,0,0,0,0,0,0,0,0,0,0,0,0,0,0
"short",0,0,0,0,1.18952150517293,0,0.594760752586463,0,1.18952150517293,0,0,0,0,1.18952150517293,0.594760752586463,0,0,0.594760752586463,1.18952150517293,0,0,0,0,0.594760752586463,0,0.594760752586463,0,0,0,0,0,0,0,0.594760752586463,0,0.594760752586463,0,0,0,0,0,0,0,0,0.594760752586463,0.594760752586463,0,0,0.594760752586463,0,0,0,0,0,0,1.18952150517293,0,0,0
"thereby",0,0,0,0,0.816609502202819,0,0,0,0.816609502202819,0,0.816609502202819,0.816609502202819,0,0,0.816609502202819,0,0,0,0,0,0,0,0,0,0,0,0,0,0.816609502202819,0,1.63321900440564,0,0,0,0,1.63321900440564,0,0,0,0,0,0.816609502202819,0,0,0,0,0,0,0,0,0,0,0,0,0,0,0,0,0
"amendment",0,0,0,0,0.867762024650201,0,0,0,0,0,0,0,0,2.6032860739506,0,0,0,0,4.338810123251,0,0.867762024650201,0,0.867762024650201,0,0.867762024650201,0,0,0,0,0,9.54538227115221,0,0,0,0,4.338810123251,0,0,0,0,0,0,0,0,0,0,0,0,0,0,0,0,0,0,0,0,0,0,0
"river",0,0,0,0,0.729459326483919,0,0,1.45891865296784,3.6472966324196,0,0,0,0,0,0.729459326483919,0.729459326483919,0,0.729459326483919,0,0,0,0,0,0,0,0,0,0,0,0,0.729459326483919,0,0,0,0,0,0,0,0,0,0,0.729459326483919,0.729459326483919,0,0,0,0,0,0.729459326483919,0,0,0,0,0,0,0.729459326483919,0,0,0
"canal",0,0,0,0,0.992700761258501,0,0,0.992700761258501,0,0,0,0,0,0,0,0,0,0.992700761258501,0,0,0,0,0,1.985401522517,0,0,0,0,0,0,6.9489053288095,0,0,0,0,0,0,0,0,0,0,0,0.992700761258501,0,0,0,0,0,0,0,0,0,0,0,0,0,0,0,0
"art",0,0,0,0,2.18837797945176,0.729459326483919,0.729459326483919,0,0.729459326483919,0,0,0,0,0,2.18837797945176,0,0.729459326483919,0,0,0,0,0.729459326483919,0,0,0,0,0,0,0,0,0,0,0,0,0,0.729459326483919,0,0,0,0,0.729459326483919,0,0,0.729459326483919,0,0,0,0,0.729459326483919,0,0,0,0,0,0,0,0,0,0
"education",0,0,0,0,0.448632716908225,0,0,0,0.448632716908225,0,0,0,0,0,0,0,0,0,0,0,0,0.89726543381645,0.448632716908225,0.448632716908225,0.448632716908225,1.7945308676329,0.448632716908225,0.448632716908225,0,0,0.89726543381645,0,0,0.448632716908225,0.448632716908225,3.14042901835757,0,0.448632716908225,0,0,0,0,0.448632716908225,0,0,0.448632716908225,0.448632716908225,0,0.448632716908225,0,0.448632716908225,0,0.89726543381645,0,0,0,0,0.448632716908225,0
"injustice",0,0,0,0,0.691670765594519,0.691670765594519,0,0.691670765594519,0,0.691670765594519,0,0,0,0.691670765594519,0.691670765594519,0,0,0,0,0,0,0,0,0,0,0,0.691670765594519,0,0,0,0.691670765594519,0,0,0,0.691670765594519,0,0,1.38334153118904,0,0,0,0,0,0,0.691670765594519,0,0,0.691670765594519,0,0,0,0,0,0,0,0,0,0,0
"population",0,0,0,0,0.939644031956326,0,0,0,0.939644031956326,0.469822015978163,0.469822015978163,0,1.40946604793449,0.469822015978163,2.81893209586898,0,1.40946604793449,0,0,0.469822015978163,0,0,0,0.939644031956326,0.469822015978163,1.40946604793449,0,0.469822015978163,0.469822015978163,0.469822015978163,0.469822015978163,0,0,0,0,0.469822015978163,0.469822015978163,0.469822015978163,0,0,0,0,0.469822015978163,0,0,0,0,0,0,0,0,0,0,0,0,0,0,0,0
"reserve",0,0,0,0,2.07501229678356,0.691670765594519,0,0,0,0,0.691670765594519,0,0,3.4583538279726,2.76668306237808,0,0,0.691670765594519,0,0,0,0,0.691670765594519,0.691670765594519,0.691670765594519,0,0,2.07501229678356,0,0,0,0,0,0,0,0,0,0,0,0,0,0,0,0,0,0,0,0,0.691670765594519,0,0,0,0,0,0,0,0.691670765594519,0,0
"useful",0,0,0,0,0.691670765594519,0.691670765594519,0,1.38334153118904,1.38334153118904,0,0,0,0,0,0,0,0,0.691670765594519,0,0,0,0.691670765594519,0,0,0,0,0,0.691670765594519,0,0,1.38334153118904,0,0,0,0.691670765594519,0.691670765594519,0,0.691670765594519,0,0,0.691670765594519,0,0,0,0,0,0,0,0,0,0,0,0,0,0,0,0,0,0
"progress",0,0,0,0,0.202650287575149,0.202650287575149,0.405300575150298,0.202650287575149,1.01325143787575,0.202650287575149,0,0,0.405300575150298,0.405300575150298,0.202650287575149,0,0,0.810601150300597,0,0.202650287575149,0,0.405300575150298,0.202650287575149,0.202650287575149,0,0.405300575150298,0,0.405300575150298,0.405300575150298,0,1.2159017254509,0,0,1.01325143787575,0,3.24240460120239,0.405300575150298,1.41855201302604,0.202650287575149,0,0.405300575150298,0,0.607950862725448,0.202650287575149,0.202650287575149,0.202650287575149,1.01325143787575,0,0.405300575150298,1.2159017254509,0.202650287575149,0,0.405300575150298,0,0.405300575150298,0.202650287575149,0.202650287575149,0,0.405300575150298
"apprehension",0,0,0,0,0.867762024650201,0,0,0,0,0,0,0,3.4710480986008,1.7355240493004,1.7355240493004,0,1.7355240493004,0,1.7355240493004,0,0,0.867762024650201,0,0,0,0,0,0,0,0,0,0,0.867762024650201,0,0,0,0,0,0,0,0,0,0,0,0,0,0,0,0,0,0,0,0,0,0,0,0,0,0
"territory",0,0,0,0,0.54040309026387,0,0,1.08080618052774,2.70201545131935,0.54040309026387,0,0,0.54040309026387,0.54040309026387,4.32322472211096,0,1.62120927079161,5.94443399290257,1.62120927079161,0,0,2.16161236105548,0,1.08080618052774,1.08080618052774,3.78282163184709,0,0,0,0,0,0,0,0,0,0,0.54040309026387,0,0,0,0.54040309026387,0,0,0,0,0.54040309026387,0,0,0,0,0,0,0,0,0,0,0,0,0
"extent",0,0,0,0,0.54040309026387,0,0,1.62120927079161,3.78282163184709,1.08080618052774,0.54040309026387,0.54040309026387,0.54040309026387,1.62120927079161,0,0.54040309026387,0,0,1.08080618052774,0,0,0,0,0,0,0.54040309026387,1.08080618052774,0.54040309026387,0,0,0.54040309026387,0,0,0,0,0.54040309026387,0.54040309026387,0,0,0,0,0,0,0,0,0,0,0,0.54040309026387,0,0,0,0,0,0,0,0,0,0
"passion",0,0,0,0,1.08080618052774,0.54040309026387,0,0,0,1.08080618052774,0,0,0.54040309026387,3.78282163184709,0,0,1.08080618052774,0.54040309026387,0.54040309026387,0,0,0,0,0,0,0.54040309026387,0.54040309026387,0.54040309026387,0,0,0,0.54040309026387,0.54040309026387,1.08080618052774,0,0,0,0,0,0,0,0,0.54040309026387,0,0,0,0,0.54040309026387,0,0,0,0,0,0,0,0,0.54040309026387,0,0
"bank",0,0,0,0,0.867762024650201,0,0,0,0,0,0,0,0,0.867762024650201,0.867762024650201,0,0,0,0,0,0,0,0,0,0,0,0,0.867762024650201,0,0,4.338810123251,0.867762024650201,0,0,0,0,1.7355240493004,0,0,0,0,0,0,0,0,0,0,0,0,0,0.867762024650201,0,0,0,0,0,0,0,0
"settle",0,0,0,0,0.54040309026387,0,0,0,1.62120927079161,1.08080618052774,0,0,0.54040309026387,1.08080618052774,1.08080618052774,0.54040309026387,0,1.08080618052774,0,0,0.54040309026387,0,1.08080618052774,1.08080618052774,0,0.54040309026387,0,1.62120927079161,1.08080618052774,0,0,0,0,0,0,0,0,0,0,0,0.54040309026387,0,0,0,0,0,0,0,0,0,0,0,0,0,0,1.08080618052774,0.54040309026387,0,0
"child",0,0,0,0,0.390640769930538,0,0,0,0.390640769930538,0,0,0,0.390640769930538,0,0.390640769930538,0,0.781281539861076,0.781281539861076,0,0,0,0,0,1.56256307972215,0,0,0,0,0,0.781281539861076,0,1.17192230979161,0,0,0,0.390640769930538,0,0.390640769930538,0,0.390640769930538,0,0,0,0,1.17192230979161,0.390640769930538,0.390640769930538,0,1.17192230979161,0,1.95320384965269,1.17192230979161,2.73448538951377,1.95320384965269,0,1.56256307972215,1.56256307972215,1.17192230979161,1.95320384965269
"family",0,0,0,0,0.339488247483157,0,0.339488247483157,0.339488247483157,0,0,0,0,0,0.678976494966314,1.01846474244947,0,0,0.678976494966314,0,0,0,0,0,0.678976494966314,0.339488247483157,0,0,0,0.339488247483157,0,0,0,0.339488247483157,0,0,0,0.339488247483157,0.678976494966314,0,0,0.339488247483157,0.339488247483157,0.339488247483157,0,0.678976494966314,0,0,0.339488247483157,0.339488247483157,1.01846474244947,0,1.01846474244947,1.01846474244947,0.339488247483157,0.339488247483157,0.339488247483157,0.339488247483157,1.01846474244947,0.339488247483157
"likely",0,0,0,0,0.992700761258501,0,0,0,0,0,0,0,0,2.9781022837755,0,0,0,0,0,0,0.992700761258501,0,0,0,0,0,0,0,0,0,6.9489053288095,0,0,0.992700761258501,0,0,0,0,0,0,0,0,0,0,0,0,0,0,0,0,0.992700761258501,0,0,0,0,0,0,0,0
"matter",0,0,0,0,0.390640769930538,0,0,0,0,0,0,0,0.390640769930538,1.17192230979161,0,0.390640769930538,0.390640769930538,0.390640769930538,1.17192230979161,0,0,0.390640769930538,0.390640769930538,0,0,0.390640769930538,0,0.390640769930538,0.390640769930538,0,1.56256307972215,0.390640769930538,1.17192230979161,0,0.390640769930538,1.17192230979161,0,0,0.390640769930538,0,0,0.781281539861076,0,0,0,0,0,0,0.390640769930538,0.390640769930538,0.781281539861076,0,0,0,0,0,0.390640769930538,0.390640769930538,0
"direction",0,0,0,0,0.594760752586463,0,0,0,1.18952150517293,0,0,0,0.594760752586463,1.78428225775939,0,0,0.594760752586463,0,0,0,0,0.594760752586463,0,0,0,0.594760752586463,0,0.594760752586463,1.18952150517293,0,0.594760752586463,0,0,0,2.37904301034585,0.594760752586463,0.594760752586463,0,0,0,0,0,0,0,0,0,0,0,0,0,0,0,0,0.594760752586463,0.594760752586463,0,0,0,0
"several",0,0,0,0,1.13346405797244,0,0,1.13346405797244,2.26692811594488,0.56673202898622,0,1.13346405797244,0,2.26692811594488,0,0,0,0.56673202898622,0.56673202898622,0,0,0,1.70019608695866,0.56673202898622,0,0.56673202898622,0,1.13346405797244,0.56673202898622,0,0.56673202898622,0,0,0,0,0,0.56673202898622,0,0,0,0,0,0,0,0,0,0,0,0.56673202898622,0,0,0,0,0,0,0,0,0,0
"inhabitant",0,0,0,0,0.925753971627887,0,0,0.925753971627887,0,0.925753971627887,0,0,0,0,0,0,0,0.925753971627887,0,0,0,0,0,0.925753971627887,0,0,0,0,4.62876985813944,0,0,0,0,0,0,0,0,0,0,0,0,0,0,0,0,0,0,0,0,0,0,0,0,0,0.925753971627887,0,0,0,0
"direct",0,0,0,0,0.818248351249103,0.409124175624551,0,0,0.409124175624551,0.409124175624551,0,0,0.409124175624551,0.818248351249103,0.818248351249103,0.409124175624551,0.409124175624551,0.409124175624551,0.409124175624551,0.409124175624551,0,0.409124175624551,0,0.409124175624551,0,0.409124175624551,0.409124175624551,0.818248351249103,0,0,1.6364967024982,0,0,0.409124175624551,0,0.818248351249103,0.818248351249103,0,0.409124175624551,0,0,0,0,0,0,0,0,0,0,0,0,0,0,0.818248351249103,0,0,0,0,0
"drive",0,0,0,0,0.816609502202819,0,0,0,1.63321900440564,0,0,0,0,0,0,0,0,0,0,0,0,0,0,0.816609502202819,0,0,0,0,0,0,0,0,0,0,0,0,0,1.63321900440564,0,0,0,0,0,0,0,0.816609502202819,0,0,0,1.63321900440564,0.816609502202819,0,0,0,0,0,0.816609502202819,0,1.63321900440564
"reduce",0,0,0,0,0.515579506538838,0.515579506538838,0,0,0.515579506538838,1.03115901307768,0,0,0,0,0,0,0,0,0,0,0,0,0,0,0,0.515579506538838,0.515579506538838,0,0.515579506538838,0,1.03115901307768,0,0,1.03115901307768,0,0.515579506538838,0.515579506538838,0,0,0,0.515579506538838,0,0,0,0,0.515579506538838,1.03115901307768,0,0.515579506538838,3.60905654577187,0,0,0,0.515579506538838,0,0,0.515579506538838,0,0
"teach",0,0,0,0,0.54040309026387,0,0,0,0,0,1.08080618052774,0,0.54040309026387,0.54040309026387,0.54040309026387,0,0,0,0,0,0,0.54040309026387,0,0,0,0,0.54040309026387,1.08080618052774,0,0,0,0,0,0,0,0,0.54040309026387,0,0,0,0,0.54040309026387,0,0,0.54040309026387,0,0.54040309026387,0,0.54040309026387,0,0.54040309026387,0,1.08080618052774,1.08080618052774,0,0,0,0,1.08080618052774
"furnish",0,0,0,0,0.691670765594519,0,0,0,0,0,0,0,0.691670765594519,0.691670765594519,0,0.691670765594519,2.07501229678356,0.691670765594519,0.691670765594519,0,0,0,0,0.691670765594519,0,0,1.38334153118904,0,0.691670765594519,0,2.76668306237808,0,0,0,0,0,0,0,0.691670765594519,0,0,0,0,0,0,0,0,0,0,0,0,0,0,0,0,0,0,0,0
"fate",0,0,0,0,0.729459326483919,0,0,0,0,0.729459326483919,0,0,0.729459326483919,0,0,0,0,0,0,0,0,0,0,0,0,0,0,0,0,0,0,0,0,0,0,0,0,0,0.729459326483919,0,0,0,2.18837797945176,0,0.729459326483919,0,0,0.729459326483919,1.45891865296784,0,0,0.729459326483919,0,0,0,0.729459326483919,0,0,0.729459326483919
"follow",0,0,0,0,0.279490317807872,0,0.279490317807872,0.279490317807872,0.279490317807872,0.279490317807872,0,0.279490317807872,0.279490317807872,0,0.279490317807872,0,0,0.279490317807872,0.838470953423615,0,0.558980635615743,0,0.838470953423615,0.279490317807872,0,0,0.558980635615743,0.279490317807872,0.558980635615743,0,0.279490317807872,0,0,0.279490317807872,0.838470953423615,0.838470953423615,0.279490317807872,0.279490317807872,0.279490317807872,0,0.279490317807872,0,0,0,0.279490317807872,0,0,0,0,0.279490317807872,0,0,0.279490317807872,0.558980635615743,0,0,0.279490317807872,0.558980635615743,0.279490317807872
"dictate",0,0,0,0,0.729459326483919,0,0,0.729459326483919,0.729459326483919,0,0,0,0.729459326483919,0.729459326483919,0.729459326483919,0.729459326483919,0,0,0,0,0,0,0,0,0.729459326483919,0,0.729459326483919,0,0,0,0,0,0,0,0,0,0,0,0,0,0,0.729459326483919,0,0,0,0,0,0.729459326483919,0,0,0,0,0,0,0,0,0,0,0
"powerful",0,0,0,0,0.469822015978163,0,0.469822015978163,0.469822015978163,1.87928806391265,0,0.939644031956326,0,0.469822015978163,1.87928806391265,0.939644031956326,0,0.469822015978163,0.469822015978163,0,0.469822015978163,0,0,0,0,0,0,0.469822015978163,0,0,0,0,0.469822015978163,0,0,0,0,0,0,0,0,0.469822015978163,0,0,0.939644031956326,0,0,0,0.939644031956326,0,0.469822015978163,0,1.40946604793449,0,0,0,0.469822015978163,0.939644031956326,0,0
"ignorance",0,0,0,0,1.7355240493004,0,0,0,0.867762024650201,0,0,0,0,0,0,0,0,0,0,0,0,0,0,2.6032860739506,0,0.867762024650201,0,0,0,0,0,0.867762024650201,0,0,0.867762024650201,0,0,0,0,0,0,0,0,0,0,0,0,0.867762024650201,0,0,0,0,0,0.867762024650201,0,0,0,0,0
"nothing",0,0,0,0,0.372912002970107,0,0.372912002970107,1.11873600891032,0,0,0,0,0.372912002970107,2.23747201782064,0.745824005940213,0,1.11873600891032,0.372912002970107,0.745824005940213,0,0,0,0,0,0.745824005940213,0.372912002970107,0.372912002970107,2.23747201782064,0,0,0.745824005940213,0,1.11873600891032,0,0.745824005940213,0,0,0,0,0,0,0.745824005940213,0.372912002970107,0,0.372912002970107,0.372912002970107,0,0,0.745824005940213,0,0.372912002970107,0.745824005940213,0.372912002970107,0,0,0.745824005940213,0,0,0
"custom",0,0,0,0,0.770852011642144,0,0,0,0,0,0,0,0,0.770852011642144,0,0.770852011642144,0,0,0.770852011642144,0,0,0,0.770852011642144,0,0.770852011642144,0,0,0.770852011642144,0,0,1.54170402328429,0,0,0,0,0,0,0,0,0,0,0,0,0,0,0,0,0,0,0.770852011642144,0,0,0,0,0.770852011642144,0,0,0,0
"false",0,0,0,0,4.0830475110141,0,0,0,0,0,0,0,0,1.63321900440564,0,0,0,0,0,0,0,0,0,0,0,0,0,0,0,0.816609502202819,0,0,0,0,0.816609502202819,0,1.63321900440564,0,0,0,1.63321900440564,0.816609502202819,0,0,0,0,0.816609502202819,0,0,0,0,0,0,0,0,1.63321900440564,0,0,0
"counsel",0,0,0,0,0.594760752586463,0.594760752586463,0.594760752586463,0,0,0.594760752586463,0,0,0.594760752586463,0,0,0,1.78428225775939,0,0,0,0.594760752586463,0,0.594760752586463,0,0,0,0.594760752586463,0,0,0,0,1.78428225775939,3.56856451551878,0.594760752586463,1.78428225775939,0,0,0,0,0,0,0,1.18952150517293,0,0,0,0,0,0,0,0,0,0,0,0.594760752586463,0,0,0,0
"also",0,0,0,0,0.265702033322238,0,0.265702033322238,0,1.06280813328895,0,0,0,1.06280813328895,1.06280813328895,0.531404066644476,0,0.265702033322238,0.531404066644476,0.531404066644476,0,0.265702033322238,0,0.531404066644476,0,0,0,0.797106099966715,0.265702033322238,0,0.265702033322238,0.797106099966715,0.531404066644476,0,0.265702033322238,0,0.265702033322238,0,0.265702033322238,0.265702033322238,0,0.265702033322238,0.265702033322238,0.265702033322238,0,0,0.531404066644476,0.531404066644476,0.265702033322238,0,0.265702033322238,0,0,0,0.265702033322238,0.797106099966715,0.531404066644476,0.531404066644476,0,0.265702033322238
"weight",0,0,0,0,0.691670765594519,0.691670765594519,0.691670765594519,0,0.691670765594519,0,0,0,0.691670765594519,0,0,0,0.691670765594519,0,0,0,0,0,0,0,0,0,0,0,0,0,0.691670765594519,0.691670765594519,0,0.691670765594519,0.691670765594519,0,0,0,0,0,0.691670765594519,0,1.38334153118904,0,0,0,0,0,0,0,0,0,0,0,0,0,0,0,0
"strengthen",0,0,0,0,0.339488247483157,0,0.339488247483157,0,0,0,0.339488247483157,0.339488247483157,1.01846474244947,0.339488247483157,0.678976494966314,0,0.339488247483157,0,0,0.339488247483157,0.339488247483157,0,0,1.01846474244947,0.339488247483157,0.339488247483157,0,1.35795298993263,0,0,0,0,0,1.01846474244947,0.339488247483157,1.01846474244947,0,0,0,0,2.03692948489894,0.678976494966314,0,0.339488247483157,0,0.339488247483157,0,0.339488247483157,0.339488247483157,0.339488247483157,0,0,0.678976494966314,0,0,0.339488247483157,0.339488247483157,0,0
"sound",0,0,0,0,0.390640769930538,0,0,0.390640769930538,0.390640769930538,0,0,0,0.390640769930538,0.390640769930538,1.17192230979161,0,0.390640769930538,0.390640769930538,0,0,0,0,0,0.390640769930538,0.390640769930538,0,0.390640769930538,0.390640769930538,0.390640769930538,0,0,0.781281539861076,0,0.781281539861076,1.56256307972215,0.390640769930538,0.781281539861076,0,0,0,0.390640769930538,0,0,0,0,0,0,0,0,1.17192230979161,0.781281539861076,0.390640769930538,0,0,0.390640769930538,0,0,0,0.781281539861076
"legislative",0,0,0,0,0.691670765594519,0,0,0,0,2.07501229678356,0,0,0,5.53336612475615,1.38334153118904,1.38334153118904,0,0,0,0,0,0,0,0.691670765594519,0,0,1.38334153118904,0,0.691670765594519,0,0.691670765594519,0,0,0,1.38334153118904,1.38334153118904,0.691670765594519,0,0,0,0,0,0,0,0,0,0,0,0,0,0,0,0,0,0,0,0,0,0
"able",0,0,0,0,0.624723975963906,0,0,1.24944795192781,0.624723975963906,0,0.624723975963906,0,0,0,0,0.624723975963906,0,0,0,0,0,0,1.24944795192781,0,0,1.87417192789172,0,0,0,1.24944795192781,1.87417192789172,0.624723975963906,0,0,0.624723975963906,0,0,0,0,0,0,0,0,0,0,0,0.624723975963906,0.624723975963906,0,0,0,0.624723975963906,0,0,0,0,0,0,0
"disturb",0,0,0,0,0.729459326483919,0,0,0,0,0,0.729459326483919,0,2.18837797945176,0,1.45891865296784,0,1.45891865296784,0,0,0,0,0,0,2.18837797945176,0,0,0,0.729459326483919,0.729459326483919,0,0.729459326483919,0,0,0.729459326483919,0.729459326483919,0,0,0,0,0,0,0,0,0,0,0,0,0,0,0,0,0,0,0,0,0,0,0,0
"tend",0,0,0,0,0.729459326483919,0,0,0,0,0,0,0.729459326483919,0.729459326483919,0,1.45891865296784,0.729459326483919,0.729459326483919,0,0,0,0.729459326483919,0.729459326483919,0,0,0,0,0.729459326483919,0.729459326483919,0,0,0.729459326483919,0,0,0,0,0,0,0,0,0,0,0,0,0,0,0,0,0,0,0,0,0,0,0,0,0,0,0,0
"correct",0,0,0,0,1.38334153118904,0,0,0,0.691670765594519,0,0,0,0,2.07501229678356,0,0,0,0,0,0,0,1.38334153118904,0,0,0.691670765594519,0.691670765594519,0,0,0,0,0.691670765594519,0.691670765594519,0.691670765594519,0.691670765594519,0.691670765594519,0,0,0,0,0,0.691670765594519,0,0,0,0,0,0,0,0,0,0,0,0,0,0,0,0,0,0
"servant",0,0,0,0,1.18952150517293,0,0,0,0,0.594760752586463,0,0,0.594760752586463,0.594760752586463,0,0,0.594760752586463,0,0.594760752586463,0,0,0,0,0,0.594760752586463,0.594760752586463,1.18952150517293,0.594760752586463,0,0,0,0,0.594760752586463,0,0,0,0,0.594760752586463,0,0,0,0,0,0,0.594760752586463,0,0,0,0,0.594760752586463,0,0,0,0.594760752586463,0,0,0,0,0
"fully",0,0,0,0,0.56673202898622,0,0,0,0.56673202898622,0,0,0,0.56673202898622,0.56673202898622,0,0,0,0,0.56673202898622,0.56673202898622,0.56673202898622,0,1.70019608695866,0,0,1.13346405797244,0.56673202898622,0.56673202898622,0.56673202898622,0,0.56673202898622,0,0,0,1.70019608695866,1.13346405797244,0,0,0,0,0,0,0,0,0,0.56673202898622,0,0,0,0,0,0,0,0,0,0,0,0,0
"true",0,0,0,0,0.265702033322238,0.531404066644476,0.265702033322238,0,0,0,0,0,0.797106099966715,2.39131829990014,0.797106099966715,0.265702033322238,0.265702033322238,0.531404066644476,0.531404066644476,0.265702033322238,0.265702033322238,0,0.797106099966715,0.265702033322238,0,0,0.265702033322238,1.06280813328895,0.265702033322238,0,0.265702033322238,0,0.797106099966715,0,0.797106099966715,0.531404066644476,0.531404066644476,0.531404066644476,0.531404066644476,0,0,0,0.531404066644476,0,0.265702033322238,0,0.265702033322238,0.531404066644476,0,0,0,0,0.265702033322238,0,0.265702033322238,0.531404066644476,0.531404066644476,0,0
"source",0,0,0,0,0.492098410689315,0.492098410689315,0,0.492098410689315,0.98419682137863,0.98419682137863,0,0,2.46049205344658,1.96839364275726,0.98419682137863,0,0.98419682137863,0.492098410689315,0,0,0,0,0,0.492098410689315,0,0,0,0,0,0,0.492098410689315,0,0,0.492098410689315,0.492098410689315,0,0,0,0,0,0,0.492098410689315,0,0,0,0,0,0,0,0,0,0,0,0,0.492098410689315,0.492098410689315,0.98419682137863,0,0.492098410689315
"gather",0,0,0,0,1.45891865296784,0,0,0,0,0,0,0,0,0.729459326483919,0,0,0.729459326483919,0,0,0,0,0,0,0.729459326483919,0,0,0,0,0,0,0,0,0,0,0,0,0,0,0,0,0,0,0,0,0,0.729459326483919,0.729459326483919,0,0,0,0,0,0.729459326483919,0,1.45891865296784,1.45891865296784,0.729459326483919,1.45891865296784,0
"around",0,0,0,0,0.54040309026387,0,0,0,0,0,0,0,0.54040309026387,0,0.54040309026387,0,1.08080618052774,0.54040309026387,0,0,0,0,0.54040309026387,1.08080618052774,0,0,0,0,0,0,0,0,0,0,0,0.54040309026387,0,0,0,0,0,0,0,1.08080618052774,0,0.54040309026387,0,0,1.08080618052774,0.54040309026387,1.08080618052774,0.54040309026387,0.54040309026387,0,0,0.54040309026387,0,0,0.54040309026387
"serve",0,0,0,0,0.293730756922482,0,0,0,0.293730756922482,0,0,0,0.293730756922482,0.293730756922482,0,0,0,0.293730756922482,0,0,0,0.293730756922482,0.587461513844963,0,0.293730756922482,0.881192270767445,0.293730756922482,0,0.587461513844963,0,0,0.881192270767445,0.293730756922482,0.293730756922482,0.293730756922482,0.293730756922482,0,0,0,0,0,0.587461513844963,0.587461513844963,0.293730756922482,0.293730756922482,0,0.293730756922482,0,0,0.293730756922482,0.293730756922482,0.587461513844963,0.293730756922482,0.293730756922482,0.881192270767445,0.293730756922482,0.293730756922482,0.293730756922482,0
"control",0,0,0,0,0.308454013743188,0,0,0,0,0,0,0.308454013743188,0.925362041229564,4.31835619240463,0.308454013743188,0.308454013743188,0.616908027486376,0,0.616908027486376,0,0,0.616908027486376,0.308454013743188,0.308454013743188,0.308454013743188,0.308454013743188,0.308454013743188,0.925362041229564,0.308454013743188,0,2.4676321099455,0.616908027486376,0.308454013743188,0,0.616908027486376,0,0,0.616908027486376,0,0,0.925362041229564,0,0.308454013743188,0.925362041229564,0.616908027486376,0,0,0,0,0.308454013743188,0,0,0,0,0.308454013743188,0.308454013743188,0,0.616908027486376,0
"intend",0,0,0,0,0.691670765594519,0,0,0,1.38334153118904,0,0,0,0.691670765594519,4.15002459356712,0.691670765594519,0,0.691670765594519,0,0.691670765594519,0,0,0,0,0,0,0,0,0,0,0,1.38334153118904,0,0,0,0,0,0,0,0,0,0,0,0,0.691670765594519,0,0,0,0,0.691670765594519,0.691670765594519,0,0,0,0,0,0.691670765594519,0,0,0
"enforce",0,0,0,0,0.624723975963906,0,0,0,0.624723975963906,0,0,0,0,0,0.624723975963906,0.624723975963906,1.24944795192781,0,3.12361987981953,0,0.624723975963906,0,0,1.24944795192781,1.24944795192781,2.49889590385562,1.24944795192781,0.624723975963906,0,0,2.49889590385562,0,0,0,0,3.12361987981953,0,0,0,0,0,0,0,0,0,0,0,0,0,0,0,0,0,0,0,0,0,0,0
"reform",0,0,0,0,0.515579506538838,0,0,0,0,0,1.03115901307768,0,0,0,1.03115901307768,0,0,0,0,0,0,0,2.57789753269419,0,1.03115901307768,1.54673851961651,1.03115901307768,0.515579506538838,0,0,3.09347703923303,0,0.515579506538838,0,1.03115901307768,0.515579506538838,0,0,0,0,0,0,0,0,0,0,0,0,0,0,0,0.515579506538838,1.03115901307768,1.03115901307768,1.03115901307768,0.515579506538838,0.515579506538838,0,0
"need",0,0,0,0,0.509597340623827,0,0.127399335155957,0.127399335155957,0.127399335155957,0.127399335155957,0,0.127399335155957,0,0,0.38219800546787,0,0.38219800546787,0,0.254798670311913,0.254798670311913,0,0,0.254798670311913,0.127399335155957,0.76439601093574,0.636996675779784,0,0.636996675779784,0.38219800546787,0.127399335155957,0.76439601093574,0.254798670311913,0.127399335155957,0.38219800546787,0.509597340623827,0.254798670311913,0.76439601093574,0.38219800546787,0.127399335155957,0,0.509597340623827,0.636996675779784,0.38219800546787,0.127399335155957,0.127399335155957,1.14659401640361,0.38219800546787,0.127399335155957,0.38219800546787,0.127399335155957,0.891795346091697,0.38219800546787,0.254798670311913,0.38219800546787,0.38219800546787,0.127399335155957,0.38219800546787,0,0.509597340623827
"line",0,0,0,0,0.492098410689315,0,0,0,0.492098410689315,0.492098410689315,0,0,0,1.47629523206795,0,0,0,0.492098410689315,0,0,0,0,0.98419682137863,0,0,0.98419682137863,0,1.47629523206795,0,0,1.47629523206795,0,0,0,0.492098410689315,0,0.492098410689315,0.492098410689315,0.492098410689315,0.492098410689315,0,0,0.492098410689315,0,0,0.492098410689315,0,0,0.492098410689315,0.492098410689315,0,0,0,0,0,0.98419682137863,0,0,0
"draw",0,0,0,0,1.24944795192781,0,0,0.624723975963906,0.624723975963906,0,0,0,0.624723975963906,1.87417192789172,0,0,0,0,0,1.24944795192781,0,0,0,0,0,0,0,0,0,0,0.624723975963906,0,1.87417192789172,0,0,1.24944795192781,0,0.624723975963906,0,0.624723975963906,0.624723975963906,0,0,0,0,0,0,0,0,0,0,0,0,0,0,0.624723975963906,1.24944795192781,0,0
"manifest",0,0,0,0,0.770852011642144,0,0,0,0,0,0,0,0,0,0.770852011642144,0,0.770852011642144,0,0,0,0,0,0,0.770852011642144,0,1.54170402328429,0,0,0,0,0,0,0,0.770852011642144,0.770852011642144,0.770852011642144,0,0,0,0,0.770852011642144,0.770852011642144,0,0,0,0,0,0,0,0,0,0,0,0,0,0,0,0,0
"generally",0,0,0,0,0.770852011642144,0,0,0,0,0,2.31255603492643,0.770852011642144,0.770852011642144,0,0,0,0,0,0.770852011642144,0.770852011642144,0,0,1.54170402328429,0,0,0.770852011642144,0,0,0,0,1.54170402328429,0,0,0.770852011642144,0,0,0,0,0,0,0,0,0,0,0,0,0,0,0,0,0,0,0,0,0,0,0,0,0
"offer",0,0,0,0,0.492098410689315,0,0,0.492098410689315,0,0,0.492098410689315,0,0,0.492098410689315,0,0,0,0,0,0,0,0,0,0.98419682137863,0,0.98419682137863,0,0.98419682137863,0,0.492098410689315,0.492098410689315,0,0,0,0,0.492098410689315,0.98419682137863,0.492098410689315,0,0,0.492098410689315,0,0,0.98419682137863,0,0.98419682137863,0.492098410689315,0,0,0.492098410689315,1.47629523206795,0.492098410689315,0,0,0,0,0,0,0
"strength",0,0,0,0,0.453567934583737,0,0,0.680351901875606,0.680351901875606,0,0,0,0.453567934583737,0,0.226783967291869,0.453567934583737,0.907135869167474,0,0,0,0,0.226783967291869,0,0.226783967291869,0.226783967291869,0.453567934583737,0.680351901875606,0,0,0.226783967291869,0,0.226783967291869,0,0.453567934583737,0,0.453567934583737,0,0,0,0,0.453567934583737,2.26783967291869,0.680351901875606,0.226783967291869,0.453567934583737,0.226783967291869,0.226783967291869,1.58748777104308,1.13391983645934,0.226783967291869,0.680351901875606,0.453567934583737,0.453567934583737,0.226783967291869,0.226783967291869,0.226783967291869,0.453567934583737,0.453567934583737,0.680351901875606
"mass",0,0,0,0,0.691670765594519,0,0,0,0,0,0,0.691670765594519,1.38334153118904,2.07501229678356,1.38334153118904,0,0.691670765594519,0,0,0,0,0,0,0.691670765594519,0,0.691670765594519,0,0,0,0,0,0,0,0,0,0.691670765594519,0,0,0,0,0,1.38334153118904,0,0.691670765594519,0,0,0,0,0,0,0,0,0,0.691670765594519,0,0,0,0,0
"resolve",0,0,0,0,0.469822015978163,0,0,0,0.469822015978163,0,0,0,0,0,0,0.469822015978163,0,0,0.939644031956326,0,0,0.469822015978163,0,0.469822015978163,0,0,0,0,0,0,0,0,0.469822015978163,0.469822015978163,0,0,0,0,0,0.469822015978163,0.939644031956326,0,0.469822015978163,0,0,0,1.40946604793449,0,0.469822015978163,0.939644031956326,0,1.40946604793449,0.469822015978163,0.469822015978163,0.469822015978163,0,1.40946604793449,0,1.40946604793449
"equality",0,0,0,0,0.469822015978163,0,0.469822015978163,0,0.469822015978163,0,0,0,0.469822015978163,0.469822015978163,0.469822015978163,0,0,0.939644031956326,0,0,0,0.469822015978163,0,0.469822015978163,0,0,0.469822015978163,0.469822015978163,0.939644031956326,0,0,0.469822015978163,0.469822015978163,0.939644031956326,0,0.469822015978163,0,0,0,0,0,0.939644031956326,1.40946604793449,0,0,0,0,0.469822015978163,0,0,0,0,0,0,0,0,0.469822015978163,0,0
"complete",0,0,0,0,0.54040309026387,0,0,1.62120927079161,2.16161236105548,0,0,0.54040309026387,0,0,1.08080618052774,0,0,0,0,0,0,0,1.08080618052774,0,0,0,1.08080618052774,0,1.08080618052774,0,1.08080618052774,0.54040309026387,0,0.54040309026387,1.08080618052774,0.54040309026387,0,0,0,0,0,0.54040309026387,0,0,0,0,0,0,0,0,0,0,0,0,0.54040309026387,0,2.70201545131935,0,0.54040309026387
"path",0,0,0,0,0.469822015978163,0.469822015978163,0,0.469822015978163,0,0.469822015978163,0,0,1.87928806391265,0,0.469822015978163,0,0.469822015978163,0,0,0,0,0,0.469822015978163,0,0,0.469822015978163,0.939644031956326,0.469822015978163,0.469822015978163,0,0.469822015978163,0,0.469822015978163,0.469822015978163,0.469822015978163,0,0,0,0,0,0,0,0,0,0,0,0,0,0,0,0.469822015978163,0,0,0,0,0.939644031956326,0.939644031956326,0,0.939644031956326
"heretofore",0,0,0,0,0.729459326483919,0,0.729459326483919,0,2.18837797945176,0.729459326483919,0,0,0,2.18837797945176,0.729459326483919,0.729459326483919,0.729459326483919,0,0.729459326483919,0,0,0,0.729459326483919,0,0,0,0,0,0.729459326483919,0,0,0,0,0,0,0,0,0,0,0,0,0,0,0,0,0,0,0,0,0,0,0,0,0,0,0,0,0,0
"father",0,0,0,0,0.372912002970107,0,0,0,0.372912002970107,0,0,0,0.372912002970107,0.372912002970107,0.372912002970107,0.372912002970107,2.23747201782064,1.11873600891032,0,0,0,0,0,1.11873600891032,0.372912002970107,0.372912002970107,0.372912002970107,0.372912002970107,0.745824005940213,0.372912002970107,0,0,0,0.745824005940213,0,0,0,0,0,0,0,0.745824005940213,0,0,0,0,0,0,0.745824005940213,0.372912002970107,1.11873600891032,0,0,0.372912002970107,0.372912002970107,1.49164801188043,0.372912002970107,0,0.372912002970107
"old",0,0,0,0,0.265702033322238,0,0,0,0.265702033322238,0,0,0,0,0.531404066644476,0.265702033322238,0,0,0,1.06280813328895,0,0,0.265702033322238,0,0,0,0,0,0.531404066644476,0.265702033322238,0.265702033322238,0.265702033322238,0.265702033322238,0,1.32851016661119,2.39131829990014,0.531404066644476,1.06280813328895,0.797106099966715,0.531404066644476,0.265702033322238,0.265702033322238,0,0.265702033322238,0.265702033322238,1.85991423325567,0.265702033322238,1.06280813328895,0.265702033322238,0,1.06280813328895,1.85991423325567,0.797106099966715,1.06280813328895,0.531404066644476,0,0.797106099966715,0,0.531404066644476,0
"profound",0,0,0,0,0,0.656908659335307,0.656908659335307,0,0,0.656908659335307,0,0,0,0.656908659335307,0,0.656908659335307,1.31381731867061,0,0,0,0,0,0,0,0,0,0,0,0,0,0.656908659335307,0,0,0.656908659335307,0,1.97072597800592,0,0,0,0,0,0,0,0,0,0,0.656908659335307,0,0,0,0,0.656908659335307,0,0,0,0.656908659335307,0,0,0.656908659335307
"mark",0,0,0,0,0,0.492098410689315,0.492098410689315,0.492098410689315,0,0,0,0,0.98419682137863,0.98419682137863,0,0.492098410689315,0.98419682137863,0,0,0,0,0,0.98419682137863,0.492098410689315,0,0,0,0,0,0,0.492098410689315,0,0.492098410689315,0.492098410689315,0.492098410689315,0,0,0.492098410689315,0,0,0.98419682137863,0,0,0,0,0,0,0.492098410689315,0,0,0,0,0,0,0.492098410689315,0.492098410689315,0,0,0.492098410689315
"devotion",0,0,0,0,0,0.469822015978163,0,0,0.469822015978163,0,0,0,0.939644031956326,0.469822015978163,0.939644031956326,0,0.469822015978163,0,0,0,0,0,0.469822015978163,0.469822015978163,0.939644031956326,0,0.939644031956326,0,0.469822015978163,0.469822015978163,0,0,0,0.939644031956326,0,0.469822015978163,0.469822015978163,0,0,0,0.469822015978163,1.40946604793449,0,0.469822015978163,0,0,0,0,0,0,0,0,0,0,0.469822015978163,0,0,0,0.469822015978163
"assume",0,0,0,0,0,0.409124175624551,0,0.409124175624551,0,0,0,0,0.409124175624551,0.818248351249103,1.22737252687365,0,0,0,0.409124175624551,0,0,0,0,0.409124175624551,0.409124175624551,1.22737252687365,0.409124175624551,0.409124175624551,0.818248351249103,0,0,0.409124175624551,0,0.409124175624551,0.818248351249103,0.818248351249103,0.409124175624551,0.409124175624551,0,0,0,0.409124175624551,0,0,0,0,0,0.409124175624551,0,0,0.409124175624551,0.409124175624551,0.409124175624551,0,0,0,0,0,0
"peculiar",0,0,0,0,0,0.624723975963906,0,1.24944795192781,0.624723975963906,1.24944795192781,0.624723975963906,0,1.24944795192781,0.624723975963906,0.624723975963906,0,0,0,0.624723975963906,0.624723975963906,0.624723975963906,0,1.24944795192781,0.624723975963906,0,0.624723975963906,0,0,0,0,0,0,0,0,0,0,0,0,0,0,0,0,0,0,0,0,0,0,0,0,0,0,0,0,0,0,0,0,0
"responsibility",0,0,0,0,0,0.239373094599889,0.239373094599889,0.478746189199778,0,0,0,0.239373094599889,0,0.239373094599889,0.718119283799667,0.239373094599889,0.718119283799667,0,0,0,0.239373094599889,0.239373094599889,0,0.478746189199778,0.478746189199778,0.239373094599889,0.718119283799667,0.718119283799667,0.718119283799667,0.957492378399556,0.239373094599889,0,0.239373094599889,1.19686547299945,0.718119283799667,2.154357851399,0,0,0,0,0.478746189199778,0.718119283799667,0,0.239373094599889,0,0,3.82996951359823,0.239373094599889,0,0.718119283799667,0,0.957492378399556,0.957492378399556,0.957492378399556,0,0.239373094599889,0.239373094599889,0,0.478746189199778
"attain",0,0,0,0,0,0.594760752586463,0,1.18952150517293,0.594760752586463,0,0,0.594760752586463,0,0,0.594760752586463,0,0.594760752586463,0,0,0.594760752586463,0.594760752586463,0,0.594760752586463,0.594760752586463,0,1.18952150517293,0,1.18952150517293,0,0,0,0,0,0,0,0.594760752586463,0,0,0,0,0,0,0.594760752586463,0,0,0,0,0,0,0,0,0,0,0,0.594760752586463,0,0,0,0
"maintenance",0,0,0,0,0,0.656908659335307,0.656908659335307,0,0,0,0,0,0,0,0.656908659335307,0,0.656908659335307,0.656908659335307,0.656908659335307,0,0,0.656908659335307,0,0,0,0,0.656908659335307,1.31381731867061,0,0,1.97072597800592,0,0.656908659335307,0,0,1.97072597800592,0,0,0,0,0.656908659335307,0,0,0,0,0,0,0,0,0,0,0,0,0,0,0,0,0,0
"growth",0,0,0,0,0,0.492098410689315,0,0.492098410689315,0,0,0,0,0,0.492098410689315,0,0,0.492098410689315,0.492098410689315,0,0,0,0,0,1.47629523206795,0,0.98419682137863,0.492098410689315,0,0,0.98419682137863,0.492098410689315,0,0,0,0,1.47629523206795,0,0,0,0,0.492098410689315,0,0.492098410689315,0,0.492098410689315,0.492098410689315,0,0,0.98419682137863,1.47629523206795,0,0,0,0,0.492098410689315,0.492098410689315,0,0,0
"enterprise",0,0,0,0,0,0.428429330819938,0.428429330819938,0,0,0,0,0,0,0.856858661639876,0,0,0.428429330819938,0,0,0,0,0,0,0.428429330819938,0,1.71371732327975,1.71371732327975,1.28528799245981,0,0,2.57057598491963,1.28528799245981,0,0.428429330819938,0.428429330819938,0,0.428429330819938,0,0.856858661639876,0,0.428429330819938,0,0,0,0.428429330819938,0.428429330819938,0,0,0,0.856858661639876,0,0.428429330819938,0.428429330819938,0.428429330819938,0,0,0.428429330819938,0,0
"everywhere",0,0,0,0,0,0.624723975963906,0,0,0,0.624723975963906,0,0,0,0,0,0,0,0,0.624723975963906,0,0,0,0.624723975963906,0,0.624723975963906,0,0,1.87417192789172,0,0,0,0,0.624723975963906,0,0.624723975963906,0.624723975963906,0,0,0,0,0.624723975963906,2.49889590385562,1.24944795192781,0,0,0,0,0,0,0,0,0,0.624723975963906,0,0,0.624723975963906,0,0,0
"face",0,0,0,0,0,0.323693980299925,0,0,0,0,0,0,0,0,0,0,0,0,0.64738796059985,0.323693980299925,0,0,0,0.323693980299925,0,0,0,0.323693980299925,0.323693980299925,1.2947759211997,0.64738796059985,0.323693980299925,0.323693980299925,0.971081940899775,0.323693980299925,0,2.26585786209947,0.323693980299925,0.323693980299925,0,0.64738796059985,0.323693980299925,0,0,0,0,0.64738796059985,0,0.64738796059985,0.323693980299925,0.64738796059985,0.971081940899775,0.971081940899775,0,0.64738796059985,1.2947759211997,0.64738796059985,0.64738796059985,1.2947759211997
"precious",0,0,0,0,0,0.56673202898622,0.56673202898622,0,0,0.56673202898622,0,0,0,1.13346405797244,0,0,0,0,0,0,0.56673202898622,0,0,0,0,0,0,0.56673202898622,0,0,0,0,0,0.56673202898622,0,0,0.56673202898622,0,0,0,0,0.56673202898622,0,0,0,0.56673202898622,0.56673202898622,0.56673202898622,0,0,0,0,1.13346405797244,0,0,0.56673202898622,0.56673202898622,0,0.56673202898622
"observe",0,0,0,0,0,1.24944795192781,0,0,0.624723975963906,0.624723975963906,0.624723975963906,0,0,2.49889590385562,1.24944795192781,0,0,0,0,0,0,0,1.24944795192781,0,0,3.74834385578344,0,1.24944795192781,0.624723975963906,0,1.24944795192781,0,0,0,1.24944795192781,0,0,0,0,0,0,0.624723975963906,0,0.624723975963906,0,0,0,0,0,0,0,0,0,0,0,0,0,0,0
"liberal",0,0,0,0,0,1.38334153118904,0,0,0.691670765594519,2.07501229678356,0.691670765594519,1.38334153118904,0.691670765594519,0.691670765594519,0,0.691670765594519,0,0,0,0,0,0,0.691670765594519,0,0,0,0,1.38334153118904,1.38334153118904,0,0,0,0,0,0,0,0,0,0,0,0,0,0,0,0,0,0,0,0,0,0,0,0,0,0,0,0,0,0.691670765594519
"attempt",0,0,0,0,0,0.469822015978163,0.469822015978163,0,0.469822015978163,0,0,0.469822015978163,0.939644031956326,1.87928806391265,0.469822015978163,0.469822015978163,0,1.40946604793449,1.40946604793449,0,0,0,0.469822015978163,0,0,0.939644031956326,0,0.469822015978163,0,0,0.939644031956326,0,0.469822015978163,0.469822015978163,0.939644031956326,0.469822015978163,0,0.469822015978163,0,0,0,0,0,0,0,0,0.469822015978163,0,0,0,0,0,0,0,0,0,0,0,0
"anticipate",0,0,0,0,0,0.729459326483919,0,0.729459326483919,0.729459326483919,0,0,0,2.18837797945176,1.45891865296784,0,0,0.729459326483919,0,0.729459326483919,0.729459326483919,0,0,0.729459326483919,0.729459326483919,0,0,0,0,0,0,0.729459326483919,0,0,0,0,0,0,0,0,0,0,0,0,0,0,0,0,0,0,0,0,0,0,0,0,0,0,0,0
"safeguard",0,0,0,0,0,0.729459326483919,0,0,0,0,0.729459326483919,0,0,0.729459326483919,0.729459326483919,0,0,0,0.729459326483919,0,0,0,0,0,0,0.729459326483919,0,0,0,0,0,1.45891865296784,0,0,0.729459326483919,1.45891865296784,0.729459326483919,0,0,0,0,0.729459326483919,0,0,0,0,0,0,0,0,0,0,0,0,0,0,0,0,0
"arm",0,0,0,0,0,0.587461513844963,0.881192270767445,0,0.587461513844963,0.293730756922482,0.587461513844963,0,0,0.293730756922482,0.587461513844963,0.293730756922482,0,0.293730756922482,0.293730756922482,0.293730756922482,0,0,0,0,0,0,0,0.293730756922482,0.587461513844963,0,0.881192270767445,0,0.881192270767445,0.587461513844963,0.587461513844963,0.293730756922482,0.293730756922482,0,0,0.293730756922482,0.881192270767445,0.293730756922482,0.293730756922482,1.17492302768993,0,0.293730756922482,0.587461513844963,0,0,0.881192270767445,0,0.293730756922482,0,0,0.587461513844963,0,0.293730756922482,0,0
"foster",0,0,0,0,0,0.816609502202819,0,2.44982850660846,0,0,0,0.816609502202819,0.816609502202819,0.816609502202819,1.63321900440564,0,0,0,0,0,0,0,0,0,0,0,0,0,0,0,0,0,0,0,0,0,0,0,0,0,0.816609502202819,0.816609502202819,0,0,0,0,0,0,0.816609502202819,0,0,0,0,0,0,0,0,0,0
"proud",0,0,0,0,0,0.656908659335307,0.656908659335307,0.656908659335307,0,0,0,0,0,0.656908659335307,0,0,0.656908659335307,0,0,0,0,0,0,0,0,0,0,0,0,0,0,0.656908659335307,0,0,0,0,0,0,0,0,0,0,0,0.656908659335307,0.656908659335307,1.31381731867061,2.62763463734123,0.656908659335307,0,0,0.656908659335307,0,0,0,0,0,0,0.656908659335307,0
"surrender",0,0,0,0,0,0.691670765594519,0.691670765594519,0,0,0,0,0,0,2.07501229678356,0,0,0,0,3.4583538279726,0,0,0,0.691670765594519,1.38334153118904,1.38334153118904,0.691670765594519,0.691670765594519,0,0.691670765594519,0,0,0,0,0,0,0,0,0,0,0,0,0,0,0,0.691670765594519,0,0,0,0.691670765594519,0,0,0,0,0,0,0,0,0,0
"hold",0,0,0,0,0,0.279490317807872,0,0.838470953423615,0,0.279490317807872,0.279490317807872,0,0,0.558980635615743,0,0.279490317807872,0.279490317807872,0,2.51541286027084,0,0,0.558980635615743,0.279490317807872,0,0.279490317807872,1.11796127123149,0.558980635615743,0.279490317807872,0,0,0.558980635615743,0.279490317807872,0,1.11796127123149,1.67694190684723,0.838470953423615,0,0.558980635615743,0,0,0.558980635615743,1.67694190684723,0,0.279490317807872,0,0,0,0.279490317807872,0.558980635615743,0.279490317807872,0.279490317807872,0.558980635615743,0,0.279490317807872,0,0.279490317807872,0.279490317807872,0,0
"basis",0,0,0,0,0,0.54040309026387,0,0,1.08080618052774,0.54040309026387,0,0,0,0,0.54040309026387,0.54040309026387,0.54040309026387,0,0,0,0.54040309026387,0.54040309026387,1.08080618052774,0.54040309026387,0.54040309026387,1.08080618052774,0,1.62120927079161,0,0,0,0.54040309026387,0,0,0,1.08080618052774,0,0,0,0,1.08080618052774,0.54040309026387,0,0,0,0,0,0,0,0,0,0,0,0,0,0,0,0,0
"interference",0,0,0,0,0,0.816609502202819,0,0,0,0,0,0,0.816609502202819,2.44982850660846,0,0,0.816609502202819,0.816609502202819,0,0,0,0,0,0,0,1.63321900440564,0.816609502202819,0,0,0,0,0,0,0.816609502202819,0,0,0,0,0,0,0,0,0,0,0,0,0,0,0,0.816609502202819,0,0,0,0,0,0,0,0,0
"wisely",0,0,0,0,0,0.594760752586463,0,0.594760752586463,0,0,0,0.594760752586463,1.18952150517293,0,0.594760752586463,0,0.594760752586463,0,0.594760752586463,0,0,0,0,0,0,1.78428225775939,0.594760752586463,1.18952150517293,0.594760752586463,0,0.594760752586463,0,0,0,0,0,0.594760752586463,0,0,0,0,0,0.594760752586463,0,0,0,0,0,0,0,0,0,0,0,0,0.594760752586463,0,0,0
"jurisdiction",0,0,0,0,0,0.925753971627887,0,0,0,0,0,0,0,1.85150794325577,1.85150794325577,0,2.77726191488366,0,0,0,0,0,0,3.70301588651155,0,0.925753971627887,0,0,0,0,3.70301588651155,0,0,0,0,0,0,0,0,0,0,0,0,0,0,0,0,0,0,0,0,0,0,0,0,0,0,0,0
"behalf",0,0,0,0,0,0.925753971627887,0,0,0,0,0,0,0,0,0,0,0,0,0,0,0.925753971627887,0,4.62876985813944,0,0,0,0,0.925753971627887,0,0,0,0,0,0,0,0,0,0,0,0,0,0,0,0,0,0,0,0,0,0,0.925753971627887,0.925753971627887,0,0,0,0,0.925753971627887,0,0
"discharge",0,0,0,0,0,0.448632716908225,0.448632716908225,1.34589815072467,0,1.34589815072467,0.448632716908225,0.448632716908225,1.34589815072467,1.34589815072467,1.34589815072467,0.89726543381645,0.448632716908225,0,0.448632716908225,0,0,0,0.448632716908225,0,0.448632716908225,0.89726543381645,0,0.89726543381645,0.89726543381645,0,0.448632716908225,0,0,0,0.448632716908225,0.448632716908225,0,0,0,0,0,0.448632716908225,0,0,0,0,0,0,0,0,0,0,0,0,0,0,0,0,0
"always",0,0,0,0,0,0.239373094599889,0,1.43623856759933,0.957492378399556,0,0,0,0.478746189199778,0.718119283799667,0,0.239373094599889,0.957492378399556,0,0.478746189199778,0.239373094599889,0.239373094599889,0,0.239373094599889,0.239373094599889,0,0.239373094599889,0.239373094599889,1.67561166219922,0,0,0.718119283799667,0.478746189199778,0.239373094599889,0,1.43623856759933,0,0.239373094599889,0.478746189199778,0,0.478746189199778,0,0,0,0.957492378399556,0.957492378399556,0,0.239373094599889,0,0,0.718119283799667,0.478746189199778,0.239373094599889,0.718119283799667,0,0.718119283799667,0.239373094599889,0.478746189199778,0.478746189199778,0.478746189199778
"remember",0,0,0,0,0,0.390640769930538,0,0,0,0,0,0,0.390640769930538,0,0.781281539861076,0,1.17192230979161,0,0,0,0.390640769930538,0,0,0.781281539861076,0,0,0.781281539861076,0.390640769930538,0,0,0,0.781281539861076,0,0,0.390640769930538,0,0,0,0,0.781281539861076,0,0.390640769930538,0,0.781281539861076,0.390640769930538,0,0.781281539861076,0.781281539861076,0,0.781281539861076,1.56256307972215,0,0.390640769930538,0,0.390640769930538,0.781281539861076,0.390640769930538,0.781281539861076,0.390640769930538
"manner",0,0,0,0,0,1.31381731867061,0,1.31381731867061,1.97072597800592,0,0,0.656908659335307,0.656908659335307,1.31381731867061,1.31381731867061,0,0.656908659335307,2.62763463734123,0.656908659335307,0,0,0,0,0,0,0,0,0,0,0,0.656908659335307,0,0,0,0,0,0,0,0.656908659335307,0.656908659335307,0,0,0,0,0,0,0,0,0,0,0,0,0,0,0,0,0,0,0
"carry",0,0,0,0,0,0.265702033322238,0.797106099966715,0,1.32851016661119,0.265702033322238,0,0,0.797106099966715,0.797106099966715,0.265702033322238,0,0.797106099966715,0,0,0,0.265702033322238,0.797106099966715,0.265702033322238,0,0,0.265702033322238,0.265702033322238,1.06280813328895,0.265702033322238,0,1.06280813328895,0.265702033322238,0,0.531404066644476,0,0.265702033322238,0,0.531404066644476,0.531404066644476,0,0.531404066644476,0.265702033322238,0.265702033322238,0,0,0,0,0,0.531404066644476,0.531404066644476,0,0,0,0.265702033322238,0.265702033322238,1.06280813328895,0.797106099966715,0.265702033322238,0.531404066644476
"civilize",0,0,0,0,0,0.729459326483919,0.729459326483919,0,0.729459326483919,0,0,0,0,0.729459326483919,0,0,0.729459326483919,0,0.729459326483919,0,0,1.45891865296784,0,0,0.729459326483919,0,0,0.729459326483919,0,0,0,0,0,0,0.729459326483919,0,0,0,0,0,0,0,0,0,0,0,0,0,0,0,0,0,0,0,0,0,0,0.729459326483919,0
"fulfillment",0,0,0,0,0,0.770852011642144,0,0,0,1.54170402328429,0,0,0,0,0,0,0.770852011642144,0,0,0,0,0,0,0,0,0,0,0,0,0,0,0,0,0.770852011642144,0,0,0.770852011642144,0.770852011642144,0,0,0,0.770852011642144,0,0,0,1.54170402328429,0.770852011642144,0,0,0,0,0,0,0.770852011642144,0,0,0,0,0
"fail",0,0,0,0,0,0.339488247483157,0,1.01846474244947,0.678976494966314,0,0,0,1.01846474244947,0.339488247483157,0.339488247483157,0,0,0.339488247483157,0,0,0,0,0,0.339488247483157,0.339488247483157,1.01846474244947,0,0.678976494966314,0,0.678976494966314,0.339488247483157,0.678976494966314,0,0,1.69744123741578,1.35795298993263,1.01846474244947,0,0.339488247483157,0.339488247483157,0,0,0,0,0.339488247483157,0,0.678976494966314,0,0,0.678976494966314,0,0.339488247483157,0,0.339488247483157,0,0.678976494966314,0,0.339488247483157,0.678976494966314
"march",0,0,0,0,0,0.624723975963906,0,0,0,0.624723975963906,0,0,0,0,0,0,0,0.624723975963906,0,0,0,0,0,1.24944795192781,0,0,0,0.624723975963906,1.24944795192781,0,0.624723975963906,0,0,0,0,0.624723975963906,0,0.624723975963906,0,0,0,0,0,0,0,0,0,0,0,0.624723975963906,0,0.624723975963906,0.624723975963906,0,0.624723975963906,0,0,0,0.624723975963906
"predecessor",0,0,0,0,0,0.594760752586463,0,0.594760752586463,1.18952150517293,2.37904301034585,0.594760752586463,0,1.18952150517293,0.594760752586463,1.78428225775939,0,0,0,0,0,0,0,1.78428225775939,1.18952150517293,0,0,0,0,0.594760752586463,0,4.16332526810524,0,0,0,0,0,0,0,0,0,0,0,0,0,0,0,0,0.594760752586463,0,0,0,0.594760752586463,0,0,0,0,0,0,0.594760752586463
"sympathy",0,0,0,0,0,0.729459326483919,1.45891865296784,0,0,0.729459326483919,0,0,0,0,0,0,1.45891865296784,0,0.729459326483919,0,0,0,0.729459326483919,0,0,0.729459326483919,0,0,0,0,3.6472966324196,0.729459326483919,0,0,0.729459326483919,1.45891865296784,0,0,0,0,0,0,0,0,0,0,0,0,0,0,0,0,0,0,0,0,0,0,0
"next",0,0,0,0,0,0.691670765594519,0,0,0.691670765594519,0,0,0,0,0,0,0,0,0.691670765594519,0,0,0.691670765594519,0,0,0,0,0.691670765594519,0,0,0,0,2.07501229678356,0,0,0,0,0,0,0,0,0,0,0,0,0,0.691670765594519,0,0.691670765594519,0,0,0.691670765594519,0,0,0.691670765594519,0,0,0.691670765594519,0,0,1.38334153118904
"repeat",0,0,0,0,0,0,1.54170402328429,0,0,0.770852011642144,0,0,0,1.54170402328429,0,0,0,0,0,0,0,0,2.31255603492643,0,0,0,0,0.770852011642144,0,0,0,0,0,0.770852011642144,0,0,0,0.770852011642144,0,0,0,0,0,0,0.770852011642144,0,0,0,0,0.770852011642144,0.770852011642144,0,0,0,0,0,0,0,0
"renew",0,0,0,0,0,0,0.372912002970107,0,0,0,0,0.372912002970107,0,0.745824005940213,0,0.372912002970107,0,0,0.372912002970107,0,0,0,0,0.372912002970107,0.372912002970107,0,0,0,0.372912002970107,0,0,0.372912002970107,0,0.745824005940213,0.372912002970107,0.372912002970107,0,0,0.372912002970107,0,0,0.372912002970107,0,0.372912002970107,0,0,0.745824005940213,0.372912002970107,1.11873600891032,0.372912002970107,0.372912002970107,1.49164801188043,0.372912002970107,0.372912002970107,0.372912002970107,0,0.372912002970107,0,0
"belong",0,0,0,0,0,0,0.939644031956326,0.469822015978163,0.469822015978163,0.469822015978163,0.469822015978163,0,0.469822015978163,0.469822015978163,0.939644031956326,0,0.939644031956326,0.469822015978163,0.939644031956326,0,0,0,0.469822015978163,0,0,0,0,0,0,0,0,0,0,0,0.939644031956326,0,0,0,0,0,0,0.939644031956326,0,0,0.469822015978163,0,0,0,0,0.469822015978163,0.469822015978163,0.469822015978163,0,0.469822015978163,0,0,0,0.939644031956326,0
"generous",0,0,0,0,0,0,0.594760752586463,0.594760752586463,0.594760752586463,0,0,0,1.78428225775939,0.594760752586463,0,0,0,0,0,0,0,0,0.594760752586463,0.594760752586463,0,1.18952150517293,1.18952150517293,0,0.594760752586463,0.594760752586463,0,0,0,0.594760752586463,0,0,0.594760752586463,0,0,0,0,0,0,0,0,0,0,0,0,0,0,0,0.594760752586463,1.18952150517293,0,0,0,0,0
"invite",0,0,0,0,0,0,0.624723975963906,0,0.624723975963906,0,0,0,0.624723975963906,0,1.24944795192781,0,0.624723975963906,0,0,0,0,0,0,0,0,0.624723975963906,0,0.624723975963906,0.624723975963906,0,0,0,0,1.24944795192781,0,0,0,0,0,0,0.624723975963906,0.624723975963906,0,0,0,0.624723975963906,0.624723975963906,0,0,0,0,0,0,0.624723975963906,0,0,0,0,0
"reality",0,0,0,0,0,0,0.770852011642144,0,0,0,0,0,0,0,0,0,0,0,0,0,0,0,0,0,0,0,0,0,0.770852011642144,0,0,0,0,2.31255603492643,0,0.770852011642144,0.770852011642144,0,0,0,0,0.770852011642144,0,0,0,0,0,0,0,0,0,0,0.770852011642144,0,0,0,0.770852011642144,0.770852011642144,0.770852011642144
"last",0,0,0,0,0,0,0.453567934583737,0,0.680351901875606,0.226783967291869,0,0.226783967291869,0.453567934583737,0.453567934583737,0.453567934583737,0,0.453567934583737,0,0,0.226783967291869,0,0.226783967291869,0,0.453567934583737,0.226783967291869,0,0,0.907135869167474,0,0.226783967291869,0.453567934583737,0.226783967291869,0.226783967291869,0.226783967291869,0.453567934583737,0,0,0.453567934583737,0,0.226783967291869,0.680351901875606,0,0.453567934583737,0.226783967291869,0,0.907135869167474,0.453567934583737,0.226783967291869,0.226783967291869,0.453567934583737,0.226783967291869,0,0.680351901875606,0.226783967291869,0,0.680351901875606,0.453567934583737,0,0.453567934583737
"delay",0,0,0,0,0,0,0.770852011642144,0,0,0,0,0,0,0.770852011642144,1.54170402328429,0,0,0,0,0,0,0,0,0.770852011642144,0,1.54170402328429,0,0.770852011642144,0,0,0,0.770852011642144,0,0,0,2.31255603492643,0,0,0,0,0,0,0,0,0,0,0,0,0,0,0,0,0,0.770852011642144,0,0,0.770852011642144,0,0
"destroy",0,0,0,0,0,0,0.409124175624551,0,0.409124175624551,0,0,0,0,0.818248351249103,0.818248351249103,0,0,0.409124175624551,1.22737252687365,0.409124175624551,0,0.409124175624551,0,0.818248351249103,0,0.409124175624551,0.818248351249103,0,0.409124175624551,0,0,0.409124175624551,0,0.409124175624551,0.409124175624551,0.409124175624551,0,0,0,0,0,0,0,0.409124175624551,0.409124175624551,0,0,0,0,1.22737252687365,0,0,0.409124175624551,0,0,0.409124175624551,0,0.409124175624551,0.409124175624551
"sacrifice",0,0,0,0,0,0,0.339488247483157,0,0.339488247483157,0.678976494966314,0,0.339488247483157,0.339488247483157,1.01846474244947,0.339488247483157,0,0,0,0,0,0,0,0,0,0,0.339488247483157,0,0,0.339488247483157,0,0,0,0,2.03692948489894,0.339488247483157,0,0.339488247483157,0,0.339488247483157,0,0.339488247483157,0.339488247483157,0.339488247483157,0.339488247483157,0,0.339488247483157,0,0.339488247483157,1.01846474244947,0,0.678976494966314,1.01846474244947,0,0.339488247483157,0.339488247483157,0.678976494966314,0.339488247483157,0,0.339488247483157
"sovereignty",0,0,0,0,0,0,0.691670765594519,1.38334153118904,4.15002459356712,0,0,0,0,2.76668306237808,2.07501229678356,0,0,0.691670765594519,0,0,0,0,0,0,0,0.691670765594519,0,0,1.38334153118904,0,0,0,0,0.691670765594519,1.38334153118904,0,0,0,0,0,0,0,1.38334153118904,0,0,0,0,0,1.38334153118904,0,0,0,0,0,0,0,0,0,0
"title",0,0,0,0,0,0,0.816609502202819,0,0.816609502202819,0,0,0,0,0.816609502202819,2.44982850660846,0.816609502202819,0.816609502202819,0,0,0,0,0,0,0,0,0.816609502202819,0,0,0,0,0,0,0,0,0.816609502202819,0,0,0,0,0,0,0,0,0,0,0.816609502202819,0,0,0,0,0,0,0,0,0,0,0,0,0
"member",0,0,0,0,0,0,0.390640769930538,0.390640769930538,0,0.390640769930538,0.390640769930538,0,0.390640769930538,5.46897077902753,1.56256307972215,0,0.390640769930538,0.390640769930538,0.390640769930538,0,0,0.390640769930538,1.95320384965269,0,0,0.390640769930538,0,0.781281539861076,0,0,0.781281539861076,0,0,0,0,0,0,0,0,0.390640769930538,0.390640769930538,0,0.390640769930538,0,0,0,0.390640769930538,0,0,1.17192230979161,0.390640769930538,0,0.390640769930538,0,0.390640769930538,0,0.390640769930538,0,0
"record",0,0,0,0,0,0,0.867762024650201,0,0,0,0,0,0,0.867762024650201,0,0,1.7355240493004,0,0,0,0,0,0,0,0,0,0,0,0,0,0,0,0.867762024650201,0.867762024650201,0,1.7355240493004,0,0,0,0,0,0,0,0,0,0,1.7355240493004,0,0,0,0,0,0.867762024650201,0,0,0,0,0,0
"wage",0,0,0,0,0,0,0.770852011642144,0,0,0,0,0,0,0,0,0,0,0,0,0,0,0,0,0,0.770852011642144,0,0.770852011642144,0,0.770852011642144,0,0,0,0,0.770852011642144,1.54170402328429,0,0.770852011642144,0,0,0,0,0,0,0,0,0,0,0,0,0,0,0.770852011642144,0,0,0,0.770852011642144,0.770852011642144,0,0
"fight",0,0,0,0,0,0,1.08080618052774,0,0,0,0,0,0,0,0,0,0,0,1.08080618052774,0,0,0,0,0.54040309026387,0,0,0,0,0,0.54040309026387,0,0,0,0.54040309026387,0,0,0,0,0,0.54040309026387,0,1.08080618052774,0,0.54040309026387,0.54040309026387,0,0.54040309026387,0.54040309026387,0.54040309026387,0,0,0,0,0,1.08080618052774,0.54040309026387,0.54040309026387,1.08080618052774,1.08080618052774
"thousand",0,0,0,0,0,0,0.594760752586463,0.594760752586463,0,1.18952150517293,0,0,0.594760752586463,1.18952150517293,0,0,0,0,0,0.594760752586463,0,0,0,0,0,0,0,0.594760752586463,0.594760752586463,0,0,0,0,0,0,1.18952150517293,0.594760752586463,0,0,0,0,0,0,0,0,0.594760752586463,0,0,1.18952150517293,0,1.18952150517293,0,0.594760752586463,0,0,0,0,0,1.18952150517293
"permit",0,0,0,0,0,0,0.515579506538838,0,2.06231802615535,0,0,0,1.54673851961651,1.54673851961651,0.515579506538838,0,0,0,0.515579506538838,0,0,0,1.03115901307768,0.515579506538838,0,0.515579506538838,0.515579506538838,1.03115901307768,1.03115901307768,0,2.57789753269419,0,0,0.515579506538838,1.03115901307768,0,0,0,0,0,0,1.03115901307768,0,0.515579506538838,0,0,0,0,0,0,0,0,0,0.515579506538838,0,0,0,0,0
"battle",0,0,0,0,0,0,1.38334153118904,0,0,0,0,0,0.691670765594519,0,0,0,0,0,0,0.691670765594519,0,0,0,1.38334153118904,0,1.38334153118904,0,0,0,0,0,0,0,0,0.691670765594519,0,0,0,0,0,0,0,0,0.691670765594519,0,0.691670765594519,0,0,0,0,0.691670765594519,0,0,0.691670765594519,0,0,0.691670765594519,0,0.691670765594519
"victory",0,0,0,0,0,0,0.624723975963906,0,0.624723975963906,0,0,0,0,0,0,0,0,0,0,0,0,0,0,0.624723975963906,0,0,0,0,0,0,0,0,0,0,0.624723975963906,0,0.624723975963906,0,0,0.624723975963906,0,0,0,0.624723975963906,0.624723975963906,0.624723975963906,0,0,0.624723975963906,1.24944795192781,0,0,0,0,0,0,0.624723975963906,1.24944795192781,0.624723975963906
"conquer",0,0,0,0,0,0,0.770852011642144,0,0,0,0.770852011642144,0,0,0,0,0,0,0,0,0,0,0,0,0.770852011642144,0,0,0,0,0,0,0,0,0,0,0,0,0.770852011642144,0,0,0,0,0,0,0.770852011642144,0.770852011642144,1.54170402328429,0,0,0,0.770852011642144,0.770852011642144,0,0,0.770852011642144,0,0,0,0,0
"happily",0,0,0,0,0,0,0.691670765594519,0.691670765594519,0.691670765594519,0,0,0,0.691670765594519,0.691670765594519,0.691670765594519,0.691670765594519,0.691670765594519,0.691670765594519,0.691670765594519,0,0,0.691670765594519,0,0,0,1.38334153118904,0,0,0,0,0,0,0,0,0,0,0,0,0,0,0,0,0,0,0,0,0,0,0,0,0,0,0,0,0,0,0,0,0
"excite",0,0,0,0,0,0,0.816609502202819,0,0.816609502202819,0.816609502202819,0,0,1.63321900440564,0,0,0,0,1.63321900440564,0,0,0,0,0,0,0,0,0,0,0,0,0.816609502202819,0,0,0,0,0,0,0,0,0,0,0,0.816609502202819,0,0,0.816609502202819,0,0.816609502202819,0,0,0,0,0,0,0,0,0,0,0
"intelligent",0,0,0,0,0,0,0.816609502202819,0.816609502202819,0,0,0,0,0,0,0,0,0.816609502202819,0,0,0,0,0,0,0.816609502202819,0.816609502202819,1.63321900440564,0,1.63321900440564,0,0,1.63321900440564,0,0,0.816609502202819,0,0,0,0,0,0,0,0,0,0,0,0,0,0,0,0,0,0,0,0,0,0,0,0,0
"development",0,0,0,0,0,0,0.691670765594519,0,0.691670765594519,0,0,0,0,0,0,0,0,0,0,0,0,0,0.691670765594519,0.691670765594519,0.691670765594519,3.4583538279726,0,0.691670765594519,0,0.691670765594519,0.691670765594519,0,0,1.38334153118904,0,1.38334153118904,0,0,0,0,3.4583538279726,0,0,0,0,0,0,0,0,0,0,0,0,0,0,0,0,0,0
"facility",0,0,0,0,0,0,0.729459326483919,1.45891865296784,1.45891865296784,0,0,0,0,0,0.729459326483919,0,0.729459326483919,0,0,0,0.729459326483919,0,0,0.729459326483919,0,0.729459326483919,0,0,0,0,1.45891865296784,0.729459326483919,0,1.45891865296784,0,0,0,0,0,0,0,0,0,0,0,0,0,0,0,0,0,0,0,0,0,0,0,0,0
"burden",0,0,0,0,0,0,0.409124175624551,0.409124175624551,0.409124175624551,0.818248351249103,0,0.409124175624551,0.409124175624551,0.409124175624551,2.04562087812276,0,0,0,0,0,0,0,0,0,0,0.409124175624551,0.818248351249103,0.409124175624551,0,0,0.409124175624551,0.409124175624551,0,1.22737252687365,1.6364967024982,0.818248351249103,0,0,0,0,0.409124175624551,0.818248351249103,0.818248351249103,1.22737252687365,0,0.409124175624551,0.409124175624551,0,1.22737252687365,0,0,0,0,0,0,0,0,0,0
"naval",0,0,0,0,0,0,0.867762024650201,4.338810123251,4.338810123251,0,0,0,0,0,0,0.867762024650201,0,0.867762024650201,0,0,0,0,0,0,0,1.7355240493004,0,0,0.867762024650201,0,0,0,0,0.867762024650201,0,0,0,0,0,0,0,0,0,0,0,0,0,0,0,0,0,0,0,0,0,0,0,0,0
"capacity",0,0,0,0,0,0,0.515579506538838,0,0,0,0,0,0.515579506538838,0,0.515579506538838,0.515579506538838,1.54673851961651,0.515579506538838,0,0,1.03115901307768,0,0,0,0,0.515579506538838,0,0,1.03115901307768,0,0,0,0,0.515579506538838,0,1.03115901307768,0,0.515579506538838,0.515579506538838,0,0.515579506538838,0.515579506538838,0,0,0,0,0,0,1.54673851961651,0,0,0,0,0,0,0.515579506538838,1.03115901307768,0,0
"triumph",0,0,0,0,0,0,0.515579506538838,0,0,0,0,0,0,0,0.515579506538838,0,0.515579506538838,0,0,0.515579506538838,0,0,0,0.515579506538838,0.515579506538838,0,0,1.03115901307768,0.515579506538838,0,0,0.515579506538838,0,1.03115901307768,0,0,0,0,0,0,0,0,0,0,0,0.515579506538838,0,0.515579506538838,0,0,0.515579506538838,0.515579506538838,0.515579506538838,0,1.03115901307768,0,0,1.03115901307768,0.515579506538838
"expression",0,0,0,0,0,0,0,0.56673202898622,0,0,0,1.13346405797244,0.56673202898622,0.56673202898622,0,0,1.13346405797244,0.56673202898622,0,0,0,0,0.56673202898622,0,0,0,0.56673202898622,0.56673202898622,0,0,0,0,0,1.70019608695866,1.70019608695866,2.26692811594488,0,0,0.56673202898622,0,0.56673202898622,0.56673202898622,0,0,0,0,0,0,0,0,1.70019608695866,0,0,0,0,0,0,0,0
"importance",0,0,0,0,0,0,0,3.24241854158322,2.70201545131935,0,1.08080618052774,1.62120927079161,0,1.08080618052774,0.54040309026387,0,0.54040309026387,2.70201545131935,0,0,0,0,2.16161236105548,1.08080618052774,0,0,1.08080618052774,1.62120927079161,0.54040309026387,0,2.16161236105548,0,0,0,0.54040309026387,0.54040309026387,0,0,0,0.54040309026387,0,0,0,0,0,0,0,0,0,0,0,0,0,0,0,0,0,0,0
"connect",0,0,0,0,0,0,0,3.26643800881128,1.63321900440564,0.816609502202819,0,1.63321900440564,0,2.44982850660846,0,0,0,0,0,0,0,0,0.816609502202819,0.816609502202819,0,1.63321900440564,0,0,0,0,0,0,0,0,0,0,0,0,0,0,0,0,0,0,0,0,0,0,0,0,0.816609502202819,0,0,0,0,0,0,0,0
"respective",0,0,0,0,0,0,0,0.729459326483919,0.729459326483919,1.45891865296784,0.729459326483919,0,0,4.37675595890351,0.729459326483919,0,0.729459326483919,0.729459326483919,0.729459326483919,0,0,0,0.729459326483919,0,0,0,0,0.729459326483919,0,0,0,0,0,0,0,0,0,0,0,0,0,0,0,0,0,0,0,0,0,0,0,0,0,0,0,0,0,0,0
"almost",0,0,0,0,0,0,0,0.515579506538838,1.03115901307768,0,0,0.515579506538838,0,0.515579506538838,1.03115901307768,0,1.54673851961651,0.515579506538838,0,0,0,0.515579506538838,0.515579506538838,0,0.515579506538838,0,0,0.515579506538838,0,0,0,0,0,0,1.03115901307768,0,0,0,0.515579506538838,0,1.03115901307768,0,0.515579506538838,0,0,0,0,0,0.515579506538838,0.515579506538838,0,0.515579506538838,0,0,0,0,0,0,0
"turn",0,0,0,0,0,0,0,0.745824005940213,0.372912002970107,0.372912002970107,0,0,0,0,0,0,0.372912002970107,0,0.745824005940213,0,0,0,0,0,0,0.372912002970107,0.372912002970107,0.372912002970107,0,0.372912002970107,0,0,0.745824005940213,1.86456001485053,0.372912002970107,0,0,0.372912002970107,0,0,0.372912002970107,1.11873600891032,0.372912002970107,0,0,1.11873600891032,1.49164801188043,0,0,1.86456001485053,1.86456001485053,0.372912002970107,0,0.372912002970107,0,0.372912002970107,0.745824005940213,0,0.745824005940213
"extraordinary",0,0,0,0,0,0,0,0.816609502202819,0.816609502202819,0,0,0,0.816609502202819,0,0,0,0,0,0,0,0,0,0.816609502202819,0,0,1.63321900440564,0,1.63321900440564,0.816609502202819,0.816609502202819,0,0,0,0,0,0,0.816609502202819,0,0,0,0,0,0,0,0,0,0,0,0,0,0,0,0,0,0,0,0,0,0
"treaty",0,0,0,0,0,0,0,0.56673202898622,2.26692811594488,0.56673202898622,0,0,0,0,0.56673202898622,0.56673202898622,0,0.56673202898622,1.13346405797244,0,0,0,0,0,0,0,0,2.26692811594488,2.26692811594488,0,2.8336601449311,0,0,0,2.26692811594488,0.56673202898622,0,0,0,0,1.13346405797244,0.56673202898622,0,0,0,0,0.56673202898622,0,0,0,0.56673202898622,0,0,0,0,0,0,0,0
"sphere",0,0,0,0,0,0,0,0.729459326483919,0,1.45891865296784,0,0.729459326483919,0.729459326483919,0.729459326483919,2.18837797945176,0,0.729459326483919,0,0,0,0,0,0,0,0.729459326483919,0,0.729459326483919,0.729459326483919,0,0,0,0,0,0,0,0,0,0,0,0,0,0,0,0,0,0.729459326483919,0,0,0,0,0,0,0,0,0,0,0,0,0
"settlement",0,0,0,0,0,0,0,0.691670765594519,0.691670765594519,0,0,0,0,0,0,0,0,0.691670765594519,0,0,0.691670765594519,0,0.691670765594519,0,0.691670765594519,0,0,2.07501229678356,0.691670765594519,0,0,0,0,0.691670765594519,2.07501229678356,4.15002459356712,0,0,0,0,1.38334153118904,0,0,0,0,0,0,0,0,0,0,0,0,0,0,0,0,0,0
"capital",0,0,0,0,0,0,0,1.24944795192781,0,0,0,0,0,0.624723975963906,0,0,0,0,0,0,0,0,0,0.624723975963906,1.87417192789172,1.24944795192781,0,0.624723975963906,0,0,2.49889590385562,0.624723975963906,0,0,0,0,0,0,0.624723975963906,0,1.24944795192781,1.24944795192781,0,0,0,0.624723975963906,0,0,0,0,0,0,0,0,0,1.24944795192781,0,1.87417192789172,0
"crime",0,0,0,0,0,0,0,0.729459326483919,1.45891865296784,0,0,0,0,0.729459326483919,0,0,0,0,0.729459326483919,0,0,0,0,1.45891865296784,0,0,0.729459326483919,0,0,0,0,0,0,0,0,2.18837797945176,0,0,0,0,0,0,0,0,0,0,0,0,0,0,1.45891865296784,0.729459326483919,0.729459326483919,0,0,0,0,0.729459326483919,0
"beneficent",0,0,0,0,0,0,0,0.816609502202819,0,0.816609502202819,0,0,0.816609502202819,0.816609502202819,0,0,0.816609502202819,0,0,0,0,0,1.63321900440564,2.44982850660846,0,0.816609502202819,0.816609502202819,0,0,0,0,0,0,0,0,0,0,0,0,0,0,0,0,0,0,0,0,0,0,0,0,0,0,0,0,0,0,0,0
"put",0,0,0,0,0,0,0,3.96712420290354,0,0,0,0,0,0.56673202898622,0,0,0,0,0,0,0,0,0.56673202898622,0,0,1.13346405797244,0,1.13346405797244,0,0,1.70019608695866,1.13346405797244,0,0,0.56673202898622,0,0.56673202898622,0,0.56673202898622,0,0,0,0,0,0,0,0,0,0,1.13346405797244,0.56673202898622,0.56673202898622,0.56673202898622,0,0,0,0,0.56673202898622,1.13346405797244
"test",0,0,0,0,0,0,0,0.656908659335307,0,0,0,0,0,0,0.656908659335307,0,0,0,0,0,0,0,0,0,0,0,0,0,0,0,1.31381731867061,0,0,0.656908659335307,0.656908659335307,0.656908659335307,0,1.31381731867061,0,1.97072597800592,0.656908659335307,0,0,0,0,0,0,0,0,0,0,0,0,0,1.31381731867061,0.656908659335307,0.656908659335307,0,1.97072597800592
"efficiency",0,0,0,0,0,0,0,0.867762024650201,0,0.867762024650201,0,0,0,0,0,0.867762024650201,0,0,0,0,0,0,0,0,0,1.7355240493004,0.867762024650201,0,0,0,0.867762024650201,1.7355240493004,0,1.7355240493004,0,0,0,0,0,0,0,0,0,0,0,0,0,0,0,0,0,0,0,0,0,0,0,0,0
"late",0,0,0,0,0,0,0,1.38334153118904,3.4583538279726,0,0,0,0.691670765594519,0,0.691670765594519,0,0.691670765594519,0,0,0,0,0.691670765594519,0.691670765594519,0,0,0,0,2.07501229678356,0,0,0,0,0,0,0.691670765594519,0,0,0,1.38334153118904,0,0,0,0,0,0,0,0,0,0,0.691670765594519,0.691670765594519,0,0,0,0,0,0,0,0
"inevitable",0,0,0,0,0,0,0,0.770852011642144,0,0,0,0,0.770852011642144,0.770852011642144,0,0,0,0,0,0,0,0,0,0.770852011642144,0,0,0,1.54170402328429,0.770852011642144,0,0,0,0,0,0,0,0,0.770852011642144,0,0,0.770852011642144,0,0,0,0,0,0,0,0.770852011642144,0,0,0,0,0,0,0.770852011642144,0,0,0
"show",0,0,0,0,0,0,0,0.323693980299925,0.323693980299925,0,0,0,0.64738796059985,0,0.323693980299925,0.323693980299925,0.64738796059985,0,0.323693980299925,0,0,0,0,0,0,0.323693980299925,0.323693980299925,0,0.323693980299925,1.2947759211997,0.971081940899775,0.323693980299925,0,0.323693980299925,0.971081940899775,0,0,0,0,0,0.323693980299925,0,0.323693980299925,0,0.323693980299925,0,0,0.323693980299925,0.64738796059985,0.323693980299925,0.64738796059985,0.323693980299925,0,0.64738796059985,0.64738796059985,0.323693980299925,0.323693980299925,0,0.971081940899775
"navy",0,0,0,0,0,0,0,1.24944795192781,0.624723975963906,0.624723975963906,0.624723975963906,0.624723975963906,0,1.24944795192781,0,1.24944795192781,0.624723975963906,1.24944795192781,0,0,0,1.24944795192781,0,0,0,0.624723975963906,0,0.624723975963906,0,0,4.37306783174734,0,0,0,0.624723975963906,0,0,0,0,0,0,0,0,0,0,0,0,0,0,0,0,0,0,0,0,0,0,0,0
"adequate",0,0,0,0,0,0,0,1.38334153118904,2.76668306237808,0,0.691670765594519,0.691670765594519,0.691670765594519,0,0,0,0,0,0,0,0,0,0,0,0,2.07501229678356,0,1.38334153118904,0,0,1.38334153118904,0,0,0.691670765594519,0.691670765594519,0,1.38334153118904,0,0,0,0,0,0,0,0,0,0,0,0,0.691670765594519,0,0,0,0,0,0,0,0,0
"recognize",0,0,0,0,0,0,0,0.428429330819938,0,0.428429330819938,0,0,0.856858661639876,0.428429330819938,0.428429330819938,0,0.856858661639876,0.428429330819938,0.428429330819938,0,0,0,0.856858661639876,0,0.428429330819938,0,0,0.856858661639876,0.428429330819938,0,0.428429330819938,0,0,0.856858661639876,0,0,0.428429330819938,0.856858661639876,0,0,0,0.428429330819938,0.428429330819938,0,0,0,0.856858661639876,0.428429330819938,0,0,0,0.428429330819938,0,0,0,0,0.428429330819938,0,0
"enjoyment",0,0,0,0,0,0,0,0.816609502202819,0,1.63321900440564,0,0,0,0,0.816609502202819,0,0,0,0,0,0,0,1.63321900440564,0.816609502202819,0.816609502202819,0,0.816609502202819,0,0,0,0,0,0,0,0.816609502202819,0,0,0,0,0,0,0,0.816609502202819,0,0,0,0,0,0,0,0,0,0,0,0,0,0,0,0
"climate",0,0,0,0,0,0,0,0.816609502202819,0,0.816609502202819,0,0,0.816609502202819,0.816609502202819,0.816609502202819,0,0,0,0,0,0,0,0,0,0,0,0,0,0,0,0,0,0,0,0,0,0,1.63321900440564,0,0,0,0,1.63321900440564,0,0,0,0,0,0,0,0,0,0,0,0,0,0.816609502202819,0,0.816609502202819
"north",0,0,0,0,0,0,0,0.691670765594519,0,0,0,0,0,0,0,0,0.691670765594519,1.38334153118904,0.691670765594519,0.691670765594519,0,0,1.38334153118904,1.38334153118904,0,0,0,0.691670765594519,0,0,0.691670765594519,0,0,0,0,0,0,0,0,0,1.38334153118904,0,0.691670765594519,0.691670765594519,0,0,0,0,0,0,0,0,0,0,0,0,0,0,0
"vast",0,0,0,0,0,0,0,1.78428225775939,1.78428225775939,0,0,0,1.78428225775939,0,1.78428225775939,0,1.78428225775939,0.594760752586463,0,0,0,0,0,0,1.18952150517293,0,0,0.594760752586463,0,0.594760752586463,0,0,0,0,0.594760752586463,0.594760752586463,0.594760752586463,1.18952150517293,0,0,0,0.594760752586463,0.594760752586463,0,0,0,0,0,0,0,0,0,0,0,0,0,0,0,0
"market",0,0,0,0,0,0,0,1.78428225775939,0.594760752586463,0,0,0,0,0,1.18952150517293,0,0,0,0,0,0,0.594760752586463,0,0.594760752586463,0,0.594760752586463,0,1.78428225775939,1.18952150517293,0,0.594760752586463,0,0,1.18952150517293,0,0,0.594760752586463,0,0,0,0,0.594760752586463,0,0,0,0,0,0,0,0,1.18952150517293,0,0,0,0,1.18952150517293,0.594760752586463,0,0
"guard",0,0,0,0,0,0,0,1.45891865296784,0,0.729459326483919,0,0,0.729459326483919,1.45891865296784,1.45891865296784,0,0,0,0,0,0,0,0.729459326483919,0,0,0,0,0,0,0,0,0,0,2.18837797945176,0.729459326483919,0,0,0,0.729459326483919,0,0,0.729459326483919,0,0,0,0,0,0,0,0,0,0.729459326483919,0,0,0,0,0,0,0
"raise",0,0,0,0,0,0,0,0.98419682137863,0.98419682137863,0,0,0.492098410689315,0,0.492098410689315,0.492098410689315,0,0,0.492098410689315,0,0,0,0.492098410689315,0,0,0,0,0,0.98419682137863,0.492098410689315,0,0,0,0,0,0.492098410689315,0,0.492098410689315,0.492098410689315,0,0,0.492098410689315,0,0,0,0,0.492098410689315,0,0,0.492098410689315,0.98419682137863,0,1.47629523206795,0,0,0.98419682137863,0.492098410689315,0,0,0
"sustain",0,0,0,0,0,0,0,0.939644031956326,0,1.40946604793449,0,0,1.40946604793449,0,0.939644031956326,0.469822015978163,0.469822015978163,0.469822015978163,0,0,0,0,0,0.469822015978163,0,0,0,0.469822015978163,0,0,1.40946604793449,0.469822015978163,0.469822015978163,0,0,0.469822015978163,0,0,0,0,0,0,0.469822015978163,0,0,0.469822015978163,0.469822015978163,0,0.939644031956326,0,0,0,0.939644031956326,0,0.939644031956326,0,0,0,0.469822015978163
"easy",0,0,0,0,0,0,0,0.729459326483919,0,0,0,0,0,0,0,0,0,0,0.729459326483919,0.729459326483919,0,0.729459326483919,0,0,0,0,0,1.45891865296784,0,0,1.45891865296784,0,0,0,0.729459326483919,0,0,0,0,0,0,0,0.729459326483919,0,0,0,0,0,0,0,0.729459326483919,0.729459326483919,0,0.729459326483919,0,0,0,0,0
"involve",0,0,0,0,0,0,0,0.56673202898622,0,1.13346405797244,0,0,0,0,0.56673202898622,0.56673202898622,0,0.56673202898622,0,0,0,0,0,0,0.56673202898622,0,0,1.13346405797244,0.56673202898622,0,0.56673202898622,0,1.13346405797244,0.56673202898622,1.70019608695866,2.26692811594488,0,0,0,0,0.56673202898622,0.56673202898622,0,0,0,0,0,0,0,0,1.13346405797244,0,0,0,0,0,0,0,0
"pacific",0,0,0,0,0,0,0,0.816609502202819,0.816609502202819,0.816609502202819,0,0,0,0,1.63321900440564,0,0.816609502202819,2.44982850660846,0,0,0,0,0,0,0,0,0,0,0,0,0,0,0,0,0.816609502202819,0.816609502202819,0,0,0,0,0,0,1.63321900440564,0,0,0,0,0,0,0,0,0,0,0,0,0,0,0,0
"coast",0,0,0,0,0,0,0,1.985401522517,4.9635038062925,0,0,0,0,0,0,0,0,1.985401522517,0,0,0,0,0,0.992700761258501,0,0,0,0,0,0,5.956204567551,0,0,0,0,0,0,0,0,0,0,0,0,0,0,0,0,0,0,0,0,0,1.985401522517,0,0,0,0,0,0
"practicable",0,0,0,0,0,0,0,0.729459326483919,1.45891865296784,0,0,0,0,0,3.6472966324196,0,0,0.729459326483919,0.729459326483919,0,0.729459326483919,0,0,0,0,0,0,0.729459326483919,0.729459326483919,0,0,0,0.729459326483919,0,0,0.729459326483919,0,0,0,0,0.729459326483919,0,0,0,0,0,0,0,0,0,0,0,0,0,0,0,0,0,0
"attend",0,0,0,0,0,0,0,1.85150794325577,0,0.925753971627887,0,0,1.85150794325577,1.85150794325577,0,0,0,0,0,0,0,0,0.925753971627887,0,0,0.925753971627887,0,0,0,0,0,0,0,2.77726191488366,0,0,0,0,0,0,0,0,0,0,0,0,0,0,0,0,0,0,0,0,0,0,0,0,0
"constitute",0,0,0,0,0,0,0,1.38334153118904,0,0.691670765594519,0,0,0.691670765594519,4.15002459356712,0.691670765594519,0.691670765594519,1.38334153118904,0,0.691670765594519,0.691670765594519,0,0,0,0,0,0,0.691670765594519,0.691670765594519,0,0,0.691670765594519,0,0,0,0,0,0,0,0,0,0,0,0,0,0,0,0,0,0,0,0,0,0,0,0,0,0,0,0
"activity",0,0,0,0,0,0,0,0.816609502202819,0,0,0,0,0,0.816609502202819,0,0,0,0,0,0,0,0,0,0,0,0,3.26643800881128,0,0.816609502202819,0,0,0.816609502202819,0,3.26643800881128,0,2.44982850660846,0.816609502202819,0,0,0,0.816609502202819,0,0,0,0,0,0,0,0,0,0,0,0,0,0,0,0,0,0
"dignity",0,0,0,0,0,0,0,0.515579506538838,0,0,0,0,0,0,0,0,0,0,0,0,0,0,0,0,0.515579506538838,0,0,0,0,0,0,0,0.515579506538838,0,0.515579506538838,0,0,0,0,0,0.515579506538838,1.03115901307768,1.03115901307768,0,0,1.03115901307768,0.515579506538838,0.515579506538838,0.515579506538838,2.57789753269419,0,0,0.515579506538838,1.03115901307768,1.54673851961651,0.515579506538838,1.03115901307768,0,1.54673851961651
"save",0,0,0,0,0,0,0,0.515579506538838,0.515579506538838,0,0,0,0.515579506538838,0,0.515579506538838,0,0,0,0,0.515579506538838,0,0,0.515579506538838,0.515579506538838,0,0,0.515579506538838,0,0.515579506538838,0,1.54673851961651,0,0,0,2.57789753269419,0,0,0.515579506538838,0.515579506538838,0,0.515579506538838,0.515579506538838,0,0.515579506538838,0,0,0,0,0.515579506538838,0,0,0,1.03115901307768,0,0,0,0,0,0
"diminish",0,0,0,0,0,0,0,0.770852011642144,0.770852011642144,0,0,0,0.770852011642144,0,0.770852011642144,0,0,0,0,0,0,0.770852011642144,0,0,0,0.770852011642144,0,0.770852011642144,0,0,0,0,0,0,1.54170402328429,0,0,0,0,0,0,0.770852011642144,0,0,0,0,0,0,0,0,0,0,0,0.770852011642144,0,0,0,0,0
"emergency",0,0,0,0,0,0,0,1.7355240493004,0.867762024650201,0,0,0,1.7355240493004,0,0,0,0,0,0,0,0,0,0.867762024650201,0,0,0,0,1.7355240493004,0,0,1.7355240493004,0,0,0,0,0,3.4710480986008,0,0,0,0,0.867762024650201,0,0,0,0,0,0,0,0,0,0,0,0,0,0,0,0,0
"arrangement",0,0,0,0,0,0,0,2.31255603492643,0.770852011642144,0,0,0,0,0.770852011642144,0,0,0,0,0.770852011642144,0,0,0,0,0.770852011642144,0,0,0,0.770852011642144,0.770852011642144,0,0,0,0,0,0.770852011642144,0,0.770852011642144,0,0,0,1.54170402328429,0,0,0,0,0,0,0,0,0,0,0,0,0,0,0,0,0,0
"organization",0,0,0,0,0,0,0,0.656908659335307,1.31381731867061,0.656908659335307,0,0,0.656908659335307,0,0.656908659335307,0,0.656908659335307,0,0,0,0,0,0.656908659335307,0.656908659335307,0,1.31381731867061,0,0,0.656908659335307,0,0.656908659335307,0,0,0,0,2.62763463734123,0,0,0,0,0,0,0,0,0,0,0,0,0,0,0.656908659335307,0,0,0,0,0,0,0,0
"near",0,0,0,0,0,0,0,1.7355240493004,0,0,0,0,0,0,0,0.867762024650201,0,0.867762024650201,0,0,0,0,0,0,0,2.6032860739506,0.867762024650201,0,1.7355240493004,0,0,0,0,0,0,0,0,0,0,0,0,0.867762024650201,0,0,0,0,0,0,0,0,0,0,0,0,0,0,0,0.867762024650201,0
"material",0,0,0,0,0,0,0,0.939644031956326,0,0,0,0,0.469822015978163,0,0.469822015978163,0,0,1.40946604793449,0.469822015978163,0,0.469822015978163,0,0.939644031956326,0.939644031956326,0,0.469822015978163,0,0,0,0.469822015978163,0,0.469822015978163,0,1.40946604793449,0,0,0.939644031956326,0.939644031956326,0.469822015978163,0,1.40946604793449,1.40946604793449,0.939644031956326,0,0,0.469822015978163,0,0,0,0,0.469822015978163,0,0,0,0,0,0,0,0
"price",0,0,0,0,0,0,0,0.56673202898622,1.13346405797244,0,0,0,0,0,1.70019608695866,0,0.56673202898622,0.56673202898622,0,0,0,0,0,0,0.56673202898622,0,0.56673202898622,0,0,0,0.56673202898622,0,0,1.13346405797244,0.56673202898622,0,0,0,0,0,0,0,1.70019608695866,0.56673202898622,0.56673202898622,0,0,0,2.26692811594488,0,0,0,0,0,0,0.56673202898622,0.56673202898622,0,0
"indian",0,0,0,0,0,0,0,0.816609502202819,1.63321900440564,0.816609502202819,0.816609502202819,0,0,0,0.816609502202819,0,0,0,0,0,0.816609502202819,1.63321900440564,0,0,0.816609502202819,0,0.816609502202819,0,0,0,0,0,0,0,0,0,0,0,0,0,0,0,0,0,0,0,0,0,0,0,0,0,0,0,0,0,0,0,0
"civilization",0,0,0,0,0,0,0,0.469822015978163,0,0.469822015978163,0,0,0,0,0,0.469822015978163,0,0,0,0,0.469822015978163,0.939644031956326,0,0,0.939644031956326,0,0.469822015978163,0.469822015978163,0.469822015978163,0.469822015978163,0,0,0,5.63786419173796,0.469822015978163,2.34911007989082,0.469822015978163,0.939644031956326,0.469822015978163,0.469822015978163,0.469822015978163,0,0,0,0,0.469822015978163,0,0,0,0,0,0.469822015978163,0,0,0,0,0,0,0
"treasury",0,0,0,0,0,0,0,0.770852011642144,0.770852011642144,0,0,0,0,3.08340804656858,0,0,0,1.54170402328429,0,0,0.770852011642144,0,0,0,0.770852011642144,1.54170402328429,0,3.08340804656858,0.770852011642144,0,0,0,0,0,0,0.770852011642144,0,0,0,0,0,0,0,0,0,0,0,0,0,0,0,0,0,0,0,0,0,0,0
"additional",0,0,0,0,0,0,0,0.925753971627887,0,0,0,0,0,0.925753971627887,1.85150794325577,0,1.85150794325577,0,0,0,0,0,0,0,0,0,0,0.925753971627887,0,0,2.77726191488366,0,0,0,0,1.85150794325577,0,0,0,0,0,0,0,0,0,0,0,0,0,0,0,0,0,0,0,0,0,0,0
"kind",0,0,0,0,0,0,0,0.656908659335307,1.97072597800592,0,0,0.656908659335307,0.656908659335307,0.656908659335307,0,0,0.656908659335307,0.656908659335307,0,0,0,0,0,0,0,0,0,0,0,0,1.97072597800592,0,0,0,0,0,0.656908659335307,0,0.656908659335307,0,0,0,0,0,0,1.31381731867061,0,0,1.31381731867061,0,0.656908659335307,0,0,0,0,0,0,0,0
"productive",0,0,0,0,0,0,0,0.624723975963906,0,0,0,0,0,1.24944795192781,0,0,0,1.24944795192781,0,0,0,0.624723975963906,0,0,0,0.624723975963906,0,0,0,0,0.624723975963906,0,0,0.624723975963906,0,0,0,0,0,0,0,0.624723975963906,0.624723975963906,0,0,0,0,0.624723975963906,0.624723975963906,1.24944795192781,0,0,0.624723975963906,0,0,0.624723975963906,0,0,0
"money",0,0,0,0,0,0,0,1.70019608695866,0,0.56673202898622,1.13346405797244,0.56673202898622,0,1.13346405797244,1.70019608695866,0,0,2.26692811594488,0,0,0,0,0,2.26692811594488,0,0,1.13346405797244,2.26692811594488,0.56673202898622,0,0,0,0,0,1.13346405797244,0,2.8336601449311,0,0,0,0,0,0,0,0,0.56673202898622,0,0,0,0.56673202898622,0.56673202898622,0,0,0,0,0,0,0,0
"responsible",0,0,0,0,0,0,0,0.624723975963906,0.624723975963906,0,0,0,0.624723975963906,0,1.24944795192781,0,0,0.624723975963906,0,0,0,0,0,1.24944795192781,0,0,0,0.624723975963906,0.624723975963906,0,2.49889590385562,0,0.624723975963906,0,1.24944795192781,0,0,0,0,0,0,0,0.624723975963906,0,0,0,0,0,0,0,0,0,0.624723975963906,0.624723975963906,0,0,0,0,0
"application",0,0,0,0,0,0,0,0.816609502202819,0,1.63321900440564,0,0,0,0.816609502202819,0.816609502202819,0,0,0,0,0,0,0,0,0,2.44982850660846,0.816609502202819,0,0.816609502202819,0,0,0.816609502202819,0,0,0,0,0,0,0,0,0,0.816609502202819,0,0,0,0,0,0,0,0,0,0,0,0,0,0,0,0,0,0
"agent",0,0,0,0,0,0,0,0.816609502202819,0,0,0,0,0,1.63321900440564,0,0,1.63321900440564,0.816609502202819,0,0.816609502202819,0,0,0,0,0,0,0.816609502202819,1.63321900440564,0,0,0.816609502202819,0,0,0,0,0,0,0,0,0,0,0,0,0,0,0,0,0,0,0,0,0,0,0,0.816609502202819,0,0,0,0
"intrust",0,0,0,0,0,0,0,0.867762024650201,0,0,0,0,0.867762024650201,2.6032860739506,1.7355240493004,0.867762024650201,0,0,0,0,0,0,0,1.7355240493004,0,0,0,0,0.867762024650201,0,0,0,0,0,0,0,0,0,0.867762024650201,0,0,0,0,0,0,0,0,0,0,0,0,0,0,0,0,0,0,0,0
"strictly",0,0,0,0,0,0,0,0.867762024650201,0,0,0,0,0.867762024650201,2.6032860739506,0.867762024650201,0.867762024650201,2.6032860739506,0.867762024650201,0,0,0,0,0.867762024650201,0,0,0,0,0,0,0,0,0,0,0,0,0,0,0,0,0,0,0,0,0,0,0,0,0,0,0,0,0,0,0,0,0,0,0,0
"account",0,0,0,0,0,0,0,0.729459326483919,0,0,0,0,0.729459326483919,0,0.729459326483919,0,0,0,0,0,0.729459326483919,0.729459326483919,0,0,0,0,0,0.729459326483919,0,0,0,0,0.729459326483919,0,0.729459326483919,0,0,0,0,0,0,0,0,0,0,0,0,0,0,0,0.729459326483919,0,0,0,0,0.729459326483919,0,0,0.729459326483919
"perform",0,0,0,0,0,0,0,1.08080618052774,1.08080618052774,0,0.54040309026387,0,2.16161236105548,1.08080618052774,0,0,1.08080618052774,0,0.54040309026387,0,0,1.08080618052774,0,0,0,0,0.54040309026387,0,1.08080618052774,0,2.16161236105548,0,0.54040309026387,0,0,0,0,0,0,0.54040309026387,0.54040309026387,0,0.54040309026387,0,0,0,0,0.54040309026387,0.54040309026387,0,0,0,0,0,0,0,0,0,0
"modern",0,0,0,0,0,0,0,0.656908659335307,0,0,0,0,0,1.97072597800592,0,0,0,0,0,0,0,0,0,0,0,0.656908659335307,0,0,0,0.656908659335307,2.62763463734123,0,0,0.656908659335307,0,0,0.656908659335307,0,0,0,0.656908659335307,0,0.656908659335307,0.656908659335307,0,0.656908659335307,0,0,0,0.656908659335307,0,0,0,0,0,0,0.656908659335307,0,0
"expand",0,0,0,0,0,0,0,0.770852011642144,0,0,0,0,0.770852011642144,0,1.54170402328429,0,0,0.770852011642144,0,0,0,0,0,0.770852011642144,0,0,0,0,0,0,0.770852011642144,0,0,1.54170402328429,0,0.770852011642144,0,0,0,0,0.770852011642144,0,0,0,0,0,0,0,0,0,0,0,0,0,0,1.54170402328429,0,0,0
"prayer",0,0,0,0,0,0,0,0.492098410689315,0.492098410689315,0,0,0.492098410689315,0.492098410689315,0,0,0,0,0,0,0.492098410689315,0.492098410689315,0,0,0,0.492098410689315,0,0,0.492098410689315,0.492098410689315,0,0,0,0,0.492098410689315,0,0,0,0,0,0,0.492098410689315,0.98419682137863,0.98419682137863,0,0,0,0.492098410689315,0,0.98419682137863,1.96839364275726,0.492098410689315,0,0,0.492098410689315,0,0,0,0,1.96839364275726
"rather",0,0,0,0,0,0,0,0,0.856858661639876,0,0.428429330819938,0,0,0.856858661639876,0,0,0.428429330819938,0,0.856858661639876,0.856858661639876,0,0.856858661639876,0.428429330819938,0,0,0.856858661639876,0,0.856858661639876,0,0.428429330819938,0,0,0.428429330819938,0.428429330819938,0.428429330819938,0,0,0,0,0,0,0.428429330819938,0.428429330819938,0,0.428429330819938,0,0,0.428429330819938,0.428429330819938,0,0,0,0,0,0,1.28528799245981,0.428429330819938,0.428429330819938,0
"division",0,0,0,0,0,0,0,0,0.594760752586463,1.18952150517293,0,0,0,1.78428225775939,0,0,0,0,0,0,0.594760752586463,0,0,0,0,0,0,0,1.18952150517293,0,0,0,1.18952150517293,0,0,0,0,0,0,0,0,0,0,0,0.594760752586463,0.594760752586463,0.594760752586463,0,1.18952150517293,0,0,1.18952150517293,0.594760752586463,0,1.78428225775939,0,0,0.594760752586463,0.594760752586463
"indicate",0,0,0,0,0,0,0,0,0.770852011642144,0.770852011642144,0,0,0,0,0,0.770852011642144,0,0,0.770852011642144,0,0,0,0,0.770852011642144,0,0,1.54170402328429,0.770852011642144,1.54170402328429,0,0,0,0,0,0.770852011642144,1.54170402328429,0,0,0,0,0,0,0,0,0,0,0,0,0,0,0,0,0,0,0,0,0,0,0
"stability",0,0,0,0,0,0,0,0,0.816609502202819,0,0,0,1.63321900440564,0,0,0,0,0,0,0,0,0,0,0,0,0,0,0.816609502202819,0,0,0.816609502202819,0,0.816609502202819,0.816609502202819,0.816609502202819,2.44982850660846,0,0,0,0,1.63321900440564,0,0,0,0,0,0,0,0,0,0,0,0,0,0,0,0,0,0
"succeed",0,0,0,0,0,0,0,0,0.656908659335307,0.656908659335307,0,0,0.656908659335307,0,0,0,0,0,0,0,0,0,0,0,1.31381731867061,0,0.656908659335307,0,0,0,0,0.656908659335307,0.656908659335307,0,0,1.31381731867061,0,0,0,0,0,0,0,0,0.656908659335307,0.656908659335307,0,0,0,0,0.656908659335307,0,1.31381731867061,0,0,0,1.31381731867061,0,0
"movement",0,0,0,0,0,0,0,0,2.6032860739506,0,0,0,0,0,0,0,0,0,0,0,0,0,0,0,0,0,0,0,0.867762024650201,0,0.867762024650201,0,0,0,1.7355240493004,1.7355240493004,0,0,0,0,0,0,0,0,0,0,0,0,0,0,0,0.867762024650201,0,0,0.867762024650201,0,0,1.7355240493004,0
"recent",0,0,0,0,0,0,0,0,0.54040309026387,0.54040309026387,0.54040309026387,0,1.08080618052774,0,0,0,0.54040309026387,0.54040309026387,0,0,0,0,0.54040309026387,0,0,0.54040309026387,0,0.54040309026387,0.54040309026387,0,0.54040309026387,0,0,0,0,1.62120927079161,0,0,0.54040309026387,0,0,0,0.54040309026387,0,0,0,0.54040309026387,0.54040309026387,0,0,0,0,0,0,0,0,0,0,0.54040309026387
"patriotic",0,0,0,0,0,0,0,0,0.56673202898622,0,0.56673202898622,0.56673202898622,0.56673202898622,1.13346405797244,1.13346405797244,0,1.13346405797244,0,0.56673202898622,0,0,0,0.56673202898622,0,1.70019608695866,1.70019608695866,1.70019608695866,1.13346405797244,0.56673202898622,0,0,0.56673202898622,0,0.56673202898622,0,0,0,0,0,0,0,0,0,0,0,0,0,0,0,0,0,0,0,0,0,0,0,0,0
"prevent",0,0,0,0,0,0,0,0,1.08080618052774,0,0,0,1.08080618052774,1.62120927079161,0.54040309026387,0,0,0,1.08080618052774,0,0,0,0,2.16161236105548,0.54040309026387,0.54040309026387,0.54040309026387,1.08080618052774,0,0,4.32322472211096,0,0.54040309026387,0.54040309026387,0,1.08080618052774,0.54040309026387,0,0,0,0,0,0,0.54040309026387,0,0,0,0,0,0,0,0,0,0.54040309026387,0,0,0,0,0
"evil",0,0,0,0,0,0,0,0,0.409124175624551,0.409124175624551,0,0,0.409124175624551,0.818248351249103,0.409124175624551,0,0.409124175624551,2.04562087812276,0.818248351249103,0,0,0,0.409124175624551,0.818248351249103,0,1.6364967024982,0.409124175624551,0,0.409124175624551,0,0.409124175624551,1.22737252687365,0,0.409124175624551,0,0.818248351249103,0.409124175624551,0.818248351249103,0.409124175624551,0,0,0.818248351249103,0.409124175624551,0,0,0,0,0,0,0,0,0,0,0,0.409124175624551,0,0,0,0
"construction",0,0,0,0,0,0,0,0,1.63321900440564,2.44982850660846,0,0,0.816609502202819,2.44982850660846,0,0,0,2.44982850660846,0,0,0,0.816609502202819,0,0,0.816609502202819,0.816609502202819,0,0,0,0,0.816609502202819,0,0,0,0,0,0,0,0,0,0,0,0,0,0,0,0,0,0,0,0,0,0,0,0,0,0,0,0
"attack",0,0,0,0,0,0,0,0,1.54170402328429,0,0,0,0,0,0,0,0,0,0,0,0,0,0,0,0,0,0.770852011642144,0.770852011642144,0,0,0.770852011642144,0,0,0,0,0.770852011642144,1.54170402328429,0,0,0,3.08340804656858,0,0,0,0,0,0,0,0,0,0,0,0,0.770852011642144,1.54170402328429,0,0,0,0.770852011642144
"small",0,0,0,0,0,0,0,0,0.409124175624551,0,0,0.409124175624551,0.818248351249103,0.409124175624551,0,0.409124175624551,0,0,0,0,0,0,0,0.818248351249103,0,0.818248351249103,0,0.409124175624551,0,0.409124175624551,0,0,0,0.409124175624551,1.22737252687365,0.409124175624551,0.818248351249103,0,0,0,0,0,0.409124175624551,0,0.409124175624551,1.22737252687365,0,0,0.818248351249103,0,0.409124175624551,0.409124175624551,0.818248351249103,1.22737252687365,0,1.6364967024982,0,0.818248351249103,0
"number",0,0,0,0,0,0,0,0,0.770852011642144,0.770852011642144,0.770852011642144,0,1.54170402328429,0,0.770852011642144,0,0,0,0.770852011642144,0,0,0,0,0,0,0,0,0,0,0,0,0,0,0,0.770852011642144,1.54170402328429,0,0,0,0,0,0,0,0,0,0,0,0,0,0,0,0.770852011642144,0.770852011642144,0,0,0,0,0,0
"south",0,0,0,0,0,0,0,0,0.691670765594519,0,0,0,0,0,0,0,0.691670765594519,1.38334153118904,0.691670765594519,0.691670765594519,0,0,2.07501229678356,2.76668306237808,0,2.07501229678356,0,0.691670765594519,0,0,8.30004918713423,0,0,0,0,0,0,0,0,0,0,0,0.691670765594519,1.38334153118904,0,0,0,0,0,0,0,0,0,0,0,0,0,0,0
"interfere",0,0,0,0,0,0,0,0,1.63321900440564,0,0,0,0,1.63321900440564,0.816609502202819,0,0.816609502202819,1.63321900440564,1.63321900440564,0,0,0,0,0.816609502202819,0,0,0,0,0,0,2.44982850660846,0,0,0,0.816609502202819,0,0,0,0,0,0,0,0,0,0,0,0,0,0,0,0,0,0,0,0,0,0,0,0
"opposition",0,0,0,0,0,0,0,0,0.816609502202819,0,0,0,0,2.44982850660846,0.816609502202819,0,0,0,0,0,0,0,0,0,0,0.816609502202819,0.816609502202819,0.816609502202819,0.816609502202819,0,0.816609502202819,0,0,0,0,0,0,0,0,0,0,0,0,0,0,0,0,0,0,0,0.816609502202819,0,0,0,0,0,0,0,0
"strict",0,0,0,0,0,0,0,0,1.18952150517293,0.594760752586463,0.594760752586463,0,1.18952150517293,0.594760752586463,1.78428225775939,0.594760752586463,0.594760752586463,0.594760752586463,0.594760752586463,0,0.594760752586463,0,0,0,0,0,0.594760752586463,0,0.594760752586463,0,0.594760752586463,0,0,0,0,0,0.594760752586463,0,0,0,0,0,0,0,0,0,0,0,0,0,0,0,0,0,0,0,0,0,0
"privilege",0,0,0,0,0,0,0,0,0.469822015978163,0,0,0,0.469822015978163,3.28875411184714,0,0,0.939644031956326,0,0.469822015978163,0,0.939644031956326,0,0,0.939644031956326,0.469822015978163,1.40946604793449,0,0,0,0,0.939644031956326,0,0.469822015978163,0.469822015978163,0.469822015978163,0.469822015978163,0,0,0.469822015978163,0,0.469822015978163,1.40946604793449,0,0,0,0,0.469822015978163,0,0,0,0,0.469822015978163,0,0,0,0,0.469822015978163,0,0
"trade",0,0,0,0,0,0,0,0,0.856858661639876,0,0,0.428429330819938,0,0,0.856858661639876,0,0.856858661639876,1.71371732327975,0.856858661639876,0,0.428429330819938,0.428429330819938,0,0,0.428429330819938,1.71371732327975,0.428429330819938,1.71371732327975,0.428429330819938,0,4.71272263901932,0,0.428429330819938,2.14214665409969,0,0,1.28528799245981,0,0,0,1.28528799245981,0.856858661639876,0,0,0,0,0,0,0,0,0.428429330819938,0,0.428429330819938,0,0,0,0,0.428429330819938,0
"alike",0,0,0,0,0,0,0,0,1.38334153118904,0.691670765594519,0,0,0,0,0.691670765594519,0,0,0,0,0,0.691670765594519,0,0,1.38334153118904,0,0,0,0,0,0.691670765594519,0,0,1.38334153118904,0,0,0,0.691670765594519,0,0,0,0,0.691670765594519,0,0.691670765594519,0,0.691670765594519,0,0,0.691670765594519,0,0,0,0,0,0,0,0,0,0
"accept",0,0,0,0,0,0,0,0,0.372912002970107,0,0,0,0,0.372912002970107,0,0,0,0.372912002970107,0.372912002970107,0.372912002970107,0.372912002970107,0.745824005940213,1.49164801188043,0.372912002970107,0,1.49164801188043,0,1.11873600891032,0,0,0,0,0,0.745824005940213,0.745824005940213,1.11873600891032,0,0.372912002970107,0,0,0.745824005940213,0.372912002970107,0.372912002970107,0,0,0,0.372912002970107,0,0.372912002970107,0,0.372912002970107,0,0,0.372912002970107,1.49164801188043,0.372912002970107,0,0.372912002970107,0
"island",0,0,0,0,0,0,0,0,0.992700761258501,0,0,0,0,0,0,0,0,0,0,0,0,0,0,0,0,0.992700761258501,0,0,8.9343068513265,0,0.992700761258501,0,0,0,0.992700761258501,0,0,0,0,0,0,0,1.985401522517,0,0,0,0,0,0,0,0,0,0,0,0,0,0,0,0
"bad",0,0,0,0,0,0,0,0,0.56673202898622,0,0,0,0,1.13346405797244,0,0,0,0,0.56673202898622,0,0.56673202898622,0,0,0.56673202898622,0,0.56673202898622,0,0,0.56673202898622,0,0,0.56673202898622,0,0,1.13346405797244,0.56673202898622,0,1.13346405797244,0,0,0,0,0,0,0,0,0,0,0.56673202898622,0,0,0.56673202898622,0,0.56673202898622,0,0.56673202898622,0.56673202898622,0,0
"tribunal",0,0,0,0,0,0,0,0,0.770852011642144,0,0,0,0.770852011642144,0,0.770852011642144,0.770852011642144,1.54170402328429,0,1.54170402328429,0,0,0,2.31255603492643,0,0,0,0,0,0,0,0.770852011642144,0,0,0,0.770852011642144,1.54170402328429,0,0,0,0,0,0,0,0,0,0,0,0,0,0,0,0,0,0,0,0,0,0,0
"dispute",0,0,0,0,0,0,0,0,0.729459326483919,0,0,0,0.729459326483919,2.91783730593568,0,0.729459326483919,0,0.729459326483919,1.45891865296784,0,0,0,2.91783730593568,0,0,0,0,0.729459326483919,0,0,1.45891865296784,0,0,0,1.45891865296784,0,0,0,0,0,0.729459326483919,0,0,0,0,0,0,0,0,0,0,0,0,0,0,0,0,0,0
"dominion",0,0,0,0,0,0,0,0,2.77726191488366,1.85150794325577,0,0,0,0,1.85150794325577,0,0,0.925753971627887,0,0,0,0,0,0,0,0,0,0,0,0,0,0,0,0,0.925753971627887,0,0,0,0,0,0,0,0,0,1.85150794325577,0.925753971627887,0,0,0,0,0,0,0,0,0,0,0,0,0
"adjust",0,0,0,0,0,0,0,0,0.770852011642144,0,0,0,0,0,1.54170402328429,0,0,0,0.770852011642144,0,0,0,1.54170402328429,0,0.770852011642144,1.54170402328429,0.770852011642144,0,0,0,0.770852011642144,0,0,0.770852011642144,0,0,0,0,0,0,0,0,0,0,0,0,0,0.770852011642144,0,0,0,0,0,0,0,0,0,0,0
"west",0,0,0,0,0,0,0,0,0.770852011642144,0,0,0,0,0,0.770852011642144,0,0,1.54170402328429,0,0,0.770852011642144,0,0,0,0,0,0,0,0,0,0.770852011642144,0,0,0,0,0.770852011642144,0,0,0,0,0,0,0,0.770852011642144,0,0,0,0,0.770852011642144,0.770852011642144,0,0,0,0,0,1.54170402328429,0,0,0
"continent",0,0,0,0,0,0,0,0,0.469822015978163,0.469822015978163,0,0,0,0,0,0,0.469822015978163,0,0,0,0,0.939644031956326,0,0.469822015978163,0.469822015978163,0,0,0,0,0.939644031956326,0.469822015978163,0,0.469822015978163,0.939644031956326,0.469822015978163,0,0,0.469822015978163,1.40946604793449,0,0.469822015978163,0.939644031956326,0.939644031956326,0,0.469822015978163,0,0,0,0,0,0,0.469822015978163,0.469822015978163,0.469822015978163,0,0,0,0,0
"commercial",0,0,0,0,0,0,0,0,0.816609502202819,0,0,0,0.816609502202819,0,0,0,0,0.816609502202819,0,0,0,0,0.816609502202819,2.44982850660846,0,4.0830475110141,0,1.63321900440564,0.816609502202819,0,0,0,0,1.63321900440564,0,0,0,0,0,0,0,0,0,0,0,0,0,0,0,0,0,0,0,0,0,0,0,0,0
"transfer",0,0,0,0,0,0,0,0,1.54170402328429,0,0,0,0,0,1.54170402328429,0,0,0,0,0,0,0,0,0,0.770852011642144,0,0,0,0.770852011642144,0,0,0,0,0,0,0.770852011642144,0,0,0,0,0,0,0,0,0,1.54170402328429,0,0,0.770852011642144,0,0,0,0,0.770852011642144,0,0,0,2.31255603492643,0.770852011642144
"come",0,0,0,0,0,0,0,0,0.158068154922409,0,0,0,0.158068154922409,0.632272619689635,0.316136309844817,0,0.158068154922409,0,0.316136309844817,0.632272619689635,0.316136309844817,0.158068154922409,0.474204464767226,0.632272619689635,0,0.474204464767226,0,0.316136309844817,0.316136309844817,0,0.790340774612043,0.790340774612043,0.158068154922409,0.632272619689635,0.474204464767226,0.316136309844817,0.474204464767226,0.474204464767226,0.790340774612043,0.158068154922409,0.474204464767226,0.632272619689635,0.474204464767226,0.158068154922409,0.632272619689635,1.26454523937927,0.948408929534452,0,0.316136309844817,0.790340774612043,0.316136309844817,0.316136309844817,1.10647708445686,0.158068154922409,1.26454523937927,0.790340774612043,0,0.316136309844817,1.10647708445686
"except",0,0,0,0,0,0,0,0,0.56673202898622,0.56673202898622,0,0,0.56673202898622,0.56673202898622,0,0,0.56673202898622,2.26692811594488,0.56673202898622,0,0,0.56673202898622,0,0,0.56673202898622,1.13346405797244,0,0.56673202898622,0,0,0,0.56673202898622,0,1.13346405797244,0.56673202898622,0.56673202898622,0,0,0,0,0,0,0,0,0,0,0,0,0.56673202898622,0,0,0,0,0,0,0,0,0,0
"slave",0,0,0,0,0,0,0,0,0.816609502202819,0.816609502202819,0,0,0,0.816609502202819,0,0,0,0.816609502202819,5.71626651541973,1.63321900440564,0,0.816609502202819,0,0.816609502202819,0,0,0,0,0,0,0,0,0,0,0,0,0,0,0,0,0,0,0,0,0,0,0,0,0,0,0,0,0,0,0.816609502202819,0,0,0,0
"nearly",0,0,0,0,0,0,0,0,0.656908659335307,1.31381731867061,0,0,1.31381731867061,0,0,0,0.656908659335307,0.656908659335307,1.97072597800592,0,0,0,0,0,0,0,0,1.31381731867061,1.31381731867061,0,0,0,0,0,0,0,0,0.656908659335307,0,0,0,0,0.656908659335307,0.656908659335307,0,0,0,0,0,0,0,0,0.656908659335307,0.656908659335307,0,0,0,0,0
"yield",0,0,0,0,0,0,0,0,0.691670765594519,1.38334153118904,0,0.691670765594519,0,0.691670765594519,0,0,0,0,0,0,0,0,0.691670765594519,0.691670765594519,0,0.691670765594519,0,0,0,0,0,0,0,0,0,0,0,0.691670765594519,0,0,0,0,0.691670765594519,0,0,0,0,0,0,0.691670765594519,0.691670765594519,0,0,0.691670765594519,0,0,0,0,0
"taxation",0,0,0,0,0,0,0,0,0.729459326483919,0.729459326483919,0,0,0.729459326483919,0,0,0,0,0,0,0,0,0,0,0,0.729459326483919,0,0.729459326483919,3.6472966324196,0.729459326483919,0,2.91783730593568,0.729459326483919,0,0.729459326483919,2.91783730593568,0,0,0,0,0,0,0,0,0,0,0,0,0,0,0,0,0,0,0,0,0,0,0,0
"depression",0,0,0,0,0,0,0,0,1.38334153118904,0,0,0,0,0,0,0,0,0,0,0,0,0,0.691670765594519,0,0,0,0,1.38334153118904,0.691670765594519,0,0.691670765594519,0,0,0,0,0,0,0.691670765594519,0,0,0,0.691670765594519,0,0,0.691670765594519,0.691670765594519,0,0,0,0,0,1.38334153118904,0,0.691670765594519,0,0,0,0,0.691670765594519
"relief",0,0,0,0,0,0,0,0,0.691670765594519,0.691670765594519,0,0,0,0.691670765594519,0,0,0.691670765594519,0.691670765594519,0,0,0,0,0,0,0,0.691670765594519,0,2.07501229678356,0,0,0.691670765594519,0,0,0,2.07501229678356,0.691670765594519,0.691670765594519,0,0,0,0.691670765594519,0,0,0,0,0,0,0,0,0,0,0,0,0,0,0,0,0,0
"session",0,0,0,0,0,0,0,0,0.992700761258501,0,0,0,0,0,0,0,0,0,0,0,0,0,0,0,0,0,0,4.9635038062925,1.985401522517,0,2.9781022837755,0,0,0,0,1.985401522517,0.992700761258501,0,0,0,0,0,0,0,0,0,0,0,0,0,0,0,0,0,0,0,0,0,0
"treat",0,0,0,0,0,0,0,0,0.729459326483919,0,0,0,0.729459326483919,0.729459326483919,0,0,0,0,0,0,0,0,0,0,0.729459326483919,0.729459326483919,0.729459326483919,0,0,0,0.729459326483919,0,0,0,0,0,1.45891865296784,0,0,0,0,0,0,0,0,0,0,0,0,0,0,0,0.729459326483919,0,0,0,1.45891865296784,0,0.729459326483919
"distinction",0,0,0,0,0,0,0,0,0.770852011642144,0,0,0,0,0.770852011642144,0.770852011642144,0.770852011642144,0,0,0,0,0,0,0.770852011642144,0,0.770852011642144,0.770852011642144,0,0,0,0,0,0,0.770852011642144,0,0,2.31255603492643,0,0,0,0,0,0,0,0,0,0,0,0,0.770852011642144,0,0,0,0,0,0,0,0,0,0
"constantly",0,0,0,0,0,0,0,0,0.624723975963906,0,0,0.624723975963906,0.624723975963906,0,0,0,0.624723975963906,0,0,0.624723975963906,0,0,0,0,0,0,0.624723975963906,0.624723975963906,0,0,0.624723975963906,0,0,0,0.624723975963906,1.87417192789172,0,0,0.624723975963906,0,1.24944795192781,0,0,0,0.624723975963906,0,0,0,0,0,0,0,0,0,0,0,0,0.624723975963906,0
"back",0,0,0,0,0,0,0,0,0.54040309026387,0.54040309026387,0,0,1.62120927079161,0,0,0,0,0,0,0,0,0,0,0,0,0,0,0,0,0,0.54040309026387,0,1.08080618052774,0,1.08080618052774,0,0,0.54040309026387,0,0,0.54040309026387,0,0.54040309026387,1.08080618052774,0,0,0,0,2.16161236105548,1.62120927079161,1.08080618052774,0.54040309026387,0.54040309026387,0,0,1.08080618052774,0,3.24241854158322,0
"real",0,0,0,0,0,0,0,0,0.54040309026387,0,0.54040309026387,0,0.54040309026387,0,0,0,0,0,1.08080618052774,0,0,0,0,0,0,1.62120927079161,0,0.54040309026387,0,0,0,0.54040309026387,0,0,1.08080618052774,0.54040309026387,0,0,0.54040309026387,0,0,0,0,0,0.54040309026387,0.54040309026387,0,0,0,0,0,0,1.08080618052774,0,0.54040309026387,0.54040309026387,1.08080618052774,0,0.54040309026387
"cease",0,0,0,0,0,0,0,0,0.770852011642144,0,0,0,0.770852011642144,0,0,0,0.770852011642144,0.770852011642144,2.31255603492643,1.54170402328429,0,0,0,0,0,1.54170402328429,0,0.770852011642144,0,0,0,0,0,0,0,0,0,0,0,0,0,0.770852011642144,0.770852011642144,0,0,0,0,0,0,0,0,0,0,0,0,0,0,0,0
"grant",0,0,0,0,0,0,0,0,0.56673202898622,0,0.56673202898622,0,0,10.7679085507382,1.13346405797244,0,0.56673202898622,2.26692811594488,0,0,0,0,0.56673202898622,0,0.56673202898622,0.56673202898622,0.56673202898622,1.13346405797244,0,0.56673202898622,0.56673202898622,0,0,0,0,0,0,0,0,0,0,0,0,0.56673202898622,0,0,0,0,1.13346405797244,0,0,0,0,0,0.56673202898622,0,0,0,0
"impossible",0,0,0,0,0,0,0,0,0.691670765594519,0,0,0,0,0.691670765594519,0,0,0,0.691670765594519,1.38334153118904,0,0,0,0,0.691670765594519,0,1.38334153118904,0,0,0,0.691670765594519,0.691670765594519,0.691670765594519,0.691670765594519,0,0,0.691670765594519,0,0,0.691670765594519,0,0,0,0,0,0,0,0,0,0,0,0,0,0,0,0,0,0,0,0
"unless",0,0,0,0,0,0,0,0,0.816609502202819,0,0,0,0.816609502202819,0,0,0,0,1.63321900440564,3.26643800881128,0,0.816609502202819,0,0,0,0,0,0,0,0,0,0,0,0,0,4.0830475110141,0.816609502202819,0,0,0,0,0,0,0,0,0,0,1.63321900440564,0,0,0,0.816609502202819,0,0,0,0,0,0,0,0
"occur",0,0,0,0,0,0,0,0,0.729459326483919,0,0,0.729459326483919,2.18837797945176,1.45891865296784,1.45891865296784,0,0.729459326483919,0,0.729459326483919,0,0,0,0.729459326483919,0,0,0,0,0,0,0,1.45891865296784,0,0,0,0.729459326483919,0,0,0,0,0,0.729459326483919,0,0,0,0,0,0,0,0,0,0,0,0,0,0,0,0,0,0
"season",0,0,0,0,0,0,0,0,0.925753971627887,0,0,0,0.925753971627887,0,0.925753971627887,0,0,0.925753971627887,0,0,0,0,0,1.85150794325577,0,0,0,0,0,0,0,0,0.925753971627887,0,0,0,0,0,0,0,0,0,0,0,0,0,0,0,0,0,0,3.70301588651155,0,0,0,0,0,0,0
"peril",0,0,0,0,0,0,0,0,0.624723975963906,0,0,0,0,0,0,0,0,0,0.624723975963906,0,0,0,0,0.624723975963906,0.624723975963906,0,0.624723975963906,0.624723975963906,0.624723975963906,1.24944795192781,0,0,0,0.624723975963906,0,0,0.624723975963906,0,1.24944795192781,0,0,0,1.24944795192781,0,0,0,0,0,0,0,0,0,0,0,0,0.624723975963906,0,0,0.624723975963906
"realize",0,0,0,0,0,0,0,0,0.448632716908225,0,0,0.448632716908225,0.448632716908225,2.69179630144935,0,0,1.7945308676329,0,0,0,0,0,0.448632716908225,0,0.448632716908225,0,0.448632716908225,0.89726543381645,0,0,0.89726543381645,0,0.89726543381645,0,0.89726543381645,0.448632716908225,0.89726543381645,0.448632716908225,0,0,0.89726543381645,0.448632716908225,0,0,0,0.448632716908225,0,0,0.89726543381645,0,0,0,0.448632716908225,0,0,0,0.448632716908225,0,0
"efficient",0,0,0,0,0,0,0,0,0.867762024650201,0,0,0,0,0,0,0,2.6032860739506,0.867762024650201,0,0,0,0,0.867762024650201,0,0,1.7355240493004,0,0.867762024650201,0,0,0,0.867762024650201,0,1.7355240493004,0,0,0,0,0,0,0,0,0,0,0,0,0,0,0,0,0,0,0,0,0,0,0,0,0
"clearly",0,0,0,0,0,0,0,0,0.492098410689315,0.492098410689315,0,0.492098410689315,0,0.492098410689315,1.47629523206795,0,0.492098410689315,0,0.492098410689315,0,0,0,0,0,0.492098410689315,0.98419682137863,0,0.98419682137863,0.492098410689315,0,0,0,0,0,0.492098410689315,0,0,0,0,0.492098410689315,0,0.492098410689315,0.492098410689315,0,0,0,0.492098410689315,0,0,0,0.492098410689315,0.492098410689315,0,0,0,0,0,0,0.492098410689315
"ago",0,0,0,0,0,0,0,0,0.339488247483157,0,0,0,0.339488247483157,0,0.339488247483157,0,0.339488247483157,0.339488247483157,0,0.678976494966314,0.339488247483157,0,0,0.339488247483157,0,0.339488247483157,0,0,1.35795298993263,0,0.678976494966314,0.678976494966314,0.339488247483157,0,0,0,0,1.01846474244947,0.339488247483157,0,0.339488247483157,0,0.339488247483157,0.339488247483157,0,0.678976494966314,0.339488247483157,0.678976494966314,0,1.35795298993263,0.678976494966314,0,0.678976494966314,0,0,0.339488247483157,0.339488247483157,0,1.01846474244947
"swear",0,0,0,0,0,0,0,0,0.770852011642144,0.770852011642144,0,0,0,0,0,0.770852011642144,0,0,0.770852011642144,0,0,0,0,0,0,0,0,0,0,0,0,0,0,0,0,0,0,0,0,0,0,0.770852011642144,0,0.770852011642144,0,0,0,0,0,0,0,0.770852011642144,0,0,0.770852011642144,0,1.54170402328429,0,0.770852011642144
"ability",0,0,0,0,0,0,0,0,0.469822015978163,0.469822015978163,0.469822015978163,0.939644031956326,0.939644031956326,0.939644031956326,1.40946604793449,0.469822015978163,0,0.469822015978163,0.469822015978163,0,1.40946604793449,0,0,0,0,0,0.469822015978163,2.34911007989082,0.469822015978163,0,0,0,0,0.469822015978163,0,1.87928806391265,0.469822015978163,0.469822015978163,0,0,0.469822015978163,0,0,0,0,0,0,0,0,0,0,0,0,0,0,0.469822015978163,0,0,0
"god",0,0,0,0,0,0,0,0,0.179787404615645,0,0,0,0,0,0,0,0.179787404615645,0.179787404615645,0,0.898937023078225,0.179787404615645,0,0,0.539362213846935,0.179787404615645,0.35957480923129,0.35957480923129,0.35957480923129,0.35957480923129,0,0.179787404615645,0.179787404615645,0.179787404615645,0.71914961846258,0.179787404615645,0.35957480923129,0.35957480923129,0,0.179787404615645,0.35957480923129,0.35957480923129,0.71914961846258,0.179787404615645,0.35957480923129,0.539362213846935,0.898937023078225,0.35957480923129,0.179787404615645,0.71914961846258,1.43829923692516,0.35957480923129,0.179787404615645,0.179787404615645,0.539362213846935,0.539362213846935,0.539362213846935,0.898937023078225,0.539362213846935,0.71914961846258
"performance",0,0,0,0,0,0,0,0,0,3.08340804656858,0.770852011642144,0,0,1.54170402328429,0.770852011642144,1.54170402328429,0.770852011642144,0,0,0,0,0,0.770852011642144,0,0,0,0,0,0.770852011642144,0,0,0,0,0.770852011642144,0,0,1.54170402328429,0,0,0,0,0,0,0,0,0,0,0,0,0,0,0,0,0,0,0,0,0,0
"countryman",0,0,0,0,0,0,0,0,0,1.11873600891032,0,0.372912002970107,2.23747201782064,2.23747201782064,0.745824005940213,0.372912002970107,1.11873600891032,0.745824005940213,0.372912002970107,0,0,0.372912002970107,0.745824005940213,0.372912002970107,0.745824005940213,0,1.86456001485053,0.745824005940213,0.745824005940213,0,0,0,0.372912002970107,0.372912002970107,0.745824005940213,1.49164801188043,0,0,0,0.372912002970107,0,0,0.372912002970107,0,0.372912002970107,0.372912002970107,0,0,0.372912002970107,0,0,0,0,0,0,0,0,0,0
"defend",0,0,0,0,0,0,0,0,0,0.409124175624551,0.818248351249103,0,0.409124175624551,0.409124175624551,0.409124175624551,0.409124175624551,0,1.22737252687365,0.818248351249103,0,0,0,0,0,0.818248351249103,1.22737252687365,1.22737252687365,0.409124175624551,0.409124175624551,0,0.409124175624551,0,0,0,0,0,0,0,0,0,0,0.409124175624551,0,0.409124175624551,0,0.409124175624551,0.409124175624551,0,0,0,0,0,0,1.6364967024982,1.6364967024982,0,0.409124175624551,0.818248351249103,1.6364967024982
"away",0,0,0,0,0,0,0,0,0,1.47629523206795,0,0,0.492098410689315,0,0.492098410689315,0,0,0.492098410689315,0,0.492098410689315,0,0,0.492098410689315,0,0,0,0.492098410689315,0,0,0.492098410689315,1.47629523206795,0,0,0,0.98419682137863,0,0,0,0.492098410689315,0.492098410689315,0,0,0,0.492098410689315,0,0.492098410689315,1.47629523206795,0,1.96839364275726,0.492098410689315,0.492098410689315,0,0,0,0,0,0.492098410689315,0,0
"aspiration",0,0,0,0,0,0,0,0,0,0.691670765594519,0,0,0,0,0,0,0,0,0,0,0,0,0,0,0.691670765594519,0,0,0.691670765594519,0,0,0,0,0,1.38334153118904,0,3.4583538279726,0,0,0.691670765594519,0,0.691670765594519,0.691670765594519,0.691670765594519,0,0,0.691670765594519,0,0,0.691670765594519,0.691670765594519,0,0,0,0,0,0,0,0,0
"covenant",0,0,0,0,0,0,0,0,0,1.07188200730613,0,0,0,0,0,0,0,0,0,0,0,0,0,0,0,4.2875280292245,0,0,0,0,0,0,0,0,2.14376401461225,0,0,1.07188200730613,0,0,0,0,0,0,6.43129204383675,0,0,0,0,0,0,0,0,0,0,0,0,0,0
"practical",0,0,0,0,0,0,0,0,0,1.08080618052774,0,0,0.54040309026387,0,0.54040309026387,0,1.08080618052774,1.62120927079161,0.54040309026387,0,0,0,0.54040309026387,0.54040309026387,0.54040309026387,0,0,0,0,0.54040309026387,1.08080618052774,0.54040309026387,0,0.54040309026387,1.62120927079161,0.54040309026387,1.08080618052774,1.62120927079161,0,0,0,0,0,0,0,0,0,0,0,0,0,0,0,0,0,0,0,0,0
"language",0,0,0,0,0,0,0,0,0,0.770852011642144,0,0,0,3.08340804656858,0,0,0.770852011642144,0.770852011642144,0,0,0,0.770852011642144,0.770852011642144,0.770852011642144,0,0,0,0,0,0,0.770852011642144,0,0,0,0,0.770852011642144,0,0,0,0,0,0,0,0,0,0,0,0,0,0,0,0,0,0,0,0.770852011642144,0,0,0
"four",0,0,0,0,0,0,0,0,0,0.54040309026387,0,0.54040309026387,0,0,0,0,0,0,1.08080618052774,1.08080618052774,0.54040309026387,1.08080618052774,0,0,0,0,0,0.54040309026387,1.08080618052774,0,0,0,1.08080618052774,0,0,0,0,2.16161236105548,0,0,1.08080618052774,0,0.54040309026387,0,0,0,2.70201545131935,0,0,1.08080618052774,0,0,0.54040309026387,0,0.54040309026387,0,0,0.54040309026387,0
"million",0,0,0,0,0,0,0,0,0,1.62120927079161,0.54040309026387,0,0,0,3.78282163184709,0,0,0,0,0,0,0,0,0,0,0,0,0,0.54040309026387,0,0,0,0,0.54040309026387,0,1.08080618052774,0,3.78282163184709,0.54040309026387,0,1.08080618052774,0,0.54040309026387,0,0,0,0,0,1.08080618052774,1.62120927079161,0,2.16161236105548,1.62120927079161,0,1.08080618052774,0,0,1.62120927079161,0.54040309026387
"cost",0,0,0,0,0,0,0,0,0,0.492098410689315,0,0,0.492098410689315,0,0,0,0,0,0,0,0,0,0,0,0,0,0,0,0.492098410689315,0,1.96839364275726,1.96839364275726,0.492098410689315,0.492098410689315,1.47629523206795,0.492098410689315,0.98419682137863,0,0,0.492098410689315,0,0,0.98419682137863,0.492098410689315,0,0,0,0,0.492098410689315,0.98419682137863,0,0.492098410689315,0,0,0,0.492098410689315,0.492098410689315,0.492098410689315,0
"disease",0,0,0,0,0,0,0,0,0,0.816609502202819,0,0,0,0,0,0,0,0,0,0,0,0,0,0,0,0,0.816609502202819,0,0,0,0,0,0,0,0,1.63321900440564,0,0.816609502202819,0,0,0.816609502202819,0.816609502202819,0,1.63321900440564,0,0,0,0,0,0,0,0,0,0,0,0,0,0.816609502202819,0.816609502202819
"theory",0,0,0,0,0,0,0,0,0,2.44982850660846,0,0,0,0.816609502202819,0.816609502202819,0,0.816609502202819,0.816609502202819,0,0,0,0.816609502202819,0,0,0,0,0.816609502202819,0,0,0,0,0,0,0.816609502202819,0,0,0,0,0,0,0,0,0,0,0,0,0,0,0.816609502202819,0,0,0,0,0,0,0,0,0,0
"sectional",0,0,0,0,0,0,0,0,0,0.770852011642144,0,0,0,0.770852011642144,2.31255603492643,0,1.54170402328429,0,0,0,0.770852011642144,0,0,0,0.770852011642144,1.54170402328429,0,0.770852011642144,0,0,0,0,0,0,0.770852011642144,0,0,0,0,0,0,0,0,0,0,0,0,0,0.770852011642144,0,0,0,0,0,0,0,0,0,0
"founder",0,0,0,0,0,0,0,0,0,1.54170402328429,0,0,0,0,0,0,0.770852011642144,0,0,0,0,0,0.770852011642144,0.770852011642144,0.770852011642144,0,0,0,0,0,0,0,0,0.770852011642144,0,0,0,0,0,0,0,0,0,0,0,0,0,0.770852011642144,0,0,0,1.54170402328429,1.54170402328429,0,0.770852011642144,0,0,0,0
"forward",0,0,0,0,0,0,0,0,0,0.492098410689315,0,0,0.492098410689315,0,0,0,0,0,0,0,0,0.492098410689315,0,0.492098410689315,0,0,0,0,0,0,0.98419682137863,0,0,0.492098410689315,0,0,0.492098410689315,0.492098410689315,0.98419682137863,0,0,0,0,0,0,2.95259046413589,1.47629523206795,0,0.492098410689315,1.96839364275726,0,0,0.492098410689315,0,1.47629523206795,1.47629523206795,0.492098410689315,0.98419682137863,1.96839364275726
"embrace",0,0,0,0,0,0,0,0,0,2.07501229678356,0,0,0.691670765594519,0.691670765594519,0.691670765594519,0,0.691670765594519,0,0,0,0,0,0,0,0,0.691670765594519,0,0,0,0,0,0,0,0.691670765594519,0.691670765594519,0,0,0,0,0,0,0,0,0,0,0,0,0,0,0,0,1.38334153118904,0.691670765594519,0.691670765594519,0,0,0.691670765594519,0,0
"strife",0,0,0,0,0,0,0,0,0,0.867762024650201,0,0,0,0,0,0,0,0,0,0,0,0.867762024650201,0,0.867762024650201,2.6032860739506,0,0.867762024650201,0,0,0,0,0,0,0,0,0,1.7355240493004,0,0,0,0,0,0,0,0.867762024650201,0,0,0,0,0,0,0,0,0,0,0,0,0,0.867762024650201
"forth",0,0,0,0,0,0,0,0,0,0.56673202898622,0,0.56673202898622,0,0.56673202898622,0,0,0,0.56673202898622,0,0.56673202898622,0,0,0.56673202898622,0,0,0,0,0,0.56673202898622,0,0,0,1.13346405797244,0,0.56673202898622,0,0,0,0.56673202898622,0,0,0,0,1.13346405797244,0.56673202898622,0,0,0.56673202898622,0,0,0,1.13346405797244,0.56673202898622,0,0,1.13346405797244,0,0,0
"guaranty",0,0,0,0,0,0,0,0,0,0.656908659335307,0,0,0,1.31381731867061,0.656908659335307,0.656908659335307,0.656908659335307,0,0.656908659335307,0,0,0,0,0.656908659335307,0.656908659335307,0,0.656908659335307,0.656908659335307,1.97072597800592,0,0.656908659335307,0,0,0.656908659335307,0,0,0,0,0,0,0,0,0,0,0,0,0,0,0,0,0,0,0,0,0,0,0,0,0
"popular",0,0,0,0,0,0,0,0,0,0.594760752586463,0,0,1.18952150517293,0.594760752586463,0.594760752586463,0,0,0.594760752586463,0.594760752586463,0,0,0,0,0,0.594760752586463,0.594760752586463,0.594760752586463,1.18952150517293,0,0,2.37904301034585,0,0,2.37904301034585,1.78428225775939,1.18952150517293,0,0.594760752586463,0,0,0,0,0,0,0,0,0,0,0,0,0,0,0,0,0,0,0,0,0
"master",0,0,0,0,0,0,0,0,0,0.624723975963906,0,0,0,1.24944795192781,0,0,0,0.624723975963906,0.624723975963906,0,0,0,1.24944795192781,0.624723975963906,0,0,0.624723975963906,0,0,0,0,0,0,0,0,0,0,1.87417192789172,0,0,0.624723975963906,0,0,0.624723975963906,0,0.624723975963906,0,0,0,0.624723975963906,0,0,0,0,0.624723975963906,0,0,0,0.624723975963906
"agree",0,0,0,0,0,0,0,0,0,0.729459326483919,0,0,0.729459326483919,0.729459326483919,0.729459326483919,0,0,0.729459326483919,0,0,0,0,0,0,0,0,0,0,0,0,0,0,0,0.729459326483919,0,0,0,0,0,0.729459326483919,0.729459326483919,0,0,0,0,0,0,0,0,0.729459326483919,0,0,0,0.729459326483919,0,0,0.729459326483919,0,0
"democracy",0,0,0,0,0,0,0,0,0,0.515579506538838,0,0,0,2.06231802615535,0,0,0,0,0,0,0,0,0,0,0,0,0,0,0,0,0,0,0,2.06231802615535,0,0.515579506538838,0.515579506538838,4.1246360523107,4.64021555884954,1.03115901307768,4.64021555884954,0,0,0,0.515579506538838,0,0,0,0,1.54673851961651,1.54673851961651,2.06231802615535,2.57789753269419,1.03115901307768,0.515579506538838,0,1.03115901307768,0,5.15579506538838
"mighty",0,0,0,0,0,0,0,0,0,0.729459326483919,0,0,0,0,0,0,0,0.729459326483919,0,0.729459326483919,0,0,0,0,0,0,0,0,1.45891865296784,1.45891865296784,0,0,0,0,0,0.729459326483919,0,0,0,0.729459326483919,0,0,0.729459326483919,0,0.729459326483919,0,0,0,0,0.729459326483919,0,0,1.45891865296784,0,0,0,0,0,0
"directly",0,0,0,0,0,0,0,0,0,0.729459326483919,0,1.45891865296784,0,0,0,0,0,0,0.729459326483919,0,0,0,0,0.729459326483919,0,0,0,0,0,0,0.729459326483919,0.729459326483919,0,0,0.729459326483919,2.18837797945176,0,0,0,0,0.729459326483919,0.729459326483919,0,0,0,0,0,0,0.729459326483919,0,0,0,0,0,0,0,0,0,0
"section",0,0,0,0,0,0,0,0,0,0.54040309026387,0,0.54040309026387,0.54040309026387,1.08080618052774,3.24241854158322,0.54040309026387,0.54040309026387,1.08080618052774,3.78282163184709,0,0,1.62120927079161,0.54040309026387,0.54040309026387,0,1.08080618052774,0,2.16161236105548,0,0,1.08080618052774,0,0,0.54040309026387,0,0.54040309026387,0,0,0,0,0,0,0,0,0,0,0,0,0,0,0,0,0,0,0,0,0,0,0
"wherever",0,0,0,0,0,0,0,0,0,0.691670765594519,0,0,0,0,0.691670765594519,0,0.691670765594519,0.691670765594519,0,0,0.691670765594519,0,0,0,0,0,0.691670765594519,2.07501229678356,0.691670765594519,0,0,0,0,0,0,0,0,0,0,0,0.691670765594519,0,1.38334153118904,0,0,0,0,0,0,0.691670765594519,0,0.691670765594519,0,0,0,0,0,0,0
"proclaim",0,0,0,0,0,0,0,0,0,0.594760752586463,0,0,0,0.594760752586463,0,0.594760752586463,0,0.594760752586463,0,0,0,0,0,0.594760752586463,0,0,0.594760752586463,0,0.594760752586463,0,0,0,0,0,0,0,0,0,0.594760752586463,0,0.594760752586463,0.594760752586463,0.594760752586463,0,0,0,0,0.594760752586463,0,0,0,0,0,0,1.78428225775939,0.594760752586463,0.594760752586463,0,0
"promise",0,0,0,0,0,0,0,0,0,0.678976494966314,0,0,0.339488247483157,1.01846474244947,0,0,0,0,0,0,0,0.339488247483157,0,1.01846474244947,0.339488247483157,0.678976494966314,1.01846474244947,0.339488247483157,0.339488247483157,0,2.3764177323821,0,0,0,0.678976494966314,0,0,0.339488247483157,0,0,0,0.339488247483157,0.339488247483157,0,1.01846474244947,1.35795298993263,1.35795298993263,0,0,0,0.339488247483157,0.339488247483157,3.73437072231473,1.69744123741578,0.678976494966314,1.01846474244947,0.678976494966314,0.339488247483157,0.339488247483157
"inauguration",0,0,0,0,0,0,0,0,0,0.770852011642144,0,0,0,0,0,0,0,0,0.770852011642144,0,0,0,0,0,0,0.770852011642144,0,0,0,0,0,0,0,0,0,0,0,0,0.770852011642144,0.770852011642144,0,0,0,0,0,0,0,1.54170402328429,0.770852011642144,0,0.770852011642144,0,0.770852011642144,0.770852011642144,0,0,0,0,0
"diversity",0,0,0,0,0,0,0,0,0,0.770852011642144,0,0,0.770852011642144,0.770852011642144,0.770852011642144,0,0,0,0,0,0,0,0,0,0,0,0,0,0,0,0,0.770852011642144,0,0,0,0,0,0,0,0,0,0,0,0,0,0,0,0.770852011642144,0,0,1.54170402328429,0.770852011642144,0.770852011642144,0,0,0,0.770852011642144,0,0
"solve",0,0,0,0,0,0,0,0,0,0.770852011642144,0,0,0,0,0,0,0,0,0,0,0,0,0.770852011642144,0,0,0,0,0,0.770852011642144,0.770852011642144,0,0,0,1.54170402328429,0.770852011642144,0,0,3.08340804656858,0,0,0,0,0,0,0,0,0,0.770852011642144,0.770852011642144,0,0,0,1.54170402328429,0,0,0,0,0,0
"cooperation",0,0,0,0,0,0,0,0,0,0.515579506538838,0.515579506538838,0,0,0,0,0.515579506538838,0.515579506538838,0,0,0,0,0,0.515579506538838,0,0,0.515579506538838,0.515579506538838,0.515579506538838,0,0,1.03115901307768,0,0.515579506538838,0.515579506538838,0.515579506538838,3.09347703923303,0,0,0,0,1.03115901307768,0.515579506538838,0,0.515579506538838,0,0,0,0,0.515579506538838,0,0,0,0,0,0,1.03115901307768,0,0,0
"appoint",0,0,0,0,0,0,0,0,0,0,0.656908659335307,0,0,0.656908659335307,0.656908659335307,1.31381731867061,0,0,0,0.656908659335307,0.656908659335307,0,0.656908659335307,1.31381731867061,0,1.31381731867061,0,0.656908659335307,0.656908659335307,0,0.656908659335307,0,0,0,0,0.656908659335307,0,0,0,0,0,0,0,0,0,0,0,0,0,0,0,0,0,0,0,0,0,0,0
"dedication",0,0,0,0,0,0,0,0,0,0,0.729459326483919,0,0,0,0,0,0,0,0,0,0,0,0,0,0,0,0,0,0,0,0,0.729459326483919,0.729459326483919,0,0,0.729459326483919,0.729459326483919,0.729459326483919,0.729459326483919,0,0,2.18837797945176,0,0,0,0,0,0.729459326483919,0,0,0,0,0,0,0.729459326483919,0,0.729459326483919,0,0
"adjustment",0,0,0,0,0,0,0,0,0,0,0.816609502202819,0,0,0,0.816609502202819,0,0,1.63321900440564,0,0,0,0,0.816609502202819,0.816609502202819,0,0.816609502202819,0,1.63321900440564,0.816609502202819,0,0,0,0,0,0.816609502202819,0,0,0,0,0,0,0,0,0,0,0,0,0,0,0,0,0,0,0,0,0,0,0,0
"forbearance",0,0,0,0,0,0,0,0,0,0,0.816609502202819,0.816609502202819,2.44982850660846,2.44982850660846,0,0,0,0,0,0,0.816609502202819,0,0,0,0,0,1.63321900440564,0.816609502202819,0,0,0,0,0,0,0.816609502202819,0,0,0,0,0,0,0,0,0,0,0,0,0,0.816609502202819,0,0,0,0,0,0,0,0,0,0
"aim",0,0,0,0,0,0,0,0,0,0,0.729459326483919,0.729459326483919,0.729459326483919,0,0.729459326483919,0,0,0,0,0,0,0,0,0,0,0,0,1.45891865296784,0,0,0,0,0,0,0,0,1.45891865296784,0,0,0,2.91783730593568,1.45891865296784,0,0,0,0,0,0,0.729459326483919,1.45891865296784,0,0,0,0,0,0.729459326483919,0,0,0
"compromise",0,0,0,0,0,0,0,0,0,0,0.867762024650201,0.867762024650201,1.7355240493004,0,5.2065721479012,0,0.867762024650201,0,0,0,0,0,0,0,0,0,0,0,0,0,0,0,0,0,0,0,0,0,0,0,0,0.867762024650201,0,0,0,0,0,0,0.867762024650201,0,0.867762024650201,0,0,0,0,0,0,0,0
"product",0,0,0,0,0,0,0,0,0,0,0.624723975963906,0,0,0.624723975963906,1.87417192789172,0,0,0,0,0,0,1.24944795192781,0,0,0,1.24944795192781,0,2.49889590385562,0.624723975963906,0,1.24944795192781,0,0,0,0,0,0.624723975963906,0.624723975963906,0.624723975963906,0,0,0.624723975963906,0,0,0,0,0,0,0,0,0,0,0,0,0,0.624723975963906,0,0.624723975963906,0
"flag",0,0,0,0,0,0,0,0,0,0,0.729459326483919,0,0,0,0,0,1.45891865296784,0.729459326483919,0,0,0.729459326483919,0,0,0.729459326483919,0,1.45891865296784,0,0,0,0,0.729459326483919,0,0,1.45891865296784,0,0,0,0,0,0,0,0,0,0,0,0,0,0,0,0,0.729459326483919,0,0,0,0,0,0.729459326483919,0.729459326483919,0
"cheerfully",0,0,0,0,0,0,0,0,0,0,0.770852011642144,0,1.54170402328429,0.770852011642144,0,0,0.770852011642144,0.770852011642144,1.54170402328429,0,0,0,0,0,0.770852011642144,0,0.770852011642144,2.31255603492643,0,0,0,0,0,0,0,0,0,0,0,0,0,0,0,0,0,0,0,0,0.770852011642144,0,0,0,0,0,0,0,0,0,0
"appointment",0,0,0,0,0,0,0,0,0,0,0.816609502202819,0,0,1.63321900440564,0,0,0,0,0,0,0,0.816609502202819,2.44982850660846,0,0,1.63321900440564,0.816609502202819,0.816609502202819,0.816609502202819,0,3.26643800881128,0,0,0,0,0,0,0,0,0,0,0,0,0,0,0,0,0,0,0,0,0,0,0,0,0,0,0,0
"uphold",0,0,0,0,0,0,0,0,0,0,0.770852011642144,0,0.770852011642144,0,0,0.770852011642144,1.54170402328429,0,0,0,0,0,0,0,0,0,0,0.770852011642144,0,0,0.770852011642144,0,0,0,0,0,0,0,0,0,0,0,0,0,0,0.770852011642144,0,0,0,0,0,0.770852011642144,0,0.770852011642144,0,0,0.770852011642144,0,0
"controversy",0,0,0,0,0,0,0,0,0,0,0,0.816609502202819,0.816609502202819,0,0,0,0,0,3.26643800881128,0,0,0,0.816609502202819,2.44982850660846,0,0,0,0,0,0,2.44982850660846,0,0,0.816609502202819,0.816609502202819,4.0830475110141,0,0,0,0,0,0,0,0,0,0,0,0,0,0,0,0,0,0,0,0,0,0,0
"rest",0,0,0,0,0,0,0,0,0,0,0,1.01846474244947,0.339488247483157,1.01846474244947,0,0,1.35795298993263,0.678976494966314,0,0,0,0.339488247483157,1.35795298993263,0.339488247483157,0,0.339488247483157,0.339488247483157,0.339488247483157,1.69744123741578,0,0,0,0.339488247483157,0.339488247483157,0.339488247483157,0.678976494966314,0,0.339488247483157,0.339488247483157,0,0,0.339488247483157,0.678976494966314,0.339488247483157,1.35795298993263,0,0.339488247483157,0,0.339488247483157,0.339488247483157,0,0,0,0,0,0,0.339488247483157,0,0.339488247483157
"achieve",0,0,0,0,0,0,0,0,0,0,0,0.492098410689315,0.492098410689315,0,0,0,0.492098410689315,0,0,0.492098410689315,0,0,0,0,0,0.98419682137863,0,0.492098410689315,0,0.492098410689315,0,0,0,0,0,0,0,0.492098410689315,0.492098410689315,0.98419682137863,2.46049205344658,0.98419682137863,0,0,0.98419682137863,0.98419682137863,0,0,0.492098410689315,0.492098410689315,0,0,0,0.492098410689315,0.492098410689315,0.492098410689315,0,0,0
"soldier",0,0,0,0,0,0,0,0,0,0,0,0.816609502202819,0,0,0,0,0.816609502202819,0,0,0,0,0,0,0,0,0.816609502202819,0,0.816609502202819,0,0,0,0,0,1.63321900440564,0,0,0,0,0,0,0,1.63321900440564,0,0,0,0,0,0,0,0,0,0,0,0,1.63321900440564,0,1.63321900440564,0.816609502202819,0
"field",0,0,0,0,0,0,0,0,0,0,0,0.770852011642144,0.770852011642144,0.770852011642144,0,0,2.31255603492643,0,0,0,0,0,0,1.54170402328429,0,3.08340804656858,0.770852011642144,0.770852011642144,0,0,0,0,0,0,0,2.31255603492643,0.770852011642144,0,0,0,0,0,0,0,0,0,0,0,0,0,0,0,0,0,0,0,0,0,0
"leader",0,0,0,0,0,0,0,0,0,0,0,0.656908659335307,0,0.656908659335307,0,0,0,0,0,0,0,0,0,0,0,0,0,0,0,0,0,0,0.656908659335307,0,0,0.656908659335307,0,0,0,0,0.656908659335307,1.97072597800592,0,0,0.656908659335307,1.31381731867061,0,0,0,0,1.31381731867061,0,0,1.31381731867061,1.31381731867061,0.656908659335307,0,0,2.62763463734123
"concession",0,0,0,0,0,0,0,0,0,0,0,0.770852011642144,1.54170402328429,0,1.54170402328429,0,0.770852011642144,0,0,0,0,0,0,0,1.54170402328429,1.54170402328429,1.54170402328429,0.770852011642144,0,0,0.770852011642144,0,0,0,0,0,0,0,0,0,0,0,0,0,0,0,0,0,0,0,0,0,0,0,0.770852011642144,0,0,0,0
"forever",0,0,0,0,0,0,0,0,0,0,0,0.56673202898622,0.56673202898622,0,0,0,0,0.56673202898622,0.56673202898622,0,0,0,0.56673202898622,0,0,0,0,0.56673202898622,0,0,0,0,0,0,0.56673202898622,0,0,0,0.56673202898622,0.56673202898622,0,0,0.56673202898622,0,0,0,0,0,0,0.56673202898622,0,0.56673202898622,0.56673202898622,0,0.56673202898622,0,1.13346405797244,0.56673202898622,0
"difficult",0,0,0,0,0,0,0,0,0,0,0,0,0.515579506538838,0,0,0,0.515579506538838,0,0,0,0,0,1.03115901307768,0,0,0.515579506538838,0,0,0.515579506538838,0.515579506538838,1.03115901307768,0,0,0,0,0,0,1.03115901307768,0.515579506538838,0,0.515579506538838,0,0,0,0.515579506538838,0.515579506538838,0.515579506538838,0,0,0,0.515579506538838,0,0,0,0.515579506538838,0.515579506538838,0.515579506538838,0,1.03115901307768
"humbly",0,0,0,0,0,0,0,0,0,0,0,0,1.63321900440564,0,0.816609502202819,0,0,1.63321900440564,0,0,0,0,0,0,0.816609502202819,0,0.816609502202819,0.816609502202819,0,0,0,0,0,0.816609502202819,0,0,0.816609502202819,0,0,0,0,0,0,0,0,0,0,0.816609502202819,0,0,0,0,0,0,0,0,0,0,0
"embarrassment",0,0,0,0,0,0,0,0,0,0,0,0,2.6032860739506,0,0.867762024650201,0,0.867762024650201,0.867762024650201,0,0,0,0,0.867762024650201,0,0,0.867762024650201,0,0.867762024650201,0,0,1.7355240493004,0,0,0,0,0,0,0,0,0,0,0,0,0,0,0,0,0,0,0,0,0,0,0,0,0,0,0,0
"surely",0,0,0,0,0,0,0,0,0,0,0,0,0.54040309026387,0.54040309026387,0,0,0,0,1.62120927079161,0,0,0,1.08080618052774,0.54040309026387,0.54040309026387,0.54040309026387,0,0.54040309026387,0.54040309026387,0,0,0,0,0.54040309026387,0,1.08080618052774,0,0,0,0,0.54040309026387,0,0.54040309026387,0,0,0,0,0,0,0,0.54040309026387,0,0.54040309026387,0,0,0.54040309026387,0.54040309026387,0,0
"statesman",0,0,0,0,0,0,0,0,0,0,0,0,0.867762024650201,2.6032860739506,0,0,0,0,0,0,0,0,0,0,0,1.7355240493004,0,0.867762024650201,0,0,0,0.867762024650201,0,0,0,1.7355240493004,0,0,0,0,0,0.867762024650201,0,0,0,0,0,0,0,0,0,0,0,0.867762024650201,0,0,0,0,0
"differ",0,0,0,0,0,0,0,0,0,0,0,0,0.770852011642144,0,0.770852011642144,0,0,0,0,0,0,0,0.770852011642144,0.770852011642144,0,0.770852011642144,0,0,0,0.770852011642144,0.770852011642144,0,0,0.770852011642144,0,0,0,0.770852011642144,0,0,0,1.54170402328429,0,0,0,0,0,0,0,0,0,0,0,0,0,0,0,0,0
"broad",0,0,0,0,0,0,0,0,0,0,0,0,0.691670765594519,1.38334153118904,1.38334153118904,0,0.691670765594519,0,0.691670765594519,0,0,0,0,0,0,0,0,0,0.691670765594519,0,0,0,0.691670765594519,0,1.38334153118904,0,0.691670765594519,0,0,0,0,0,0,0,0,0,0,0,0,0,0,0,0.691670765594519,0,0.691670765594519,0,0.691670765594519,0,0
"century",0,0,0,0,0,0,0,0,0,0,0,0,0.308454013743188,0.308454013743188,0.308454013743188,0,0.308454013743188,0,0,0,0,0,0,1.23381605497275,0.308454013743188,1.23381605497275,0,0,0.308454013743188,0.616908027486376,0.308454013743188,0,0,0,0,0,0,0.925362041229564,0.308454013743188,0.308454013743188,0.308454013743188,0.616908027486376,0,0.616908027486376,0.308454013743188,1.54227006871594,0.925362041229564,0.308454013743188,0.308454013743188,0.925362041229564,0.616908027486376,0.616908027486376,6.47753428860695,0.616908027486376,0.925362041229564,0,0.308454013743188,0,1.23381605497275
"greatly",0,0,0,0,0,0,0,0,0,0,0,0,1.38334153118904,2.07501229678356,0.691670765594519,0,0,0,0.691670765594519,0,0,0,0,0.691670765594519,0,1.38334153118904,0,0.691670765594519,0,0,0.691670765594519,0,0,0,0,0,0.691670765594519,0,0.691670765594519,0,1.38334153118904,0,0,0,0,0,2.07501229678356,0,0,0,0,0,0,0,0,0,0,0,0
"set",0,0,0,0,0,0,0,0,0,0,0,0,0.469822015978163,0,0.469822015978163,0,0,0,0,0,0,0,0,0.939644031956326,0,0,0.469822015978163,0,0.469822015978163,0.939644031956326,0.469822015978163,1.87928806391265,1.87928806391265,0,0.469822015978163,0.469822015978163,0,0.469822015978163,0,0,0,0,0,0,0,0.939644031956326,0,0.469822015978163,0,0,0,0,0.939644031956326,0.469822015978163,0.939644031956326,0.469822015978163,0.469822015978163,0,0.939644031956326
"belief",0,0,0,0,0,0,0,0,0,0,0,0,1.70019608695866,0,0,0,0.56673202898622,0,0,0,0,0,0,0,0.56673202898622,0,0,0,0,0,0,0,0,1.70019608695866,0.56673202898622,1.70019608695866,1.13346405797244,0,0,0,1.13346405797244,0.56673202898622,0.56673202898622,1.13346405797244,1.13346405797244,0,0,0.56673202898622,0,0,0,0,0,0.56673202898622,1.13346405797244,0,0.56673202898622,0,0
"failure",0,0,0,0,0,0,0,0,0,0,0,0,0.515579506538838,0,0.515579506538838,0,0.515579506538838,0,0,0,0,0,0,0,0,0,0.515579506538838,1.03115901307768,0.515579506538838,0,1.54673851961651,0,0,1.03115901307768,0.515579506538838,2.06231802615535,1.54673851961651,0,0,0,0,0,0,0.515579506538838,0,0,0,0.515579506538838,0.515579506538838,0,0,0.515579506538838,0,0.515579506538838,0,0.515579506538838,0.515579506538838,0,0
"suppose",0,0,0,0,0,0,0,0,0,0,0,0,4.338810123251,5.2065721479012,0.867762024650201,0,0,0,0.867762024650201,0.867762024650201,0,0,0,0,0,0.867762024650201,0,0,0,0,0.867762024650201,0,0,0,0.867762024650201,0,0,0,0,0,0,0,0,0,0,0,0,0,0,0,0,0,0,0,0,0,0,0,0
"judicial",0,0,0,0,0,0,0,0,0,0,0,0,0.867762024650201,0.867762024650201,0,1.7355240493004,0,0.867762024650201,0,0,0,0,0,0,0,0.867762024650201,0,0.867762024650201,0,0,0,0,0,0,0.867762024650201,2.6032860739506,0,0,0,0,0,0,0,0,0,0,0,0,0,0,0,0,0,0,0,0,0,0,0
"ample",0,0,0,0,0,0,0,0,0,0,0,0,0.770852011642144,0,1.54170402328429,0.770852011642144,0,0.770852011642144,0.770852011642144,0,0,0,0,1.54170402328429,0,0.770852011642144,0,0.770852011642144,0,0,0,0,0,0.770852011642144,0.770852011642144,0,0,0,0,0,0,0,0,0,0,0,0,0,0,0,0,0,0,0,0,0,0,0,0
"aggression",0,0,0,0,0,0,0,0,0,0,0,0,1.45891865296784,1.45891865296784,0.729459326483919,0,0.729459326483919,0,0,0,0,0,0,0,0,0,0,0.729459326483919,0,0.729459326483919,0,0,0,0,0,0,0,0,0,0,0.729459326483919,0.729459326483919,0,0.729459326483919,0,0,0.729459326483919,0,0,0,0,0,0,0.729459326483919,0,0,0,0,0
"develop",0,0,0,0,0,0,0,0,0,0,0,0,1.31381731867061,0.656908659335307,1.31381731867061,0,0,0,0,0,0,0.656908659335307,0,0.656908659335307,0,0,0,0.656908659335307,0.656908659335307,0.656908659335307,0,0,0,0.656908659335307,0.656908659335307,1.31381731867061,0,0,0,0,0,0.656908659335307,0,0,0,0,0,0,0,0.656908659335307,0,0,0,0,0,0,0,0,0
"balance",0,0,0,0,0,0,0,0,0,0,0,0,0.515579506538838,0,0,0,0,0,0.515579506538838,0,0,0.515579506538838,0,0,0,0,0,0.515579506538838,0,0,0,0.515579506538838,0.515579506538838,0.515579506538838,1.03115901307768,0,1.54673851961651,0,0,0,0.515579506538838,0.515579506538838,0,1.03115901307768,0,0,0,0,0.515579506538838,0.515579506538838,0.515579506538838,0,1.03115901307768,0.515579506538838,0,0,0,0,0.515579506538838
"scheme",0,0,0,0,0,0,0,0,0,0,0,0,0.770852011642144,3.85426005821072,1.54170402328429,0,0.770852011642144,0.770852011642144,0,0,0,0,0,0,1.54170402328429,0.770852011642144,0.770852011642144,0.770852011642144,0,0,0.770852011642144,0,0,0,0,0,0,0,0,0,0,0,0,0,0,0,0,0,0,0,0,0,0,0,0,0,0,0,0
"slavery",0,0,0,0,0,0,0,0,0,0,0,0,1.45891865296784,0,0,0,0,3.6472966324196,2.91783730593568,0.729459326483919,0,0,0,2.91783730593568,0,2.91783730593568,0,0,0,0,0.729459326483919,0,0,0,0,0,0,0,0.729459326483919,0,0,0.729459326483919,0,0,0,0,0,0,0,0,0,0,0.729459326483919,0,0.729459326483919,0,0,0,0
"mistake",0,0,0,0,0,0,0,0,0,0,0,0,0.729459326483919,0.729459326483919,0,0,0,0,0.729459326483919,0,0,0,0,0,0,0,0,0,0.729459326483919,0,0,0.729459326483919,0,1.45891865296784,0,0,0,0,0,1.45891865296784,0,0,0,0,0.729459326483919,0,0,1.45891865296784,0,0,0,0,0,0.729459326483919,0,0,0.729459326483919,0,0
"invoke",0,0,0,0,0,0,0,0,0,0,0,0,0.56673202898622,0,0.56673202898622,0.56673202898622,0,1.13346405797244,0,0.56673202898622,0,0,0,0.56673202898622,0.56673202898622,0.56673202898622,0,0.56673202898622,0.56673202898622,0,0.56673202898622,0,0,0,0,0.56673202898622,0,0.56673202898622,0,0,0,0,0.56673202898622,0.56673202898622,0,0.56673202898622,0,0,0,0,0,0,0,0,0,0,0,0,0
"presidential",0,0,0,0,0,0,0,0,0,0,0,0,0.816609502202819,0,0,0,0,0.816609502202819,0,0.816609502202819,0,0.816609502202819,2.44982850660846,0,0,0.816609502202819,0,0,0,0,0,0,0,0,0,0,0,0,0,0,0,0,0,0,0,0,0,0,0,0.816609502202819,0,0,0.816609502202819,0,0,0.816609502202819,0,0,0
"bill",0,0,0,0,0,0,0,0,0,0,0,0,0.867762024650201,3.4710480986008,0,0,0,0,0,0,0,0,0,0,0,0,0,0,0,0,6.9420961972016,0,0,0,0.867762024650201,0,0,0,0.867762024650201,0,0,0,0,0,0.867762024650201,0,0,0,0,0.867762024650201,0,0,0,0,0.867762024650201,0,0,0,0
"neither",0,0,0,0,0,0,0,0,0,0,0,0,1.03115901307768,1.03115901307768,0.515579506538838,0,0,1.54673851961651,0.515579506538838,1.54673851961651,0,0,0.515579506538838,0.515579506538838,0,1.54673851961651,0,0.515579506538838,0,1.03115901307768,0.515579506538838,0,1.03115901307768,0,0,0,0,0,0,0,0,0.515579506538838,0.515579506538838,0.515579506538838,0,0,0,0.515579506538838,0,0,0.515579506538838,0,0,0,0,0,0,0,0
"bond",0,0,0,0,0,0,0,0,0,0,0,0,0.56673202898622,1.13346405797244,1.13346405797244,0,0.56673202898622,0,0.56673202898622,0,0.56673202898622,0,0,0,0,0.56673202898622,0,0,0,0,1.13346405797244,0.56673202898622,0,0,0.56673202898622,0.56673202898622,0,0,0,0,0,1.13346405797244,0,0.56673202898622,0,0,0,0,0,0.56673202898622,0,0,0.56673202898622,0.56673202898622,0,0,0,0,0
"abide",0,0,0,0,0,0,0,0,0,0,0,0,0.770852011642144,0,0.770852011642144,0,0,0,1.54170402328429,0,0,0,0,0,0,0,0,0,0.770852011642144,0.770852011642144,0,0,0,0,0,0.770852011642144,0,0,0,0,0,0.770852011642144,0,0,0.770852011642144,0,0,0.770852011642144,0,0,0,0.770852011642144,0,0,0,0,0,0,0
"frame",0,0,0,0,0,0,0,0,0,0,0,0,1.7355240493004,1.7355240493004,0,0,0,0.867762024650201,3.4710480986008,0,0,0,0,0.867762024650201,0,0,0,0,0.867762024650201,0,0.867762024650201,0,0,0,0,0,0,0,0.867762024650201,0,0,0,0,0,0,0,0,0,0,0,0,0,0,0,0,0,0,0,0
"run",0,0,0,0,0,0,0,0,0,0,0,0,0.770852011642144,0,0,0,0,0,0,0,0,0,0,0,0,0,0,0.770852011642144,0,0,0.770852011642144,0,0.770852011642144,0,0,0,0,0.770852011642144,0,0.770852011642144,0,0,0,0.770852011642144,0,0,0,0,0,0,0,0,0,0.770852011642144,1.54170402328429,0.770852011642144,0,0,0
"faithfully",0,0,0,0,0,0,0,0,0,0,0,0,2.18837797945176,0,1.45891865296784,0.729459326483919,0,0.729459326483919,1.45891865296784,0,0.729459326483919,0,0.729459326483919,0,0,0,0,0.729459326483919,0.729459326483919,0,0,0,0,0,1.45891865296784,0,0,0,0,0,0,0,0,0,0,0,0,0,0,0,0,0,0,0,0,0,0.729459326483919,0,0
"celebrate",0,0,0,0,0,0,0,0,0,0,0,0,0,1.31381731867061,0,0,0,0,0,0,0,0,0,0.656908659335307,0,0.656908659335307,0,0,0,0,0,0,0,0,0,0,0,0,0,0,0,0,0,0,0,2.62763463734123,0.656908659335307,0,0,0.656908659335307,0.656908659335307,1.97072597800592,0.656908659335307,0,0.656908659335307,0.656908659335307,0,1.31381731867061,0.656908659335307
"although",0,0,0,0,0,0,0,0,0,0,0,0,0,5.956204567551,1.985401522517,0,0.992700761258501,0.992700761258501,0,0,0,0,0,0,0,0,0,0,0,0,0,0,0.992700761258501,0,0,0.992700761258501,0,0,0,0,0,0,0,0,0,0,0,0,0,0,0,0,0,0,0,0,0,0,0
"democratic",0,0,0,0,0,0,0,0,0,0,0,0,0,2.31255603492643,0,0,0,0,0,0,0,0,0,0,0.770852011642144,0,0,0,0,0.770852011642144,0,2.31255603492643,0,0,0,0,0,2.31255603492643,0.770852011642144,0,2.31255603492643,0,0,0,0,0,0,0.770852011642144,0,0,0,0,0,0.770852011642144,1.54170402328429,0,0,0,0
"create",0,0,0,0,0,0,0,0,0,0,0,0,0,2.13527198202796,0.355878663671326,0,0.355878663671326,0,0,0,0,0,0,0.711757327342652,0,0.355878663671326,0,1.06763599101398,0.355878663671326,0,1.06763599101398,0,0,0,0.355878663671326,0.355878663671326,0,1.06763599101398,0.711757327342652,0,1.06763599101398,0.711757327342652,0,0.355878663671326,0.355878663671326,0,0.711757327342652,0.355878663671326,1.06763599101398,1.06763599101398,0,0,0.355878663671326,0.355878663671326,0.355878663671326,0.355878663671326,1.06763599101398,0,0.355878663671326
"simple",0,0,0,0,0,0,0,0,0,0,0,0,0,0.624723975963906,0,0,0,0.624723975963906,0.624723975963906,0,0,0,0,0,0,0,0,0,0,0,0,0,0,0,0.624723975963906,0,0.624723975963906,0,0.624723975963906,1.24944795192781,0,0.624723975963906,0,0,0,2.49889590385562,0,0,0.624723975963906,0,0.624723975963906,0.624723975963906,0,1.24944795192781,0,0,0,0.624723975963906,0
"conceive",0,0,0,0,0,0,0,0,0,0,0,0,0,5.55452382976732,0.925753971627887,0,0,0.925753971627887,0,0,0,0,0,0,0,0,0,0,0,0,0,0.925753971627887,0,0,0,0.925753971627887,0,0,0,0,0,0.925753971627887,0,0,0.925753971627887,0,0,0,0,0,0,0,0,0,0,0,0,0,0
"assurance",0,0,0,0,0,0,0,0,0,0,0,0,0,1.7355240493004,0,0.867762024650201,2.6032860739506,0,0,0,0,0,0,0,0.867762024650201,0,0.867762024650201,0,0,0,0,0,0,1.7355240493004,0.867762024650201,0,1.7355240493004,0,0,0,0,0,0,0,0,0,0,0,0,0,0,0,0,0,0,0,0,0,0
"mine",0,0,0,0,0,0,0,0,0,0,0,0,0,2.07501229678356,0,0,0,0,0.691670765594519,0,0,0,0,0,0.691670765594519,2.07501229678356,0,0.691670765594519,0.691670765594519,0,0.691670765594519,1.38334153118904,0,0,0,0,0,0,0,0,0,0.691670765594519,0,0.691670765594519,2.07501229678356,0,0,0,0.691670765594519,0,0,0,0,0,0,0,0,0,0
"possession",0,0,0,0,0,0,0,0,0,0,0,0,0,1.7355240493004,0,0,1.7355240493004,2.6032860739506,0,0,0,0,0,0,0,0,0,0,0,0,0,0,0,0.867762024650201,0,0,0.867762024650201,0,0,0,0,0,0,0,0,0,0,0,0,0,0.867762024650201,0,0.867762024650201,0,0,0.867762024650201,0,0,0
"grow",0,0,0,0,0,0,0,0,0,0,0,0,0,0.428429330819938,0.428429330819938,0,0,0,0.428429330819938,0,0,0.856858661639876,0,0.428429330819938,0,0,0,0.428429330819938,0,0,1.71371732327975,0.428429330819938,0.428429330819938,0,0,0.428429330819938,0.428429330819938,0,0.428429330819938,0,1.28528799245981,0.428429330819938,0.856858661639876,0,0,0,0,0,0.856858661639876,0.856858661639876,0.856858661639876,0,0.856858661639876,0,0,0.856858661639876,0.428429330819938,0,0.428429330819938
"reject",0,0,0,0,0,0,0,0,0,0,0,0,0,0.56673202898622,0,0,1.13346405797244,0,1.70019608695866,0,0,0.56673202898622,0,0,0.56673202898622,0.56673202898622,0,0,0.56673202898622,0,0,0,0,0,1.13346405797244,0,0.56673202898622,0,0.56673202898622,0,0,0.56673202898622,0,0,0.56673202898622,0,0,0.56673202898622,0,0,0,0,0,0,0,0.56673202898622,0.56673202898622,0,0.56673202898622
"worthy",0,0,0,0,0,0,0,0,0,0,0,0,0,0.816609502202819,0,0,0.816609502202819,0,0.816609502202819,0,0,0,0,0,0,1.63321900440564,0,0,0,0,0,0,0,0,0,0.816609502202819,0,0,0,0,0,0,0,0,0,0,0.816609502202819,1.63321900440564,1.63321900440564,0.816609502202819,0,0,0,0,0,0,0,0,0
"spend",0,0,0,0,0,0,0,0,0,0,0,0,0,0.867762024650201,0,0,0,0,0,0,0,0,0,0,0,0,0,0,0,0,0,0,0,0.867762024650201,0,0,0,0,0,0,0,0,0,0,0,0.867762024650201,0,0,0.867762024650201,4.338810123251,0,0,0,0,0,0.867762024650201,0.867762024650201,0.867762024650201,0
"employment",0,0,0,0,0,0,0,0,0,0,0,0,0,1.54170402328429,0,0,0,0,0,0,0,0,0,2.31255603492643,0.770852011642144,0,0,0.770852011642144,0.770852011642144,0,0.770852011642144,0,0,0,0.770852011642144,1.54170402328429,0.770852011642144,0,0,0,0,0,0,0,0,0.770852011642144,0,0,0,0,0,0,0,0,0,0,0,0,0
"recognition",0,0,0,0,0,0,0,0,0,0,0,0,0,0.867762024650201,0,0,0,0,0,0,0,0,0,0,0.867762024650201,0,1.7355240493004,0,0,0.867762024650201,1.7355240493004,0,0,0,0,0,1.7355240493004,0,0,0,0,0,0,0,0,0,0,0,0.867762024650201,0,0,0,0,0,0,0.867762024650201,0,0,0
"oppose",0,0,0,0,0,0,0,0,0,0,0,0,0,0.56673202898622,1.13346405797244,0,0,0,0.56673202898622,0,1.13346405797244,0,0.56673202898622,0.56673202898622,0,0.56673202898622,0.56673202898622,0.56673202898622,0,0,0.56673202898622,0,0,0,1.13346405797244,0.56673202898622,0,0,0,0,1.70019608695866,0.56673202898622,0,1.13346405797244,0,0.56673202898622,0,0,0,0,0,0,0,0,0,0,0,0,0
"deny",0,0,0,0,0,0,0,0,0,0,0,0,0,1.18952150517293,0,0,0,0.594760752586463,2.37904301034585,0,0,0,0,1.18952150517293,0,1.18952150517293,0,0,0,0,0,0,0,0.594760752586463,1.18952150517293,0,0.594760752586463,1.78428225775939,0,0,0,0.594760752586463,0,0,0.594760752586463,0,0,0,0.594760752586463,0,0,0,0.594760752586463,0,0.594760752586463,0,0.594760752586463,0,0
"move",0,0,0,0,0,0,0,0,0,0,0,0,0,0.390640769930538,0,0,0.390640769930538,0,0,0,0,0,0,0.390640769930538,0,0.781281539861076,0.390640769930538,0,0,0,0,0.390640769930538,0,0,0.390640769930538,0.390640769930538,0.390640769930538,0.390640769930538,0.390640769930538,0,0.781281539861076,0,0,0,0.390640769930538,0.390640769930538,0.390640769930538,0.390640769930538,0,0.390640769930538,1.17192230979161,0,1.56256307972215,0.390640769930538,1.95320384965269,0.390640769930538,0.390640769930538,0,0.781281539861076
"allow",0,0,0,0,0,0,0,0,0,0,0,0,0,1.31381731867061,0.656908659335307,0,0,0,0.656908659335307,0,0,0,0,0.656908659335307,0,0.656908659335307,0,0,0,0,0.656908659335307,0,0,0,0,0,0,0,0,0,0,0.656908659335307,0,0,0.656908659335307,0.656908659335307,0,0,0,1.31381731867061,0.656908659335307,0,0,0.656908659335307,0,0,0,0.656908659335307,0
"commission",0,0,0,0,0,0,0,0,0,0,0,0,0,0.992700761258501,0,0,0,0,0.992700761258501,0,0,0,0,0,0,0,0,1.985401522517,2.9781022837755,0,2.9781022837755,0,0,0,0,0.992700761258501,0,0,0,0,0,0,0,0,0,0,0,0,0,0,0,0,0,0,0,0,0,0,0
"entirely",0,0,0,0,0,0,0,0,0,0,0,0,0,1.85150794325577,0.925753971627887,0,2.77726191488366,0.925753971627887,0,0,0,0.925753971627887,0,0,0,1.85150794325577,0,0,0,0,0,0,0,0,0.925753971627887,0,0,0,0,0,0,0,0,0,0,0,0,0,0,0,0,0,0,0,0,0,0,0,0
"mother",0,0,0,0,0,0,0,0,0,0,0,0,0,0.770852011642144,0,0,0,0,0,0,0,0,0,0,0,0.770852011642144,0,0,0,0,0,0,0,0.770852011642144,0,0,0,0,0,0,0,0,0,0,0,0.770852011642144,0,0.770852011642144,0,0,1.54170402328429,0,0,0.770852011642144,0,0,0.770852011642144,0.770852011642144,0.770852011642144
"clear",0,0,0,0,0,0,0,0,0,0,0,0,0,0.745824005940213,0.372912002970107,0,0.745824005940213,0.745824005940213,0.372912002970107,0,0,0,0.372912002970107,0,0,0.372912002970107,0.372912002970107,0,0,0,0.372912002970107,0,0.745824005940213,0,0.745824005940213,0,0.745824005940213,0.372912002970107,0,0,0.745824005940213,0.372912002970107,0.372912002970107,0,0.372912002970107,0.372912002970107,0,0.372912002970107,0,0,0.372912002970107,0.372912002970107,0.372912002970107,0.372912002970107,0.372912002970107,0,0,0,0.372912002970107
"currency",0,0,0,0,0,0,0,0,0,0,0,0,0,2.91783730593568,0,0,0,0,0,0,0,0.729459326483919,2.18837797945176,1.45891865296784,0,0,0.729459326483919,2.91783730593568,0.729459326483919,0,2.91783730593568,0.729459326483919,0,0.729459326483919,0,0,0.729459326483919,0,0,0,0,0,0,0,0,0,0,0,0,0,0,0,0,0,0,0,0,0,0
"poor",0,0,0,0,0,0,0,0,0,0,0,0,0,0.729459326483919,0.729459326483919,0,0,0,0,0,0,0,0,0.729459326483919,0,0,0,0,0,0,0,0,0,0,0.729459326483919,0,0,0,0,0,0,0,0,0.729459326483919,0,0.729459326483919,0,0.729459326483919,0,0.729459326483919,0,0.729459326483919,0,0,0,0.729459326483919,0.729459326483919,0,0
"guarantee",0,0,0,0,0,0,0,0,0,0,0,0,0,0.770852011642144,1.54170402328429,0,0,0,0.770852011642144,0,0,0,0,0.770852011642144,0,0,0.770852011642144,0,0,0,0,0,0,0,1.54170402328429,0,0,0,0,0,1.54170402328429,0,0,0,0,0,0,0,1.54170402328429,0,0,0,0.770852011642144,0,0,0,0,0,0.770852011642144
"dream",0,0,0,0,0,0,0,0,0,0,0,0,0,1.78428225775939,0,0,0.594760752586463,0,0,0,0,0,0,0,0,0,0,0,0,0,0,0,0,0.594760752586463,0,0,0,0.594760752586463,0,0,0,0,0,0,0.594760752586463,1.78428225775939,1.18952150517293,2.97380376293231,2.97380376293231,1.78428225775939,0,0,4.16332526810524,0.594760752586463,0,0,0.594760752586463,3.56856451551878,1.18952150517293
"insist",0,0,0,0,0,0,0,0,0,0,0,0,0,0.816609502202819,0,0,0,0,0,0,0,0,0,0,0.816609502202819,1.63321900440564,0.816609502202819,1.63321900440564,0,0,0.816609502202819,0,0.816609502202819,0.816609502202819,0,0,0,0.816609502202819,0,0,0,0,0,0,0,0,0,0,0,0,0,0,0,0,0,0,0,0,0
"careful",0,0,0,0,0,0,0,0,0,0,0,0,0,0.816609502202819,1.63321900440564,0,0,0,0,0,1.63321900440564,0,0,0,0.816609502202819,0.816609502202819,0,0.816609502202819,0,0.816609502202819,1.63321900440564,0.816609502202819,0,0,0,0,0,0,0,0,0,0,0,0,0,0,0,0,0,0,0,0,0,0,0,0,0,0,0
"ally",0,0,0,0,0,0,0,0,0,0,0,0,0,2.07501229678356,0.691670765594519,0,0,0,0,0,0,0,0,0,0,0.691670765594519,0,0.691670765594519,0,0,0,0,0,0,0,0,0,0,0,0.691670765594519,0.691670765594519,0,0,0.691670765594519,0,0,0,0,0.691670765594519,1.38334153118904,0,0.691670765594519,0,0.691670765594519,0.691670765594519,0,0,0,0
"ambition",0,0,0,0,0,0,0,0,0,0,0,0,0,0.691670765594519,1.38334153118904,0.691670765594519,0.691670765594519,0,0,0,0,0,0,0,0.691670765594519,0.691670765594519,0,0,0,0,0.691670765594519,0,0,0,0.691670765594519,0,0,0.691670765594519,0,0,0,0,0,0,0,0,0,0,0,0,0,0.691670765594519,0,0.691670765594519,0,1.38334153118904,0,0,0
"business",0,0,0,0,0,0,0,0,0,0,0,0,0,0.448632716908225,0,0,0,0,0,0,0.448632716908225,0,0,0.89726543381645,0.89726543381645,0.89726543381645,1.34589815072467,3.5890617352658,0.89726543381645,0,9.86991977198095,0.89726543381645,0,2.24316358454112,0.89726543381645,2.69179630144935,0.448632716908225,0,0,0,0.448632716908225,0,0,0,0,0,0,0,0.448632716908225,0,0,0.448632716908225,0,0,0.448632716908225,0.89726543381645,0.448632716908225,0,0.448632716908225
"financial",0,0,0,0,0,0,0,0,0,0,0,0,0,0.867762024650201,0,0,0,0.867762024650201,0,0,0,0,0.867762024650201,0.867762024650201,0,0,0.867762024650201,3.4710480986008,0,0,1.7355240493004,0.867762024650201,0,0,0,0,0,0,0,0,0,0,0,0,0,0,0,0,0,0,0,0,0,0,0,0,0,0,0
"soul",0,0,0,0,0,0,0,0,0,0,0,0,0,0.770852011642144,0,0,0,0,0,0,0,0,0,0,0,0,0,0,0,0.770852011642144,0,0,0,0.770852011642144,0,0,0,0,0,0,0,0,0,0,0,0,0,0,0,0.770852011642144,2.31255603492643,0,0.770852011642144,0.770852011642144,2.31255603492643,0,0.770852011642144,0,3.85426005821072
"weak",0,0,0,0,0,0,0,0,0,0,0,0,0,1.18952150517293,0,0,0.594760752586463,0,0,0,0,0.594760752586463,0,0.594760752586463,0,2.37904301034585,0,0,0,1.18952150517293,0,0.594760752586463,0,0,0,0,0,0,0,0,0.594760752586463,0.594760752586463,0.594760752586463,1.18952150517293,0,0.594760752586463,0.594760752586463,1.18952150517293,0,0,0,0,0,0,0.594760752586463,0,0,0,0
"bold",0,0,0,0,0,0,0,0,0,0,0,0,0,0.729459326483919,0.729459326483919,0,0.729459326483919,0,0,0,0,0,0,0,0,0,0,0,0,0,0,0,0,0,0,0,0,0,0,0,0.729459326483919,0,0.729459326483919,0,0,0,2.18837797945176,0.729459326483919,0,0,0,1.45891865296784,0.729459326483919,0,0,0.729459326483919,0,0,0.729459326483919
"quality",0,0,0,0,0,0,0,0,0,0,0,0,0,0.770852011642144,1.54170402328429,0.770852011642144,0.770852011642144,0,0,0,0,0,0,0,0,0,0,0,0,0.770852011642144,0,0,0,0,0,0,0,0,0,0,0,0,0,0,0,0.770852011642144,0.770852011642144,0.770852011642144,0,0,0,0,0,0,0,1.54170402328429,0.770852011642144,0,0
"gift",0,0,0,0,0,0,0,0,0,0,0,0,0,0.770852011642144,0,0,0,0,0,0,0,0.770852011642144,0,0,0,0.770852011642144,0,0,0,0,0,0,0,0,0,0,0.770852011642144,0,0,0,0,1.54170402328429,0,0,0,0,0,0,0.770852011642144,0,0,0,1.54170402328429,0.770852011642144,0,1.54170402328429,1.54170402328429,0,0
"young",0,0,0,0,0,0,0,0,0,0,0,0,0,0,0.54040309026387,0,0,0,0,0,0.54040309026387,0,0,0,0,1.08080618052774,0,0,0,0,0,0,0,0,0,0,0.54040309026387,0,0,0,0,0,0,0.54040309026387,0.54040309026387,0,0.54040309026387,0,1.08080618052774,1.08080618052774,2.16161236105548,1.08080618052774,0.54040309026387,0.54040309026387,1.08080618052774,0.54040309026387,0.54040309026387,0.54040309026387,0
"rejoice",0,0,0,0,0,0,0,0,0,0,0,0,0,0,0.816609502202819,0,0,0,0,0,0,0,0.816609502202819,0,0,0.816609502202819,0.816609502202819,1.63321900440564,0,0,0,0,0,1.63321900440564,0,0,0,0,0,0,0,0,0,0.816609502202819,0.816609502202819,0,0,0,0,0,0,0.816609502202819,0,0,0,0,0,0,0
"man's",0,0,0,0,0,0,0,0,0,0,0,0,0,0,0.816609502202819,0,0.816609502202819,0,0,0,0,0,0,0,0,0,0,0,0,0,0,0.816609502202819,0,0,0,0,0,0,0,0,0.816609502202819,3.26643800881128,0.816609502202819,0,0.816609502202819,2.44982850660846,0,0,0,0,0.816609502202819,0,0,0,0,0,0,0,0
"achievement",0,0,0,0,0,0,0,0,0,0,0,0,0,0,0.624723975963906,0,0,0,0,0,0,0,0,0,0.624723975963906,0,1.24944795192781,0,0.624723975963906,0,0,0.624723975963906,0,0.624723975963906,0,0,0.624723975963906,0.624723975963906,0,0.624723975963906,0.624723975963906,0,0,0,0,1.24944795192781,0,0,0.624723975963906,0,0,0,1.24944795192781,0,1.24944795192781,0,0,0,0
"structure",0,0,0,0,0,0,0,0,0,0,0,0,0,0,0.816609502202819,0,0,0,0,0,0,0,0,0,0,0,0,0,0,0,0,0,0,0,0.816609502202819,1.63321900440564,0,0.816609502202819,0.816609502202819,0.816609502202819,0.816609502202819,0,0,0,0,0.816609502202819,2.44982850660846,0,0,0,0,0,0,0,0,0,0,0,0
"stop",0,0,0,0,0,0,0,0,0,0,0,0,0,0,0.729459326483919,0,0,0,0,0,0,0,0,0,0,0.729459326483919,0,2.18837797945176,0,0,0,1.45891865296784,0,0,0,0.729459326483919,0,1.45891865296784,0,0,0,0,0,0,0,0.729459326483919,0,0,0.729459326483919,0,1.45891865296784,0,0,0,0,0,0,1.45891865296784,1.45891865296784
"plain",0,0,0,0,0,0,0,0,0,0,0,0,0,0,0.729459326483919,0,0,1.45891865296784,0,0,0,0,0,0,0.729459326483919,0.729459326483919,1.45891865296784,1.45891865296784,0,0,0.729459326483919,0,0,0,0.729459326483919,0,0,0,0.729459326483919,0,0,0.729459326483919,0,0,0,0,0,0,0,0,0,0,0,0,0,0,0,0.729459326483919,0
"european",0,0,0,0,0,0,0,0,0,0,0,0,0,0,0.925753971627887,0,0.925753971627887,0,0,0,0,0.925753971627887,0,0,0,5.55452382976732,0,0,0,0,1.85150794325577,0,0,0,1.85150794325577,0,0,0,0,0,0.925753971627887,0,0,0,0,0,0,0,0,0,0,0,0,0,0,0,0,0,0
"restoration",0,0,0,0,0,0,0,0,0,0,0,0,0,0,0.925753971627887,0,0,0,0.925753971627887,0,0,1.85150794325577,0,0,0,0,0,2.77726191488366,0,0,0,0.925753971627887,0,2.77726191488366,0,0,1.85150794325577,0,0,0,0,0,0,0,0,0,0,0,0,0,0,0,0,0,0,0,0,0,0
"proposition",0,0,0,0,0,0,0,0,0,0,0,0,0,0,1.16879202031418,0,0,0,3.50637606094255,0,0,4.67516808125673,0,0,0,0,0,0,0,0,3.50637606094255,0,0,0,0,0,0,0,0,0,0,0,0,0,0,0,0,0,0,0,0,0,0,0,0,0,0,0,0
"profit",0,0,0,0,0,0,0,0,0,0,0,0,0,0,0.770852011642144,0,0,0.770852011642144,0,0,0,0,0,0,0,0,0,0,0,0,0,0,0.770852011642144,0.770852011642144,0.770852011642144,0,3.08340804656858,0.770852011642144,0,0.770852011642144,0.770852011642144,0,0,0,0,0,0,0,0,0,0,0,0,0,0,0,0,0,0.770852011642144
"tariff",0,0,0,0,0,0,0,0,0,0,0,0,0,0,3.08340804656858,0,0,1.54170402328429,0,0,0,0,0,0,0,2.31255603492643,1.54170402328429,3.08340804656858,0,0,10.0210761513479,0.770852011642144,0,1.54170402328429,0.770852011642144,0.770852011642144,0,0,0,0,0,0,0,0,0,0,0,0,0,0,0,0,0,0,0,0,0,0,0
"merely",0,0,0,0,0,0,0,0,0,0,0,0,0,0,0.515579506538838,0.515579506538838,0,0.515579506538838,1.03115901307768,0,0,0,2.06231802615535,0,0,0,0,0.515579506538838,0,0.515579506538838,0,0,0,0,0.515579506538838,0,1.03115901307768,0.515579506538838,0,0,0,1.03115901307768,0.515579506538838,1.03115901307768,0,0,1.03115901307768,0.515579506538838,0,0,0.515579506538838,0,0,0,0,0,0,0.515579506538838,0.515579506538838
"toil",0,0,0,0,0,0,0,0,0,0,0,0,0,0,0.729459326483919,0,0,0,0,0.729459326483919,0,0,0,0,0,0,0.729459326483919,0,0,0,0,0,0,0.729459326483919,0.729459326483919,0,0.729459326483919,0,0,0,0,0.729459326483919,1.45891865296784,0,0.729459326483919,0,0,0,0,0,0,0.729459326483919,0,0,0,0.729459326483919,0,0,0
"low",0,0,0,0,0,0,0,0,0,0,0,0,0,0,1.45891865296784,0,0,0.729459326483919,0,0,0,0,0,0.729459326483919,0,0,0,0.729459326483919,0,0,0.729459326483919,0,0,0,0.729459326483919,0,0,1.45891865296784,0,0,0,0,0,0,0,0.729459326483919,0,0,0,0,0.729459326483919,0,0,0,0,1.45891865296784,0,0,0.729459326483919
"texas",0,0,0,0,0,0,0,0,0,0,0,0,0,0,14.6982201597816,0,0,1.46982201597816,0,0,0,0,0,0,0,0,0,0,0,0,0,0,0,0,0,0,0,0,0,0,0,0,0,0,0,0,0,0,0,0,0,0,0,0,0,0,0,0,0
"confidently",0,0,0,0,0,0,0,0,0,0,0,0,0,0,1.7355240493004,0,0.867762024650201,0,0,0,0,0,0,0.867762024650201,0,1.7355240493004,0,0.867762024650201,0,0.867762024650201,0,0,0,1.7355240493004,0,0,0,0,0,0,0,0,0,0,0,0,0,0,0,0,0,0,0,0,0.867762024650201,0,0,0,0
"border",0,0,0,0,0,0,0,0,0,0,0,0,0,0,0.816609502202819,0,0,0,0,0,0,0,0,0,0,0,0.816609502202819,0,0,0,0,0,0,0,0,1.63321900440564,0,0.816609502202819,0,0,0,0,0,0.816609502202819,0,0,0,0,0,0,0,0,0,0,1.63321900440564,0.816609502202819,0,2.44982850660846,0.816609502202819
"mountain",0,0,0,0,0,0,0,0,0,0,0,0,0,0,0.867762024650201,0,0,0.867762024650201,0,0,0.867762024650201,0,0,0,0,0.867762024650201,0,0,0,0,0,0,0,0,0,0,0,0,0,0,0,2.6032860739506,0,0,0,0,0,0,0,0.867762024650201,0,0,0,0,0,0.867762024650201,0,1.7355240493004,0
"hour",0,0,0,0,0,0,0,0,0,0,0,0,0,0,0.594760752586463,0,1.18952150517293,0,0,0,0,0,0,0,1.18952150517293,0,0,0,0.594760752586463,0,0,0,0,1.18952150517293,0.594760752586463,0,0.594760752586463,0,0,0,0,0,0,0.594760752586463,0.594760752586463,0,0,0,0,0.594760752586463,0,0,0,0,0.594760752586463,1.78428225775939,0.594760752586463,0.594760752586463,1.18952150517293
"special",0,0,0,0,0,0,0,0,0,0,0,0,0,0,0,0.624723975963906,0.624723975963906,0,0.624723975963906,0,0,0,0,0.624723975963906,0,1.24944795192781,0,0.624723975963906,0,0,0,0,0,0,0,2.49889590385562,0.624723975963906,0,0,0,0.624723975963906,1.24944795192781,0,0.624723975963906,0,0,0,1.24944795192781,2.49889590385562,0,0,0,0,0,0,0,0,0.624723975963906,0
"washington",0,0,0,0,0,0,0,0,0,0,0,0,0,0,0,0.54040309026387,0.54040309026387,0.54040309026387,0,0,0,0,0.54040309026387,0,0.54040309026387,1.62120927079161,0,1.08080618052774,0,0.54040309026387,0,0,0,0,0.54040309026387,0,0,0,0.54040309026387,0,0,0,0,0,0,0,1.08080618052774,0,0.54040309026387,0.54040309026387,1.62120927079161,0.54040309026387,0,0,0,0,0,1.08080618052774,1.08080618052774
"international",0,0,0,0,0,0,0,0,0,0,0,0,0,0,0,0.594760752586463,0.594760752586463,0,0,0,0,0,0.594760752586463,0,0,0.594760752586463,0,1.18952150517293,1.18952150517293,0,3.56856451551878,0,0,2.37904301034585,2.37904301034585,1.18952150517293,1.18952150517293,0,0,0,2.97380376293231,0,1.18952150517293,0,0,0,0,0.594760752586463,0,0,0,0.594760752586463,0,0,0,0,0,0,0
"everyone",0,0,0,0,0,0,0,0,0,0,0,0,0,0,0,0.992700761258501,0,0,0,0,0,0,0,0,0,0,0,0,0,0,0.992700761258501,0,0,0,0,0,0,0,0,0,0,0,0,0,0,0.992700761258501,0,0,0,0,0,0,0.992700761258501,2.9781022837755,0,0,0,3.970803045034,0
"truly",0,0,0,0,0,0,0,0,0,0,0,0,0,0,0,0.816609502202819,0.816609502202819,0,0,0,0,0,0,0,0,0.816609502202819,0,0,0,0,0,0,0,0,0,0,0,0,0,0,0,0,0,1.63321900440564,0,2.44982850660846,0,0.816609502202819,0,0,0.816609502202819,0,0,0,0,0,0.816609502202819,0.816609502202819,0
"nation's",0,0,0,0,0,0,0,0,0,0,0,0,0,0,0,0,1.24944795192781,0,0,0.624723975963906,0,0,0,0,0,1.24944795192781,0.624723975963906,0,0,0,0,0,0,0,0,0,0,0,0.624723975963906,0,0,0.624723975963906,0,0,0.624723975963906,0.624723975963906,1.87417192789172,1.87417192789172,0,0,0,0,0,1.87417192789172,0.624723975963906,0,0,1.24944795192781,1.24944795192781
"mission",0,0,0,0,0,0,0,0,0,0,0,0,0,0,0,0,0.816609502202819,0,0,0,0,0,0,0,0.816609502202819,0,0.816609502202819,0,0.816609502202819,0,0,0,0,0,0,0,0,0,0,0,0,0,0,0,0.816609502202819,0,0.816609502202819,0,0,0,0,1.63321900440564,1.63321900440564,0,0.816609502202819,0,0,0,0
"solution",0,0,0,0,0,0,0,0,0,0,0,0,0,0,0,0,0.770852011642144,0,0.770852011642144,0,0,0,0,0.770852011642144,0,0,0,0,0.770852011642144,0,0.770852011642144,0,0,0,0,0,0,1.54170402328429,0,0,0,0,0,0,0,0,0.770852011642144,0,1.54170402328429,0,0.770852011642144,0,1.54170402328429,0,0,0,0,0,0
"problem",0,0,0,0,0,0,0,0,0,0,0,0,0,0,0,0,0.428429330819938,0,0,0,0,0,0.428429330819938,0,0,0,0,0.428429330819938,0.856858661639876,2.14214665409969,0.428429330819938,0,0.428429330819938,0.428429330819938,1.28528799245981,1.71371732327975,1.28528799245981,1.71371732327975,0,0,0.428429330819938,0.856858661639876,0,0.856858661639876,0,0,0.428429330819938,0.428429330819938,1.28528799245981,0.428429330819938,0.856858661639876,0,1.71371732327975,0.856858661639876,0,0,0,0,0
"base",0,0,0,0,0,0,0,0,0,0,0,0,0,0,0,0,0.691670765594519,0,0,0,0,0,0,0,0,0,0,0,0,0,1.38334153118904,0.691670765594519,0,0,0.691670765594519,1.38334153118904,0,0,0,0.691670765594519,2.76668306237808,0,0,0,0,0,0.691670765594519,0.691670765594519,0,0,0.691670765594519,0,0,0,0.691670765594519,0.691670765594519,0,0,0
"star",0,0,0,0,0,0,0,0,0,0,0,0,0,0,0,0,2.44982850660846,0,0,0,0,0.816609502202819,0,0,0,0,0,0,0,0,0,0,0,0,0.816609502202819,0,0,0,0,0,0,0,0,0.816609502202819,0.816609502202819,0.816609502202819,0,0,0.816609502202819,0,0.816609502202819,0,0,0,0,0,0.816609502202819,0,0
"expansion",0,0,0,0,0,0,0,0,0,0,0,0,0,0,0,0,0.816609502202819,0,0,0,0,0,0,0,0,0,0.816609502202819,0,0,0,0.816609502202819,0,0,0.816609502202819,0,2.44982850660846,0.816609502202819,0,0,0,0.816609502202819,0,0,0,0,0,0,0,0,0.816609502202819,0,0,0,0,0.816609502202819,0,0,0,0
"challenge",0,0,0,0,0,0,0,0,0,0,0,0,0,0,0,0,0.515579506538838,0,0,0,0,0,0,0,0,0,0.515579506538838,0,0,0,0,0,0,0.515579506538838,0,0,0,1.03115901307768,0,0,0.515579506538838,1.03115901307768,0,0.515579506538838,0,0,2.57789753269419,0,0,1.03115901307768,1.54673851961651,3.09347703923303,2.57789753269419,1.03115901307768,0.515579506538838,1.03115901307768,0.515579506538838,1.03115901307768,3.09347703923303
"citizenship",0,0,0,0,0,0,0,0,0,0,0,0,0,0,0,0,0.594760752586463,0,0,0,0.594760752586463,0.594760752586463,0.594760752586463,1.18952150517293,1.18952150517293,2.97380376293231,1.78428225775939,1.18952150517293,0,0,0,0,0,2.97380376293231,0.594760752586463,0.594760752586463,0,0,0,0,0,0,0,0,0,0,0,0,0,0,0,0,1.18952150517293,0.594760752586463,0,0.594760752586463,0,0,0
"fundamental",0,0,0,0,0,0,0,0,0,0,0,0,0,0,0,0,0.770852011642144,0,0.770852011642144,0.770852011642144,0,0,0,0,0,0,0,0,2.31255603492643,0,0.770852011642144,0.770852011642144,0,0.770852011642144,2.31255603492643,0.770852011642144,0,0,0,0,0,0,0,0,0,0,0,0,0,0.770852011642144,0,0,0,0,0,0,0,0,0
"partisan",0,0,0,0,0,0,0,0,0,0,0,0,0,0,0,0,0.867762024650201,0,0,0,0,0,2.6032860739506,0,4.338810123251,0.867762024650201,0.867762024650201,1.7355240493004,0,0,0,0.867762024650201,0,0,0,0,0,0,0,0,0,0,0,0,0,0,0,0,0,0,0.867762024650201,0,0,0,0,0,0,0,0
"deal",0,0,0,0,0,0,0,0,0,0,0,0,0,0,0,0,0.691670765594519,0,0,0,2.07501229678356,0,0.691670765594519,0,0,0,0.691670765594519,0,0.691670765594519,0,0,0.691670765594519,0.691670765594519,0,1.38334153118904,1.38334153118904,0,0.691670765594519,0,0,0,0,0,0,0,0,0,0,0,0,0,0,0,0.691670765594519,0,0,0,0,0.691670765594519
"court",0,0,0,0,0,0,0,0,0,0,0,0,0,0,0,0,0,0.729459326483919,2.18837797945176,0,0,0,0,0.729459326483919,0,2.18837797945176,0.729459326483919,1.45891865296784,0,0,5.10621528538743,0,0,0.729459326483919,1.45891865296784,2.18837797945176,0.729459326483919,0,0,0,0,0,0,0,0,0,0,0,0,0,0,0,0,0,0,0,0,0,0
"grave",0,0,0,0,0,0,0,0,0,0,0,0,0,0,0,0,0,0.816609502202819,2.44982850660846,0,0,0,2.44982850660846,1.63321900440564,0,0.816609502202819,0,1.63321900440564,0,0,0,0,0,0,0,0,0,0,0,0,0.816609502202819,0,0,0.816609502202819,0,0,0,0,0,0,0,0,0,0,0,0,0,0,0.816609502202819
"across",0,0,0,0,0,0,0,0,0,0,0,0,0,0,0,0,0,0.56673202898622,0,0,0,0,0,1.13346405797244,0,0,0,0,0,0,0,0.56673202898622,0,0,0.56673202898622,0,0,0,0.56673202898622,0,0,0,1.70019608695866,0.56673202898622,0,0.56673202898622,0,0,0.56673202898622,0,0,2.26692811594488,1.13346405797244,0.56673202898622,0.56673202898622,1.70019608695866,0,2.8336601449311,0.56673202898622
"enforcement",0,0,0,0,0,0,0,0,0,0,0,0,0,0,0,0,0,0,0.992700761258501,0,0.992700761258501,0,0,0,0,0,0,2.9781022837755,0,0,2.9781022837755,0,0,0,0,9.92700761258501,0,0,0,0,0,0,0,0,0,0,0,0,0,0,0,0,0,0,0,0,0,0.992700761258501,0
"build",0,0,0,0,0,0,0,0,0,0,0,0,0,0,0,0,0,0,0.372912002970107,0,0,0,0.372912002970107,0,0,0,0,0,0,0,0.745824005940213,0.745824005940213,0.372912002970107,0,0.372912002970107,1.49164801188043,0.372912002970107,0,1.11873600891032,0.372912002970107,0.372912002970107,0,1.49164801188043,0,0.372912002970107,0.745824005940213,2.23747201782064,1.11873600891032,0,0.745824005940213,0,0.372912002970107,2.61038402079075,1.11873600891032,0.745824005940213,0.745824005940213,1.11873600891032,0.372912002970107,0.372912002970107
"fit",0,0,0,0,0,0,0,0,0,0,0,0,0,0,0,0,0,0,0,0.816609502202819,0,0,0.816609502202819,0.816609502202819,0,0,0.816609502202819,0,0,0,0,0,0,1.63321900440564,0,0,0.816609502202819,0,0,0,1.63321900440564,0,0,0,0,0,0,0,0.816609502202819,0,0,0,0,0,0.816609502202819,0,0,0,0
"god's",0,0,0,0,0,0,0,0,0,0,0,0,0,0,0,0,0,0,0,0.624723975963906,0,0,0,0,0,0,0,0,0,0,0,0.624723975963906,0.624723975963906,1.24944795192781,0,0,0,0,0,0,0.624723975963906,0.624723975963906,0,0.624723975963906,0,0.624723975963906,0.624723975963906,0,0.624723975963906,0,0.624723975963906,0.624723975963906,0,0,0,0.624723975963906,0,0.624723975963906,0
"hundred",0,0,0,0,0,0,0,0,0,0,0,0,0,0,0,0,0,0,0,0.770852011642144,0,0,0,1.54170402328429,0,0.770852011642144,0,0.770852011642144,0,0,0,0,0,0.770852011642144,0.770852011642144,0,0,1.54170402328429,0,0,0.770852011642144,0,0,0,0,0,0,0,0.770852011642144,0,0,0,0,0,0,0,0,0,0.770852011642144
"strive",0,0,0,0,0,0,0,0,0,0,0,0,0,0,0,0,0,0,0,0.56673202898622,0,0,0.56673202898622,0,0,0,0.56673202898622,0,0,0,0,0,0,1.13346405797244,0,0,0,0,0.56673202898622,1.13346405797244,0,2.26692811594488,2.8336601449311,0,0,0.56673202898622,0.56673202898622,0,0.56673202898622,1.13346405797244,0,0,0.56673202898622,0,0.56673202898622,0,0.56673202898622,0.56673202898622,0
"method",0,0,0,0,0,0,0,0,0,0,0,0,0,0,0,0,0,0,0,0,1.31381731867061,1.31381731867061,0,0,0.656908659335307,5.91217793401777,0.656908659335307,1.31381731867061,1.31381731867061,0,2.62763463734123,0,0,0.656908659335307,3.28454329667654,1.31381731867061,0,1.31381731867061,0,0,0,0.656908659335307,0,0,0,0,0,0,0,0,0,0,0,0,0,0,0,0,0
"poverty",0,0,0,0,0,0,0,0,0,0,0,0,0,0,0,0,0,0,0,0,0.624723975963906,0,0,0,0,0,0,0,0,0,0,0,0,0.624723975963906,0,1.87417192789172,0,0.624723975963906,0.624723975963906,0,1.24944795192781,0,0.624723975963906,1.87417192789172,0.624723975963906,0,0,0.624723975963906,0,1.24944795192781,0,0,0,1.24944795192781,0,0,1.24944795192781,0.624723975963906,0
"industrial",0,0,0,0,0,0,0,0,0,0,0,0,0,0,0,0,0,0,0,0,0,0.624723975963906,0,0.624723975963906,0,0,0,0.624723975963906,0,1.24944795192781,3.74834385578344,1.87417192789172,1.87417192789172,3.12361987981953,0.624723975963906,0,1.24944795192781,0,0,0,1.87417192789172,0,0,0,0,0,0,0,0.624723975963906,0.624723975963906,0,0,1.24944795192781,0,0,0,0,0,0
"white",0,0,0,0,0,0,0,0,0,0,0,0,0,0,0,0,0,0,0,0,0,0,0.867762024650201,0,0,0,0,0,0,0,4.338810123251,0,0,0,0,0,0,0,0,0,0,0,0,0,0,1.7355240493004,0,0,0.867762024650201,0.867762024650201,0.867762024650201,0,0,0,0,0,0,0.867762024650201,0.867762024650201
"arbitration",0,0,0,0,0,0,0,0,0,0,0,0,0,0,0,0,0,0,0,0,0,0,1.7355240493004,0,0,0.867762024650201,0,1.7355240493004,0.867762024650201,0,1.7355240493004,0,0,0.867762024650201,0.867762024650201,0.867762024650201,0,0,0,0,0,0,0,0,0,0,0,0,0,0,0,0,0,0,0,0,0,0,0
"count",0,0,0,0,0,0,0,0,0,0,0,0,0,0,0,0,0,0,0,0,0,0,0.770852011642144,0.770852011642144,0,0.770852011642144,0,0,0,0.770852011642144,1.54170402328429,0.770852011642144,0.770852011642144,1.54170402328429,0,0,0,0,0.770852011642144,0,0,0.770852011642144,0,0,0,0,0,0,0,0,0,0,0,0,0,0,0,0,0
"senator",0,0,0,0,0,0,0,0,0,0,0,0,0,0,0,0,0,0,0,0,0,0,0.992700761258501,0,0,0,0,0,0,0,0,0,0,0,0,0,0,0,0,0,0,0,0,0,0,0.992700761258501,0.992700761258501,0,1.985401522517,3.970803045034,1.985401522517,0,0,0,0,0,0,0,0
"area",0,0,0,0,0,0,0,0,0,0,0,0,0,0,0,0,0,0,0,0,0,0,0,0.925753971627887,0,0,0,0,0,0,0,0,0,0,0,0,0,0,0,0,4.62876985813944,0.925753971627887,0,0.925753971627887,0,0.925753971627887,0,0,0,1.85150794325577,0.925753971627887,0,0,0,0,0,0,0,0
"negro",0,0,0,0,0,0,0,0,0,0,0,0,0,0,0,0,0,0,0,0,0,0,0,7.34911007989082,0,0,0,0,0,0,19.1076862077161,0,0,0,0,0,0,0,0,0,0,0,0,0,0,0,0,0,0,0,0,0,0,0,0,0,0,0,0
"vice",0,0,0,0,0,0,0,0,0,0,0,0,0,0,0,0,0,0,0,0,0,0,0,1.24944795192781,0,0,0,0,0,0,0,0,0,0,0,0,0,0,0,0.624723975963906,0.624723975963906,0,0.624723975963906,1.24944795192781,0,1.24944795192781,0.624723975963906,0,1.24944795192781,0.624723975963906,0.624723975963906,0,0,0.624723975963906,0.624723975963906,0,0.624723975963906,0,1.87417192789172
"farm",0,0,0,0,0,0,0,0,0,0,0,0,0,0,0,0,0,0,0,0,0,0,0,0.770852011642144,0.770852011642144,0,0,1.54170402328429,0,0,1.54170402328429,0.770852011642144,0,0,0,0,0.770852011642144,1.54170402328429,0,0,0,2.31255603492643,0,0,0,0,0,0,0,0,0,0,0.770852011642144,0,0,0.770852011642144,0,0,0
"anew",0,0,0,0,0,0,0,0,0,0,0,0,0,0,0,0,0,0,0,0,0,0,0,0,0.816609502202819,0,0,0,0,0,0,0,0,0,0,0,0,0,0.816609502202819,0,0,0.816609502202819,0,1.63321900440564,0,0,0,0,0,0.816609502202819,0,0.816609502202819,0,0,1.63321900440564,0,0.816609502202819,0,0.816609502202819
"today",0,0,0,0,0,0,0,0,0,0,0,0,0,0,0,0,0,0,0,0,0,0,0,0,0.616908027486376,0,0,0.308454013743188,0,0.308454013743188,0.308454013743188,0.308454013743188,0,2.15917809620232,0,0.616908027486376,0.616908027486376,1.23381605497275,0,1.23381605497275,0.616908027486376,0.308454013743188,0.616908027486376,0.925362041229564,0.616908027486376,1.54227006871594,1.54227006871594,0.308454013743188,1.54227006871594,1.54227006871594,2.15917809620232,3.08454013743188,1.54227006871594,0.616908027486376,0.925362041229564,1.85072408245913,1.23381605497275,1.23381605497275,2.4676321099455
"help",0,0,0,0,0,0,0,0,0,0,0,0,0,0,0,0,0,0,0,0,0,0,0,0,0,0.856858661639876,0,0,0.428429330819938,0,0,0.428429330819938,0,0,1.28528799245981,0.428429330819938,2.99900531573957,0.856858661639876,0,0,2.99900531573957,1.71371732327975,3.4274346465595,1.71371732327975,0.428429330819938,1.71371732327975,2.57057598491963,0.856858661639876,1.28528799245981,2.14214665409969,2.14214665409969,0.856858661639876,0.428429330819938,0,1.28528799245981,0.856858661639876,0,0,0
"ideal",0,0,0,0,0,0,0,0,0,0,0,0,0,0,0,0,0,0,0,0,0,0,0,0,0,1.78428225775939,0,0,0,0.594760752586463,0,0.594760752586463,0,2.37904301034585,1.18952150517293,4.7580860206917,0,1.78428225775939,1.18952150517293,0,0,0,0,0,0,0,0.594760752586463,0,0,0,0,1.18952150517293,0,2.97380376293231,3.56856451551878,1.78428225775939,0.594760752586463,0,0.594760752586463
"hard",0,0,0,0,0,0,0,0,0,0,0,0,0,0,0,0,0,0,0,0,0,0,0,0,0,0.624723975963906,0,0,0.624723975963906,0,0.624723975963906,0,0.624723975963906,0,0.624723975963906,0,0,0,0,0,0,0,0.624723975963906,0.624723975963906,0,0,0,0,0,1.24944795192781,1.87417192789172,1.24944795192781,0,0,1.24944795192781,1.87417192789172,1.87417192789172,0,0.624723975963906
"factory",0,0,0,0,0,0,0,0,0,0,0,0,0,0,0,0,0,0,0,0,0,0,0,0,0,0.770852011642144,0,0.770852011642144,0,0,0.770852011642144,0.770852011642144,0,0,0,0,0,0.770852011642144,0,0,0,2.31255603492643,0,0,0,0,0,0,1.54170402328429,0,0,0,0.770852011642144,0,0,0.770852011642144,0,2.31255603492643,0
"threat",0,0,0,0,0,0,0,0,0,0,0,0,0,0,0,0,0,0,0,0,0,0,0,0,0,0.729459326483919,0,0,0,0,0,0,0,0,0.729459326483919,0,0,0,0,0,1.45891865296784,0.729459326483919,0.729459326483919,0,0,0,0,0.729459326483919,0,1.45891865296784,0,0,0.729459326483919,0,1.45891865296784,1.45891865296784,0.729459326483919,0,0
"welcome",0,0,0,0,0,0,0,0,0,0,0,0,0,0,0,0,0,0,0,0,0,0,0,0,0,0.729459326483919,0,0,0.729459326483919,0,0,0,0,0,0.729459326483919,0,0,0,0,0,0.729459326483919,0,1.45891865296784,1.45891865296784,0.729459326483919,0.729459326483919,0,0,0,0.729459326483919,0,0,0,0,0.729459326483919,0,0.729459326483919,0,0
"die",0,0,0,0,0,0,0,0,0,0,0,0,0,0,0,0,0,0,0,0,0,0,0,0,0,0.770852011642144,0,0,0,0,0.770852011642144,0,0,0,0,0.770852011642144,0,0,0.770852011642144,0,0,0.770852011642144,0,0,0.770852011642144,0,0,0,0,1.54170402328429,0,0,0,0,0.770852011642144,0.770852011642144,0,0,0.770852011642144
"unity",0,0,0,0,0,0,0,0,0,0,0,0,0,0,0,0,0,0,0,0,0,0,0,0,0,0.492098410689315,0,0.492098410689315,0,0,0,0,0.98419682137863,0.492098410689315,0.492098410689315,0,0.98419682137863,0,0,0,0,1.47629523206795,0.98419682137863,0,0.98419682137863,0.98419682137863,0,0.98419682137863,0,0.492098410689315,1.47629523206795,0.492098410689315,0,0.492098410689315,0.98419682137863,0.492098410689315,0,0.492098410689315,3.93678728551452
"confront",0,0,0,0,0,0,0,0,0,0,0,0,0,0,0,0,0,0,0,0,0,0,0,0,0,0,1.63321900440564,0,0.816609502202819,0,0,0,0,0.816609502202819,0,0,0.816609502202819,0,0,0,0.816609502202819,0,0,0,0,0,0,0,2.44982850660846,0,0,0,0,1.63321900440564,0,0,0,0.816609502202819,0.816609502202819
"leadership",0,0,0,0,0,0,0,0,0,0,0,0,0,0,0,0,0,0,0,0,0,0,0,0,0,0,0,0.816609502202819,0,0,0,0,0,0.816609502202819,0.816609502202819,4.0830475110141,5.71626651541973,0.816609502202819,0,0,0.816609502202819,1.63321900440564,0,0,0,0,0,0,0,0,1.63321900440564,0,0,0,0,0,0,0,0
"economic",0,0,0,0,0,0,0,0,0,0,0,0,0,0,0,0,0,0,0,0,0,0,0,0,0,0,0,0.56673202898622,0,0,1.70019608695866,0.56673202898622,0.56673202898622,2.8336601449311,1.70019608695866,3.40039217391732,0.56673202898622,2.8336601449311,0,0,3.40039217391732,2.26692811594488,0.56673202898622,0,0,0,0,0,2.26692811594488,2.26692811594488,0,0,0,0,0.56673202898622,0,1.13346405797244,0,0
"politic",0,0,0,0,0,0,0,0,0,0,0,0,0,0,0,0,0,0,0,0,0,0,0,0,0,0,0,0.770852011642144,0,0,0,1.54170402328429,2.31255603492643,0,0,0,0,0,0,0,0,0,0,0,0,0,0,0,0,0,0,0.770852011642144,1.54170402328429,0.770852011642144,0,0.770852011642144,0.770852011642144,0.770852011642144,1.54170402328429
"dark",0,0,0,0,0,0,0,0,0,0,0,0,0,0,0,0,0,0,0,0,0,0,0,0,0,0,0,0,0.691670765594519,0,0,0,0.691670765594519,0,0,0,2.07501229678356,0,0,0,0,0.691670765594519,0.691670765594519,0.691670765594519,0,0.691670765594519,0,0,0,0.691670765594519,0,0,0.691670765594519,0,1.38334153118904,1.38334153118904,0,0,0.691670765594519
"play",0,0,0,0,0,0,0,0,0,0,0,0,0,0,0,0,0,0,0,0,0,0,0,0,0,0,0,0,0,0,0.729459326483919,0.729459326483919,0.729459326483919,0,0,0,0,0,0,0,0,0.729459326483919,0,0,0,0,1.45891865296784,0,0.729459326483919,0.729459326483919,0,0.729459326483919,0.729459326483919,0,0,1.45891865296784,0.729459326483919,0,0
"tyranny",0,0,0,0,0,0,0,0,0,0,0,0,0,0,0,0,0,0,0,0,0,0,0,0,0,0,0,0,0,0,0.867762024650201,0,0,0,0,0,0,0,0.867762024650201,0,0.867762024650201,0,0,1.7355240493004,0.867762024650201,0,0,0,0,0,0,0,0.867762024650201,0,4.338810123251,0,0.867762024650201,0,0
"group",0,0,0,0,0,0,0,0,0,0,0,0,0,0,0,0,0,0,0,0,0,0,0,0,0,0,0,0,0,0,0,0.867762024650201,0,0.867762024650201,0,2.6032860739506,0,0.867762024650201,0,0,0,0,0,0.867762024650201,0,0,0,0,3.4710480986008,0.867762024650201,0,0,0,0,0,0,0,0.867762024650201,0
"woman",0,0,0,0,0,0,0,0,0,0,0,0,0,0,0,0,0,0,0,0,0,0,0,0,0,0,0,0,0,0,0,2.16161236105548,0,0.54040309026387,0.54040309026387,1.08080618052774,0,1.62120927079161,0.54040309026387,0.54040309026387,0,0,0,0,0,0,0,0,1.08080618052774,1.08080618052774,2.16161236105548,0.54040309026387,0.54040309026387,0,1.62120927079161,2.70201545131935,1.08080618052774,1.08080618052774,1.08080618052774
"storm",0,0,0,0,0,0,0,0,0,0,0,0,0,0,0,0,0,0,0,0,0,0,0,0,0,0,0,0,0,0,0,0.925753971627887,0,0.925753971627887,0,0,0,0,0,0,0,0,0,0,0,0,0,0,0,0.925753971627887,0,0,0,1.85150794325577,0,2.77726191488366,1.85150794325577,0,0.925753971627887
"vision",0,0,0,0,0,0,0,0,0,0,0,0,0,0,0,0,0,0,0,0,0,0,0,0,0,0,0,0,0,0,0,1.87417192789172,0.624723975963906,0.624723975963906,0,0.624723975963906,1.24944795192781,1.24944795192781,0,0.624723975963906,0,1.24944795192781,0,0,0,0,0,0,0,0.624723975963906,0,1.24944795192781,1.24944795192781,0,0.624723975963906,0.624723975963906,0,0.624723975963906,0
"commitment",0,0,0,0,0,0,0,0,0,0,0,0,0,0,0,0,0,0,0,0,0,0,0,0,0,0,0,0,0,0,0,0,0,2.44982850660846,0,0,0,0,0,0,0,0,0,0,0,0.816609502202819,1.63321900440564,1.63321900440564,0.816609502202819,0,0.816609502202819,0,0,4.0830475110141,0.816609502202819,0,0.816609502202819,0,0
"relationship",0,0,0,0,0,0,0,0,0,0,0,0,0,0,0,0,0,0,0,0,0,0,0,0,0,0,0,0,0,0,0,0,0,7.50317405114288,1.07188200730613,0,0,1.07188200730613,0,0,0,0,0,0,0,0,1.07188200730613,0,0,0,1.07188200730613,0,0,0,0,0,0,0,0
"hatred",0,0,0,0,0,0,0,0,0,0,0,0,0,0,0,0,0,0,0,0,0,0,0,0,0,0,0,0,0,0,0,0,0,0.867762024650201,0,0,0,0,0,0,0,0,0,0,1.7355240493004,1.7355240493004,0,0,0,0.867762024650201,0,0.867762024650201,0,0,1.7355240493004,1.7355240493004,0,0,0.867762024650201
"program",0,0,0,0,0,0,0,0,0,0,0,0,0,0,0,0,0,0,0,0,0,0,0,0,0,0,0,0,0,0,0,0,0,0.770852011642144,0.770852011642144,0,0.770852011642144,0,0,0,6.16681609313715,0,0,0,0,0.770852011642144,0,0,0,2.31255603492643,0.770852011642144,0,0,0.770852011642144,0,0.770852011642144,0.770852011642144,0,0
"era",0,0,0,0,0,0,0,0,0,0,0,0,0,0,0,0,0,0,0,0,0,0,0,0,0,0,0,0,0,0,0,0,0,2.76668306237808,0.691670765594519,0.691670765594519,0,1.38334153118904,0,0,0,0,0,0,0,0.691670765594519,3.4583538279726,0,0.691670765594519,0,0.691670765594519,0.691670765594519,0.691670765594519,0,0,1.38334153118904,0,0,0.691670765594519
"goal",0,0,0,0,0,0,0,0,0,0,0,0,0,0,0,0,0,0,0,0,0,0,0,0,0,0,0,0,0,0,0,0,0,0.770852011642144,0,0,0,0.770852011642144,0,0,0,0.770852011642144,0,0,0.770852011642144,3.08340804656858,0,1.54170402328429,1.54170402328429,1.54170402328429,0,0,0,0.770852011642144,2.31255603492643,0,0,0,0
"recovery",0,0,0,0,0,0,0,0,0,0,0,0,0,0,0,0,0,0,0,0,0,0,0,0,0,0,0,0,0,0,0,0,0,0,0,2.33758404062836,3.50637606094255,0,0,0,5.84396010157091,0,0,0,0,0,0,0,0,0,0,0,0,0,0,0,1.16879202031418,0,0
"big",0,0,0,0,0,0,0,0,0,0,0,0,0,0,0,0,0,0,0,0,0,0,0,0,0,0,0,0,0,0,0,0,0,0,0,1.07188200730613,0,0,0,0,0,0,0,0,0,0,0,0,0,0,3.21564602191838,0,2.14376401461225,0,0,3.21564602191838,0,2.14376401461225,0
"journey",0,0,0,0,0,0,0,0,0,0,0,0,0,0,0,0,0,0,0,0,0,0,0,0,0,0,0,0,0,0,0,0,0,0,0,0.867762024650201,0,0,0,0,0,0,0,0,0.867762024650201,0,0,0,0,3.4710480986008,0,1.7355240493004,3.4710480986008,0,0.867762024650201,2.6032860739506,5.2065721479012,0,0
"job",0,0,0,0,0,0,0,0,0,0,0,0,0,0,0,0,0,0,0,0,0,0,0,0,0,0,0,0,0,0,0,0,0,0,0,0,0,0.816609502202819,0,0,0,0,0,0,0,0,0,0,1.63321900440564,0,0.816609502202819,0.816609502202819,0.816609502202819,0,0,3.26643800881128,2.44982850660846,4.0830475110141,2.44982850660846
"story",0,0,0,0,0,0,0,0,0,0,0,0,0,0,0,0,0,0,0,0,0,0,0,0,0,0,0,0,0,0,0,0,0,0,0,0,0,0,0.992700761258501,0,0,0,0.992700761258501,0,0,0,0,0,0,0.992700761258501,1.985401522517,0,0,8.9343068513265,0,0,0,0,8.9343068513265
"america's",0,0,0,0,0,0,0,0,0,0,0,0,0,0,0,0,0,0,0,0,0,0,0,0,0,0,0,0,0,0,0,0,0,0,0,0,0,0,0,0.691670765594519,0,0,0.691670765594519,0,0,0.691670765594519,5.53336612475615,0,0,0,0,2.76668306237808,2.76668306237808,2.07501229678356,5.53336612475615,1.38334153118904,1.38334153118904,0.691670765594519,1.38334153118904
"communism",0,0,0,0,0,0,0,0,0,0,0,0,0,0,0,0,0,0,0,0,0,0,0,0,0,0,0,0,0,0,0,0,0,0,0,0,0,0,0,0,5.956204567551,0,1.985401522517,0,0,0,0,0,0,0,0,0.992700761258501,0,0,0.992700761258501,0.992700761258501,0.992700761258501,0,0
"weapon",0,0,0,0,0,0,0,0,0,0,0,0,0,0,0,0,0,0,0,0,0,0,0,0,0,0,0,0,0,0,0,0,0,0,0,0,0,0,0,0,0.816609502202819,0,0.816609502202819,0.816609502202819,1.63321900440564,0,0,1.63321900440564,2.44982850660846,4.89965701321692,0,0,0.816609502202819,0.816609502202819,0,0,0,0,0
"heal",0,0,0,0,0,0,0,0,0,0,0,0,0,0,0,0,0,0,0,0,0,0,0,0,0,0,0,0,0,0,0,0,0,0,0,0,0,0,0,0,0,0.770852011642144,0.770852011642144,0,0.770852011642144,0.770852011642144,0,0.770852011642144,1.54170402328429,0.770852011642144,0,0,0,0,1.54170402328429,0,0,0.770852011642144,2.31255603492643
"role",0,0,0,0,0,0,0,0,0,0,0,0,0,0,0,0,0,0,0,0,0,0,0,0,0,0,0,0,0,0,0,0,0,0,0,0,0,0,0,0,0,0.867762024650201,0.867762024650201,0.867762024650201,0,0,6.0743341725514,0,0,0,0,0,0.867762024650201,0,0,0.867762024650201,0.867762024650201,0,0.867762024650201
"yes",0,0,0,0,0,0,0,0,0,0,0,0,0,0,0,0,0,0,0,0,0,0,0,0,0,0,0,0,0,0,0,0,0,0,0,0,0,0,0,0,0,0,0,0,0,0,0,0,0.867762024650201,1.7355240493004,1.7355240493004,0.867762024650201,3.4710480986008,0,0,0.867762024650201,0,0.867762024650201,0.867762024650201
